row_id,Area,Frontage,Access Road,House direction,Balcony direction,Floors,Bedrooms,Bathrooms,Legal status,Furniture state,Price,City,District
20466,15.0,3.0,5.0,,,3.0,2.0,,Have certificate,Full,2.75,Hồ Chí Minh,Tân Bình
8219,28.0,4.0,5.0,,,5.0,3.0,3.0,Have certificate,Full,6.4,Hà Nội,Đống Đa
2103,89.0,5.0,34.0,Đông - Nam,Đông - Nam,4.0,4.0,4.0,Have certificate,,6.65,Thanh Hóa.,Thanh Hóa
2415,60.0,6.0,8.0,Tây,,2.0,3.0,2.0,Have certificate,,3.1,Bình Dương,Dĩ An
15223,33.0,4.2,3.5,,,5.0,3.0,4.0,Have certificate,,5.3,Hà Nội,Long Biên
22413,72.9,5.0,9.0,,,,,,Have certificate,Basic,3.5,Khánh Hòa,Nha Trang
13932,100.0,5.0,7.5,Tây - Bắc,Tây - Bắc,2.0,3.0,2.0,Have certificate,Full,4.29,Đà Nẵng,Cẩm Lệ
6782,35.0,4.0,4.0,,,5.0,3.0,4.0,,Full,5.5,Hà Nội,Bắc Từ Liêm
13152,47.0,4.5,10.0,Đông - Bắc,Đông - Bắc,3.0,4.0,4.0,Have certificate,,3.95,Hà Nội,Long Biên
3499,30.0,6.0,6.0,,,5.0,4.0,4.0,Have certificate,Full,6.5,Hồ Chí Minh,Bình Thạnh
9999,26.0,4.0,5.0,,,5.0,3.0,4.0,,Full,7.98,Hà Nội,Ba Đình
2775,100.0,5.0,7.0,,,2.0,3.0,2.0,Have certificate,Full,4.8,Bình Dương,Dĩ An
24820,46.0,3.8,3.0,,,5.0,6.0,4.0,Have certificate,Full,4.28,Hà Nội,Bắc Từ Liêm
2689,46.0,4.0,3.0,,,4.0,4.0,4.0,Have certificate,Full,7.6,Hà Nội,Thanh Xuân
1010,57.0,4.0,10.0,Tây - Nam,,4.0,,,Have certificate,,6.0,Hải Phòng,Hồng Bàng
25879,48.0,4.15,6.0,Đông - Bắc,Đông - Bắc,4.0,3.0,3.0,Have certificate,Basic,3.99,Hải Phòng,Hải An
10199,120.0,5.0,7.5,,,2.0,3.0,3.0,Have certificate,Full,4.55,Đà Nẵng,Cẩm Lệ
11358,120.0,5.0,8.0,,,1.0,3.0,2.0,Have certificate,,4.75,Bình Dương,Thủ Dầu Một
17067,45.0,4.0,3.0,,,4.0,4.0,4.0,Have certificate,,6.5,Hà Nội,Thanh Xuân
27465,72.0,4.0,10.0,,,5.0,4.0,,,,5.5,Hồ Chí Minh,Bình Tân
29302,64.0,4.0,6.0,,,4.0,6.0,7.0,Have certificate,,6.2,Hồ Chí Minh,Tân Bình
27935,75.0,5.0,5.0,,,2.0,7.0,5.0,Have certificate,Full,5.3,Hồ Chí Minh,Quận 7
6501,79.0,5.5,8.0,Tây - Bắc,Tây - Bắc,3.0,4.0,3.0,Have certificate,,7.8,Hồ Chí Minh,Tân Bình
19194,135.0,6.25,5.0,,,2.0,3.0,2.0,,,3.0,Đồng Nai,Long Thành
18861,72.0,4.0,6.0,,,,3.0,,Have certificate,,3.0,Bình Dương,Dĩ An
23270,50.0,4.1,5.0,,,2.0,2.0,2.0,Have certificate,Basic,6.2,Hồ Chí Minh,Gò Vấp
1649,39.0,4.2,3.0,,,5.0,5.0,3.0,Have certificate,,7.4,Hà Nội,Tây Hồ
23052,41.0,4.0,3.5,,,4.0,,,Have certificate,Full,6.75,Hà Nội,Hai Bà Trưng
21322,34.0,3.8,3.0,,,5.0,,,,,6.05,Hà Nội,Thanh Xuân
26950,55.0,5.0,6.0,,,6.0,6.0,5.0,Have certificate,Full,6.6,Hồ Chí Minh,Tân Phú
10358,150.0,7.5,6.0,Tây - Bắc,,,1.0,1.0,Have certificate,Basic,6.2,Hồ Chí Minh.,Hóc Môn
7875,35.0,4.0,3.0,,,6.0,4.0,5.0,Have certificate,Full,7.1,Hà Nội,Cầu Giấy
16353,40.0,4.0,4.0,,,5.0,4.0,3.0,Have certificate,Full,7.79,Hà Nội,Hà Đông
24340,30.0,4.0,2.0,Nam,Nam,4.0,3.0,4.0,Have certificate,Full,4.14,Hà Nội,Hoàng Mai
26896,122.1,4.1,5.0,,,2.0,,,Have certificate,Basic,8.0,Hồ Chí Minh,Gò Vấp
30058,42.0,5.0,5.0,Tây - Bắc,Tây - Bắc,5.0,3.0,3.0,Have certificate,,4.0,Hà Nội,Long Biên
27651,124.0,5.2,7.0,,,,,,,,6.0,Đồng Nai.,Biên Hòa
13151,37.0,4.2,3.5,,,4.0,,,,,5.5,Hà Nội,Long Biên
12018,63.0,4.2,7.5,,,3.0,2.0,2.0,Have certificate,Basic,3.98,Đà Nẵng,Thanh Khê
25079,130.0,5.0,4.0,Đông,,,2.0,2.0,Have certificate,Basic,2.85,Hồ Chí Minh,Bình Chánh
26595,50.0,4.0,6.0,Tây,,2.0,2.0,2.0,,,3.85,Hồ Chí Minh,Bình Tân
9044,85.0,6.0,16.0,,,3.0,4.0,3.0,Have certificate,,2.7,Long An,Bến Lức
9430,51.0,5.0,6.0,,,2.0,4.0,3.0,Have certificate,Basic,4.19,Hồ Chí Minh,Nhà Bè
6555,76.0,4.6,9.0,,,2.0,,,,,2.9,Khánh Hòa,Nha Trang
3773,93.0,5.25,10.0,,,,,,Have certificate,,2.36,Ninh Thuận,Phan Rang - Tháp Chàm
10666,90.0,5.0,6.0,,,1.0,,,Have certificate,,7.8,Hồ Chí Minh,Tân Bình
5373,168.0,5.0,12.0,Tây - Bắc,,2.0,3.0,2.0,Have certificate,Basic,10.0,Bà Rịa Vũng Tàu,Vũng Tàu
13845,80.0,5.0,20.0,Tây,Tây,3.0,4.0,5.0,Have certificate,Basic,7.0,Hồ Chí Minh,Bình Chánh
20889,75.0,4.0,10.0,Đông - Bắc,,2.0,1.0,1.0,Have certificate,Full,9.0,Hồ Chí Minh,Quận 6
3966,45.0,4.0,3.2,,,5.0,4.0,4.0,Have certificate,Basic,4.82,Hà Nội,Thanh Trì
28558,35.0,4.0,4.0,,,5.0,4.0,4.0,Have certificate,Basic,5.4,Hà Nội,Hà Đông
14152,113.7,5.7,6.0,,,2.0,3.0,3.0,Have certificate,Full,6.3,Hồ Chí Minh,Thủ Đức
27753,71.0,4.5,13.0,,,3.0,4.0,4.0,Have certificate,Basic,4.8,Bình Dương,Dĩ An
20202,40.0,7.0,3.2,,,5.0,4.0,4.0,Have certificate,Full,5.98,Hà Nội,Thanh Trì
9758,45.0,8.0,3.0,,,4.0,3.0,3.0,Have certificate,Full,9.25,Hà Nội,Hai Bà Trưng
22016,60.0,4.2,5.0,,,2.0,3.0,2.0,,Full,4.9,Hồ Chí Minh,Bình Tân
10005,70.0,5.0,7.0,Đông,Đông,3.0,4.0,5.0,Have certificate,Full,6.49,Hồ Chí Minh,Quận 12
24712,35.0,39.0,25.0,,,5.0,4.0,4.0,Have certificate,Full,5.69,Hà Nội,Hai Bà Trưng
16889,89.0,4.5,4.0,Tây - Nam,Tây - Nam,2.0,3.0,3.0,Have certificate,Full,3.95,Bình Dương,Thủ Dầu Một
17623,25.0,4.0,3.0,,,4.0,2.0,3.0,Have certificate,Full,4.95,Hồ Chí Minh,Bình Thạnh
1261,40.0,4.0,6.0,Nam,Nam,4.0,3.0,3.0,Have certificate,Basic,3.95,Hải Phòng,Hải An
20215,30.0,4.0,3.5,,,5.0,3.0,,Have certificate,Full,3.9,Hà Nội,Hoàng Mai
27424,34.0,4.0,3.5,,,5.0,,,Have certificate,,5.6,Hà Nội,Hoàng Mai
20063,158.1,6.3,12.0,Đông - Bắc,,3.0,3.0,4.0,Sale contract,Basic,4.8,Đồng Nai,Nhơn Trạch
18373,46.0,3.5,5.0,,,2.0,2.0,2.0,,,6.5,Hồ Chí Minh,Bình Thạnh
11115,31.0,13.0,3.0,,,7.0,,,Have certificate,Full,9.7,Hà Nội,Ba Đình
19945,69.0,5.0,13.0,Đông,Đông,2.0,2.0,2.0,,Full,1.46,Bình Dương,Bến Cát
8712,80.0,5.0,9.0,Đông - Nam,,3.0,4.0,3.0,Have certificate,,3.0,Khánh Hòa,Nha Trang
5488,40.0,4.0,6.0,,,1.0,2.0,2.0,Have certificate,Full,2.4,Hồ Chí Minh,Bình Tân
4931,45.0,4.0,7.0,,,4.0,4.0,3.0,Have certificate,Full,6.1,Hà Nội,Hà Đông
13344,90.0,5.0,20.0,Nam,,,,,Sale contract,,7.0,Hồ Chí Minh,Quận 7
4604,80.0,4.0,8.0,,,3.0,3.0,3.0,,,8.4,Hồ Chí Minh,Quận 6
21454,70.4,4.1,6.0,,,5.0,4.0,5.0,Have certificate,Full,8.8,Hồ Chí Minh,Gò Vấp
20075,56.0,4.1,5.0,,,,,,Have certificate,,5.0,Hồ Chí Minh,Gò Vấp
26880,85.0,10.0,18.0,,,4.0,4.0,4.0,Have certificate,,5.0,Trà Vinh,Trà Vinh
29863,66.0,4.0,4.0,,,2.0,4.0,5.0,Have certificate,,8.3,Hồ Chí Minh,Phú Nhuận
23768,34.0,3.5,2.0,,,5.0,3.0,4.0,Have certificate,Full,5.35,Hà Nội,Đống Đa
23441,35.0,3.5,8.0,,,,1.0,1.0,Have certificate,,8.35,Hà Nội,Hà Đông
7802,52.0,4.1,5.0,,,5.0,4.0,5.0,Have certificate,,7.26,Hồ Chí Minh,Gò Vấp
27888,45.0,4.0,8.0,,,5.0,4.0,3.0,Have certificate,Full,9.5,Hà Nội,Hà Đông
1479,37.0,4.0,3.0,,,4.0,3.0,4.0,Have certificate,Full,8.15,Hà Nội,Cầu Giấy
6053,126.0,6.0,20.0,,,4.0,,,Have certificate,,7.5,Thừa Thiên Huế,Huế
21276,125.0,5.0,7.5,,,3.0,4.0,5.0,Have certificate,Full,6.88,Đà Nẵng,Ngũ Hành Sơn
4363,100.0,4.0,25.0,Tây,,1.0,2.0,1.0,Have certificate,,7.2,Hồ Chí Minh,Bình Tân
21605,120.0,6.0,20.5,Bắc,Bắc,5.0,,,,,5.5,Long An,Cần Giuộc
22388,84.0,6.0,13.0,,,5.0,5.0,5.0,,,9.4,Hưng Yên,Văn Giang
10412,75.0,8.0,13.0,Tây - Bắc,,,2.0,1.0,Have certificate,Full,2.4,Bình Thuận,Phan Thiết
845,80.0,5.0,12.0,,,3.0,,,Have certificate,,6.5,Hồ Chí Minh.,Quận 2
14693,60.0,5.0,7.0,Bắc,,3.0,4.0,3.0,Have certificate,,5.1,Hồ Chí Minh,Bình Tân
19792,46.5,7.0,7.0,,,4.0,3.0,4.0,Have certificate,Full,3.9,Đồng Nai,Biên Hòa
15234,35.0,4.0,7.0,,,5.0,4.0,4.0,Have certificate,Full,6.8,Hà Nội,Thanh Xuân
7671,52.5,5.0,3.0,,,5.0,5.0,5.0,Have certificate,Basic,9.0,Hà Nội,Bắc Từ Liêm
30068,116.0,4.0,3.5,,,,,,Have certificate,,8.8,Hà Nội,Long Biên
27334,40.0,3.5,6.0,,,2.0,2.0,2.0,Have certificate,Full,3.3,Hồ Chí Minh,Tân Bình
25314,132.0,5.5,10.0,,,1.0,1.0,1.0,Have certificate,Basic,7.0,Hồ Chí Minh,Quận 12
18908,41.0,4.0,3.0,,,5.0,,,Have certificate,,4.85,Hà Nội,Nam Từ Liêm
15058,40.0,4.0,3.0,,,4.0,5.0,,Have certificate,Full,6.8,Hà Nội,Hai Bà Trưng
6652,45.6,4.2,3.0,,,3.0,3.0,3.0,Have certificate,Basic,7.59,Hà Nội,Đống Đa
13809,56.0,5.0,10.0,,,2.0,2.0,2.0,,,2.6,Hồ Chí Minh,Bình Chánh
933,86.4,5.0,8.0,Tây - Bắc,,1.0,2.0,1.0,Have certificate,Full,7.7,Hồ Chí Minh,Quận 9
13673,135.0,9.0,13.0,Nam,Nam,3.0,4.0,5.0,Have certificate,,7.55,Bắc Ninh,Từ Sơn
29111,39.0,4.6,5.0,,,2.0,2.0,2.0,Have certificate,Basic,5.7,Hồ Chí Minh,Quận 10
8077,35.0,4.0,3.5,,,5.0,3.0,3.0,,,5.25,Hà Nội,Hà Đông
26593,54.0,3.0,5.0,Tây - Nam,,2.0,2.0,2.0,Have certificate,,4.45,Hồ Chí Minh,Bình Thạnh
759,50.0,4.0,5.0,,,3.0,4.0,4.0,Have certificate,Basic,8.9,Hồ Chí Minh,Bình Thạnh
8747,100.0,6.5,8.0,,,1.0,3.0,2.0,Have certificate,Full,3.55,Bình Dương,Thủ Dầu Một
16056,48.0,5.0,3.0,Tây,,2.0,4.0,5.0,Have certificate,Full,3.85,Hồ Chí Minh,Gò Vấp
16061,90.0,6.0,12.0,Bắc,Bắc,3.0,,,Sale contract,,2.45,Long An,Đức Hòa
26522,43.0,4.0,3.5,Đông - Bắc,,5.0,4.0,3.0,Have certificate,Full,6.0,Hà Nội,Thanh Xuân
8251,35.0,3.7,4.0,,,4.0,4.0,4.0,Have certificate,Full,7.1,Hồ Chí Minh,Quận 3
22582,41.5,4.2,2.5,,,4.0,4.0,4.0,Have certificate,Full,6.95,Hà Nội,Đống Đa
8717,3.1,35.0,2.0,Nam,Nam,6.0,4.0,5.0,Have certificate,Basic,5.88,Hà Nội,Long Biên
29161,45.5,4.5,5.0,,,4.0,4.0,3.0,Have certificate,,3.0,Hải Phòng,Hải An
7431,60.0,6.1,4.0,Tây - Nam,Tây - Nam,1.0,1.0,1.0,Have certificate,,6.99,Hồ Chí Minh,Quận 4
11764,27.8,4.13,13.0,Tây - Nam,,3.0,2.0,2.0,Have certificate,,4.5,Khánh Hòa,Nha Trang
17130,36.0,4.0,8.0,,,2.0,2.0,2.0,Have certificate,,3.68,Hồ Chí Minh,Tân Phú
18786,48.0,4.0,6.0,,,3.0,4.0,3.0,Have certificate,Full,5.0,Hồ Chí Minh,Tân Bình
25190,60.0,6.0,12.0,Tây,,3.0,4.0,3.0,Have certificate,Full,5.5,Khánh Hòa,Nha Trang
27219,66.0,4.0,12.0,Tây,Tây,2.0,2.0,2.0,Have certificate,,6.5,Hồ Chí Minh.,Bình Tân
29177,49.0,4.3,5.0,,,3.0,3.0,4.0,Have certificate,,6.9,Hồ Chí Minh,Quận 7
2968,105.0,7.5,20.5,Đông - Nam,,,,,,,5.5,Sơn La,Mộc Châu
6252,47.5,4.2,6.0,Bắc,Bắc,4.0,4.0,3.0,Have certificate,Full,3.9,Hải Phòng,Hải An
22331,172.0,12.0,13.0,Đông - Nam,Đông - Nam,3.0,5.0,5.0,Have certificate,,8.6,Bình Dương,Tân Uyên
24112,60.0,4.0,8.0,,,3.0,4.0,5.0,,,7.5,Hồ Chí Minh,Bình Tân
1955,72.0,4.0,6.0,,,3.0,4.0,4.0,Have certificate,Basic,9.2,Hồ Chí Minh,Tân Bình
24394,118.5,5.5,16.5,,,,,,,,7.35,Hà Nội,Mê Linh
12392,35.0,4.0,3.2,,,5.0,,,,,3.5,Hà Nội,Thanh Trì
22674,97.5,14.0,14.0,Đông - Bắc,Tây - Nam,4.0,5.0,6.0,Sale contract,Basic,9.9,Đồng Nai,Nhơn Trạch
26517,84.0,4.1,10.0,,,3.0,3.0,3.0,,,8.7,Hồ Chí Minh,Gò Vấp
27063,72.0,4.0,6.0,Tây,,,,,,,4.8,Hồ Chí Minh,Bình Tân
19518,113.0,5.0,18.0,Tây - Nam,,1.0,1.0,1.0,Have certificate,,7.6,Bình Dương,Dĩ An
5330,87.0,4.5,12.0,Đông - Bắc,Đông - Bắc,1.0,3.0,2.0,Have certificate,Basic,6.0,Hồ Chí Minh,Quận 8
19023,50.0,4.0,6.0,,,5.0,4.0,5.0,Have certificate,Full,7.2,Hồ Chí Minh,Gò Vấp
8117,60.0,4.0,4.0,,,3.0,4.0,3.0,Have certificate,,5.7,Hồ Chí Minh,Gò Vấp
15630,56.6,4.0,5.0,,,4.0,4.0,4.0,Have certificate,Full,9.3,Hồ Chí Minh,Bình Thạnh
13902,24.0,4.0,3.5,Tây - Bắc,,6.0,3.0,,Have certificate,Basic,3.65,Hà Nội,Hà Đông
24378,32.0,4.0,3.0,,,5.0,4.0,4.0,Have certificate,Full,5.0,Hà Nội,Nam Từ Liêm
6608,64.0,4.0,8.0,,,4.0,4.0,5.0,Have certificate,Full,8.69,Hồ Chí Minh,Bình Thạnh
8549,55.0,5.0,3.0,,,6.0,8.0,5.0,Have certificate,,8.3,Hà Nội,Thanh Xuân
2820,30.0,3.0,2.0,Tây - Bắc,Tây - Bắc,5.0,4.0,4.0,Have certificate,Full,4.5,Hà Nội,Hà Đông
3856,212.7,9.0,8.0,,,,3.0,,Have certificate,,3.8,Lâm Đồng,Đức Trọng
21007,40.0,4.0,3.5,,,,,,Have certificate,Full,5.5,Hà Nội,Hà Đông
3669,50.0,7.0,3.0,Bắc,Bắc,3.0,3.0,3.0,,,4.75,Đà Nẵng,Hải Châu
11323,60.0,4.8,10.0,,,2.0,2.0,2.0,Have certificate,Full,5.4,Hồ Chí Minh,Thủ Đức
6915,76.0,4.6,5.0,Tây,,2.0,,,Have certificate,Basic,7.5,Hà Nội,Gia Lâm
23064,72.0,5.0,5.5,Tây - Nam,,2.0,2.0,2.0,Have certificate,Full,3.35,Đà Nẵng,Liên Chiểu
5736,60.0,4.6,6.0,,,2.0,3.0,,Have certificate,Full,4.8,Hồ Chí Minh,Thủ Đức
1073,110.0,5.0,5.5,Tây - Nam,,,2.0,1.0,Have certificate,Full,1.1,Đồng Nai,Long Khánh
11118,41.5,4.55,8.0,Đông - Bắc,,3.0,3.0,2.0,Have certificate,Basic,1.75,Hải Phòng,Dương Kinh
27529,62.0,4.3,8.0,Đông - Nam,Đông - Nam,3.0,,,Have certificate,,5.2,Hải Phòng,Hải An
29514,58.0,4.2,6.0,,,4.0,4.0,5.0,,,8.5,Hồ Chí Minh,Tân Bình
10940,51.0,4.1,3.0,,,,,,Have certificate,,8.4,Hà Nội,Bắc Từ Liêm
26429,48.0,4.0,3.75,,,3.0,3.0,3.0,Have certificate,Basic,2.6,Hà Nội,Quốc Oai
28013,62.0,4.0,6.0,,,2.0,4.0,2.0,Have certificate,Full,8.7,Hồ Chí Minh,Phú Nhuận
11003,105.0,5.0,30.0,Tây - Nam,Tây - Nam,3.0,6.0,6.0,Have certificate,,4.4,Kiên Giang,Rạch Giá
13116,56.0,4.0,8.0,Tây - Bắc,Tây - Bắc,5.0,4.0,4.0,Have certificate,Full,8.2,Hồ Chí Minh,Thủ Đức
380,126.2,5.6,12.0,,Đông - Bắc,1.0,2.0,1.0,,,6.9,Hồ Chí Minh,Quận 12
21925,339.0,5.0,6.0,Tây - Bắc,,2.0,2.0,2.0,,,2.1,Bình Dương,Huyện Phú Giáo
25891,28.0,4.0,6.0,,,3.0,3.0,3.0,,,3.85,Hồ Chí Minh,Tân Bình
28191,147.1,10.0,5.0,Tây - Nam,Tây - Nam,2.0,3.0,2.0,Have certificate,Full,2.2,Khánh Hòa,Nha Trang
20204,37.0,4.0,3.0,,,5.0,3.0,4.0,Have certificate,Full,4.1,Hà Nội,Hoài Đức
20894,80.0,8.0,1.0,Đông,Đông,,,,Sale contract,,9.1,Bà Rịa Vũng Tàu,Xuyên Mộc
22180,45.0,4.0,4.0,,,5.0,6.0,5.0,Have certificate,Full,8.1,Hà Nội,Hai Bà Trưng
21321,56.0,5.0,6.0,,,4.0,4.0,5.0,Have certificate,,5.1,Hồ Chí Minh,Nhà Bè
5090,45.1,5.1,2.0,Tây - Nam,,1.0,2.0,1.0,Have certificate,Basic,5.4,Hồ Chí Minh,Phú Nhuận
23909,64.0,4.0,8.0,,,4.0,4.0,5.0,Have certificate,Full,8.8,Hồ Chí Minh,Bình Thạnh
16844,37.0,10.0,6.0,,,7.0,,,Have certificate,Full,9.8,Hà Nội,Ba Đình
17452,24.0,6.0,3.0,,,,,,,,6.85,Hà Nội,Đống Đa
11004,81.0,4.5,7.5,,,3.0,4.0,4.0,Have certificate,Full,6.8,Đà Nẵng,Hải Châu
17589,55.0,4.2,3.0,,,5.0,5.0,4.0,Have certificate,,9.9,Hà Nội,Đống Đa
20322,46.0,4.0,12.0,,,2.0,2.0,2.0,Have certificate,,5.6,Hồ Chí Minh,Tân Phú
384,68.0,4.0,3.0,,,2.0,6.0,6.0,Have certificate,,4.95,Hồ Chí Minh,Quận 8
24742,67.5,4.1,8.0,,,3.0,,,Have certificate,,8.8,Hồ Chí Minh,Gò Vấp
8232,50.0,5.0,6.0,Đông,Đông,4.0,4.0,4.0,Have certificate,Full,6.1,Hải Phòng,Ngô Quyền
8877,32.0,4.0,3.0,,,,,,,,5.0,Hà Nội,Nam Từ Liêm
28453,55.0,4.1,6.0,,,,1.0,,,,5.4,Hồ Chí Minh,Gò Vấp
13608,75.0,5.0,16.0,,,2.0,2.0,2.0,,,3.29,Bình Dương,Thuận An
21632,73.0,5.0,9.0,Đông - Nam,,,3.0,2.0,Have certificate,Full,4.0,Khánh Hòa,Nha Trang
15589,68.0,3.8,3.0,,,3.0,3.0,3.0,Have certificate,Full,7.8,Hà Nội,Long Biên
26130,98.0,5.0,2.5,Đông - Nam,Đông - Nam,1.0,2.0,1.0,Have certificate,,2.75,Đà Nẵng,Thanh Khê
21932,58.0,4.1,5.0,,,4.0,6.0,7.0,Have certificate,Full,7.5,Hồ Chí Minh,Gò Vấp
10729,110.8,5.46,6.0,Đông - Nam,,2.0,3.0,2.0,Have certificate,Basic,9.0,Hồ Chí Minh,Thủ Đức
1714,165.0,5.0,14.0,Bắc,,3.0,4.0,4.0,Have certificate,,8.0,Hồ Chí Minh,Hóc Môn
5457,36.0,4.0,3.0,,,4.0,4.0,4.0,Have certificate,Full,5.75,Hà Nội,Đống Đa
4111,40.0,4.0,3.2,,,5.0,4.0,4.0,Have certificate,Full,5.1,Hà Nội,Thanh Trì
29721,34.0,4.0,3.0,,,5.0,3.0,4.0,Have certificate,Full,7.65,Hà Nội,Cầu Giấy
19705,40.0,4.0,3.0,,,4.0,5.0,4.0,Have certificate,Full,6.85,Hà Nội,Thanh Xuân
11021,145.0,5.0,6.0,,,2.0,7.0,7.0,Have certificate,,3.5,Hồ Chí Minh,Nhà Bè
12298,82.5,4.3,5.0,,,2.0,2.0,3.0,Have certificate,,7.4,Hồ Chí Minh,Quận 7
10219,42.0,4.0,3.0,,,3.0,,,,,3.2,Hà Nội,Gia Lâm
12029,51.0,4.2,3.5,,,3.0,3.0,,Have certificate,Basic,8.4,Hà Nội,Long Biên
17598,40.0,4.0,5.0,,,4.0,5.0,4.0,Have certificate,,6.6,Hà Nội,Hoàng Mai
29181,38.0,4.1,3.0,,,5.0,,,Have certificate,,5.8,Hà Nội,Bắc Từ Liêm
24447,48.0,5.9,12.0,,,4.0,6.0,4.0,Have certificate,Basic,9.0,Hồ Chí Minh,Quận 11
14434,43.0,4.0,3.0,,,,,,Have certificate,Full,6.5,Hà Nội,Cầu Giấy
914,48.0,9.0,3.5,,,3.0,3.0,3.0,Have certificate,Basic,6.5,Hà Nội,Long Biên
21732,70.0,5.8,5.0,Tây - Bắc,,3.0,4.0,3.0,Have certificate,Full,3.6,Lâm Đồng,Đà Lạt
11119,39.0,4.5,7.0,Tây - Nam,Tây - Nam,3.0,3.0,2.0,Have certificate,,1.46,Hải Phòng,Dương Kinh
14194,30.0,4.2,3.0,,,5.0,3.0,,Have certificate,Full,6.7,Hà Nội,Cầu Giấy
16513,21.0,3.0,3.0,,,2.0,2.0,2.0,Have certificate,,1.95,Hồ Chí Minh,Quận 7
1539,440.0,3.6,3.0,,,4.0,4.0,4.0,Have certificate,Full,8.95,Hà Nội,Cầu Giấy
16948,56.0,4.0,7.0,Tây - Bắc,,4.0,4.0,6.0,Have certificate,Full,7.49,Hồ Chí Minh,Thủ Đức
28735,45.0,4.0,3.0,,,5.0,3.0,3.0,Have certificate,Full,7.6,Hà Nội,Cầu Giấy
23567,30.0,4.0,3.0,,,4.0,,,Have certificate,,2.5,Hà Nội,Hoài Đức
21658,35.0,3.3,3.0,,,4.0,4.0,3.0,Have certificate,Full,6.25,Hà Nội,Tây Hồ
26260,82.0,4.7,3.0,,,4.0,4.0,3.0,Have certificate,Full,9.6,Hà Nội,Tây Hồ
2455,44.0,4.1,5.0,,,3.0,,,Have certificate,,7.5,Hồ Chí Minh,Gò Vấp
25975,45.0,4.0,3.0,,,5.0,5.0,3.0,Have certificate,Full,8.6,Hà Nội,Thanh Xuân
10844,100.0,5.0,9.0,,,3.0,4.0,4.0,Have certificate,Full,6.0,Khánh Hòa,Nha Trang
18580,44.2,4.0,5.0,,,2.0,2.0,,Have certificate,,3.55,Hồ Chí Minh,Quận 7
5395,100.0,5.0,10.5,Tây - Nam,,4.0,4.0,4.0,Have certificate,Basic,9.4,Đà Nẵng,Hải Châu
19835,36.0,4.3,4.0,,,2.0,,,Have certificate,,3.7,Hồ Chí Minh,Quận 7
24626,45.0,7.0,20.0,,,4.0,4.0,5.0,Have certificate,Full,9.0,Hồ Chí Minh,Quận 10
24897,40.0,3.5,3.5,,,5.0,4.0,4.0,Have certificate,,7.0,Hà Nội,Hà Đông
7446,160.0,10.0,24.0,Đông - Nam,Đông - Nam,3.0,3.0,3.0,,,7.3,Quảng Ninh,Vân Đồn
4013,50.0,4.0,3.5,,,4.0,4.0,3.0,Have certificate,,8.8,Hà Nội,Hoàng Mai
16236,35.0,6.3,3.0,,,4.0,,,Have certificate,Full,5.95,Hà Nội,Thanh Xuân
19146,90.0,5.0,13.0,Bắc,Bắc,3.0,3.0,4.0,Sale contract,Full,7.8,Khánh Hòa,Nha Trang
24695,72.0,4.5,6.0,,,2.0,3.0,2.0,Have certificate,Full,3.7,Hồ Chí Minh,Quận 12
10839,55.0,4.1,12.0,,,,,,,,6.8,Hồ Chí Minh,Gò Vấp
11563,35.0,4.0,4.0,Đông,Đông,4.0,2.0,3.0,Have certificate,Full,7.5,Hồ Chí Minh,Quận 3
11958,95.0,5.0,12.0,Nam,,,,,,,7.0,Hồ Chí Minh,Nhà Bè
3157,36.0,4.2,6.0,Tây - Nam,,1.0,2.0,2.0,Have certificate,Full,2.83,Hồ Chí Minh,Quận 12
10437,44.0,4.0,6.0,,,4.0,3.0,4.0,Have certificate,Full,4.85,Hồ Chí Minh,Tân Bình
1953,40.0,4.0,3.0,,,4.0,,,Have certificate,Full,6.4,Hà Nội,Cầu Giấy
13311,83.0,4.0,4.4,Đông,,,,,Have certificate,,5.9,Hồ Chí Minh,Quận 6
12888,120.0,6.0,34.0,,,4.0,4.0,4.0,Have certificate,,7.0,Đồng Nai,Long Thành
16339,15.0,4.0,2.0,,,4.0,2.0,2.0,Have certificate,Basic,1.83,Hà Nội,Đống Đa
21317,202.0,7.6,6.0,Đông,,2.0,,2.0,Sale contract,Basic,7.9,Hồ Chí Minh,Thủ Đức
25527,107.1,6.3,12.0,Tây - Nam,,3.0,4.0,4.0,Sale contract,,3.7,Đồng Nai,Nhơn Trạch
7004,56.0,8.0,8.0,,,4.0,4.0,5.0,Have certificate,Full,6.35,Hồ Chí Minh,Nhà Bè
26891,120.0,5.2,7.0,,,3.0,3.0,4.0,Sale contract,,6.95,Đồng Nai,Biên Hòa
9821,60.0,5.0,6.0,,,2.0,2.0,2.0,Have certificate,,5.3,Hồ Chí Minh,Tân Phú
13922,80.0,5.0,5.5,Đông,Đông,3.0,3.0,3.0,Have certificate,Full,4.19,Đà Nẵng,Cẩm Lệ
25425,69.0,4.8,6.0,,,2.0,3.0,3.0,,Full,2.9,Đồng Nai,Biên Hòa
24963,32.5,4.0,5.0,,,4.0,3.0,4.0,Have certificate,,4.95,Hồ Chí Minh,Bình Thạnh
20037,100.0,5.0,5.5,,,5.0,7.0,8.0,Have certificate,Full,7.8,Đà Nẵng,Ngũ Hành Sơn
20285,138.0,5.0,6.0,Tây,,2.0,3.0,2.0,Have certificate,Full,2.65,Đà Nẵng,Hòa Vang
950,42.0,4.0,6.0,,,5.0,8.0,8.0,Have certificate,Basic,6.0,Hà Nội,Hoài Đức
10871,67.0,5.0,5.5,,,1.0,,,,,6.0,Đà Nẵng,Hải Châu
16362,50.0,4.0,5.0,,,5.0,3.0,4.0,Have certificate,Full,8.65,Hà Nội,Hà Đông
24701,92.4,5.0,6.0,,,3.0,4.0,5.0,Have certificate,,8.9,Hồ Chí Minh,Nhà Bè
24254,32.2,4.0,6.0,,,3.0,3.0,3.0,Have certificate,Full,3.33,Hồ Chí Minh,Bình Tân
15928,100.0,5.0,20.0,Đông,Đông,3.0,4.0,4.0,Have certificate,Full,9.45,Hồ Chí Minh,Quận 9
8580,42.0,4.2,3.0,Nam,,3.0,2.0,2.0,Have certificate,Full,4.3,Hà Nội,Đống Đa
3529,50.0,4.0,11.0,Tây - Nam,,4.0,4.0,3.0,Have certificate,Full,5.1,Hải Phòng,Hồng Bàng
14766,42.0,4.0,10.0,Bắc,Bắc,4.0,4.0,5.0,Have certificate,Full,4.0,Hải Phòng,Hải An
7106,97.0,5.0,2.0,Đông - Bắc,Đông - Bắc,1.0,2.0,2.0,Have certificate,Full,3.6,Đà Nẵng,Hải Châu
28780,100.0,4.7,6.0,,,2.0,3.0,3.0,Have certificate,Full,5.4,Hồ Chí Minh,Quận 12
23842,58.0,4.25,6.0,Bắc,Bắc,3.0,3.0,3.0,Have certificate,,5.2,Đà Nẵng,Sơn Trà
1931,35.0,42.0,6.0,,,5.0,3.0,4.0,Have certificate,,6.2,Hà Nội,Long Biên
2324,40.0,4.0,3.0,,,4.0,5.0,4.0,Have certificate,Full,2.8,Hà Nội,Huyện Hoài Đức
26788,51.0,4.2,8.0,Tây - Nam,Tây - Nam,3.0,3.0,4.0,Have certificate,,6.1,Hồ Chí Minh,Thủ Đức
8455,36.0,4.0,3.0,,,6.0,4.0,5.0,Have certificate,Full,6.58,Hà Nội,Cầu Giấy
14534,89.3,4.5,6.0,,,1.0,2.0,1.0,Have certificate,Basic,7.7,Hồ Chí Minh,Thủ Đức
24452,30.0,4.2,3.0,,,,,,Have certificate,Full,5.8,Hà Nội,Đống Đa
17558,37.6,4.0,3.0,,,4.0,3.0,3.0,Have certificate,Full,5.1,Hà Nội,Hoài Đức
27347,50.0,4.2,4.0,,,5.0,5.0,5.0,Have certificate,Full,5.8,Hà Nội,Long Biên
9876,55.0,4.0,8.0,,,3.0,4.0,3.0,Have certificate,Full,2.4,Hồ Chí Minh,Bình Tân
11966,77.9,3.5,3.5,Tây - Nam,,1.0,3.0,2.0,Have certificate,,5.1,Hồ Chí Minh,Quận 8
14599,90.0,5.0,15.0,,,3.0,3.0,4.0,Have certificate,Basic,4.6,Bình Dương,Dĩ An
14116,100.0,5.0,8.0,Nam,,2.0,2.0,2.0,Have certificate,,5.2,Bình Dương,Dĩ An
12567,135.0,5.0,7.5,,,3.0,,,Have certificate,,8.4,Đà Nẵng,Cẩm Lệ
24439,40.0,4.2,3.0,,,5.0,4.0,3.0,Have certificate,Full,7.0,Hà Nội,Tây Hồ
3397,30.0,4.0,3.0,,,5.0,4.0,5.0,Have certificate,Full,5.45,Hà Nội,Thanh Xuân
27079,60.0,4.0,6.0,,,1.0,1.0,1.0,,,3.8,Hồ Chí Minh,Tân Phú
11027,56.0,6.0,4.0,,,,,,,,7.9,Hồ Chí Minh,Quận 4
9917,80.0,4.0,4.0,Bắc,,2.0,3.0,2.0,Have certificate,Full,8.4,Hồ Chí Minh,Tân Phú
21124,100.0,5.0,12.0,,,2.0,3.0,3.0,Have certificate,Full,6.8,Bình Dương,Thuận An
28608,76.0,5.2,7.0,Nam,,,2.0,1.0,Have certificate,,1.6,Đồng Nai,Biên Hòa
17213,30.0,5.0,8.0,Đông - Bắc,,2.0,2.0,2.0,Have certificate,Basic,2.85,Bà Rịa Vũng Tàu,Vũng Tàu
28293,56.0,4.0,6.0,Nam,,3.0,4.0,3.0,Have certificate,Full,4.9,Hồ Chí Minh,Bình Tân
26086,60.0,5.0,12.0,,,3.0,4.0,4.0,Have certificate,,3.8,Bình Dương,Thuận An
29033,44.0,4.0,6.0,,,3.0,3.0,3.0,Have certificate,Full,5.75,Hồ Chí Minh,Quận 6
9640,50.0,4.0,3.0,,,5.0,4.0,,Have certificate,,8.8,Hà Nội,Ba Đình
2591,79.0,5.0,7.5,Đông - Nam,,,,,Have certificate,Basic,2.66,Đà Nẵng,Liên Chiểu
16028,62.4,5.0,5.0,Đông,Đông,2.0,2.0,2.0,,Full,4.6,Hồ Chí Minh,Quận 12
29744,45.0,4.0,6.0,,,,4.0,4.0,,,5.0,Hồ Chí Minh,Bình Tân
24578,70.0,5.0,5.5,,,2.0,3.0,3.0,Have certificate,Full,6.69,Đà Nẵng,Sơn Trà
20384,23.0,4.0,6.0,,,5.0,3.0,4.0,Have certificate,Full,7.3,Hà Nội,Thanh Xuân
21015,32.0,4.0,4.0,,,2.0,2.0,2.0,Have certificate,,3.39,Hồ Chí Minh,Bình Tân
28634,29.0,3.0,8.0,,,3.0,3.0,2.0,Have certificate,Basic,9.0,Hà Nội,Đống Đa
7543,60.0,4.0,6.0,,,5.0,5.0,6.0,Have certificate,Full,7.4,Hồ Chí Minh,Thủ Đức
22267,33.0,4.0,4.0,,,4.0,3.0,3.0,Have certificate,Basic,5.1,Hồ Chí Minh,Phú Nhuận
112,38.0,4.2,6.0,Đông - Bắc,Đông - Bắc,4.0,3.0,4.0,Have certificate,Full,6.78,Hồ Chí Minh,Phú Nhuận
12009,115.0,5.0,10.0,Tây - Bắc,,2.0,3.0,3.0,Have certificate,,4.8,Kiên Giang,Rạch Giá
23150,55.0,4.0,2.2,,,1.0,2.0,1.0,Have certificate,,1.28,Hải Phòng,An Dương
19137,38.0,4.2,3.0,,,4.0,4.0,5.0,Have certificate,Full,5.9,Hà Nội,Đống Đa
23954,100.0,12.0,12.0,,,1.0,7.0,7.0,Have certificate,,8.4,Hồ Chí Minh,Tân Phú
22603,41.0,4.0,3.0,,,5.0,,,Have certificate,,6.3,Hà Nội,Cầu Giấy
24050,60.0,4.0,7.0,Tây,Tây,5.0,4.0,5.0,Have certificate,Full,4.5,Hồ Chí Minh,Bình Tân
17972,67.2,4.0,8.0,,,4.0,2.0,2.0,,Full,5.8,Hồ Chí Minh,Quận 7
21571,36.0,4.2,3.0,,,5.0,5.0,5.0,Have certificate,Full,6.29,Hà Nội,Cầu Giấy
9225,52.0,4.0,5.0,Bắc,,3.0,4.0,4.0,Have certificate,Basic,5.05,Hồ Chí Minh,Bình Tân
22069,25.0,4.0,5.0,Đông - Nam,,3.0,2.0,3.0,Have certificate,Basic,4.95,Hồ Chí Minh,Bình Thạnh
3194,40.0,4.0,3.0,,,4.0,3.0,3.0,Have certificate,,4.4,Hà Nội,Đống Đa
15810,67.5,6.0,17.0,,,2.0,3.0,3.0,Have certificate,Full,2.3,Bình Dương,Tân Uyên
29870,200.0,10.0,7.5,,,3.0,3.0,3.0,Have certificate,Full,8.25,Đà Nẵng,Cẩm Lệ
14012,80.0,5.0,10.0,,,4.0,5.0,6.0,Have certificate,Full,9.3,Hồ Chí Minh,Gò Vấp
2467,56.0,4.0,5.0,,,3.0,,,,,6.7,Hồ Chí Minh,Gò Vấp
14729,79.0,4.5,8.0,,,3.0,4.0,3.0,Have certificate,Full,5.65,Đà Nẵng,Thanh Khê
4899,100.0,5.0,12.0,,,,,,,,2.5,Bình Dương,Bến Cát
15489,100.0,5.0,14.0,Nam,,3.0,3.0,4.0,Sale contract,Basic,4.3,Khánh Hòa,Nha Trang
28088,56.0,4.0,5.0,,,3.0,3.0,4.0,Have certificate,Full,5.4,Hồ Chí Minh,Gò Vấp
21430,60.0,4.0,5.0,,,,,,,,8.9,Hồ Chí Minh,Quận 10
16853,35.0,4.0,5.0,,,3.0,4.0,3.0,Have certificate,Basic,2.3,Hà Nội,Chương Mỹ
4624,54.0,3.5,3.0,,,3.0,3.0,3.0,Have certificate,Full,4.5,Hồ Chí Minh,Quận 6
7814,72.0,4.3,5.0,,,3.0,4.0,,Have certificate,,9.5,Hồ Chí Minh,Quận 7
5525,200.0,4.0,7.5,,,1.0,3.0,3.0,Have certificate,,7.0,Đà Nẵng,Hải Châu
940,60.0,4.5,4.0,,,3.0,2.0,2.0,Have certificate,Full,6.0,Hồ Chí Minh,Bình Thạnh
7216,36.5,3.6,5.0,,,2.0,2.0,2.0,Have certificate,Full,6.4,Hồ Chí Minh,Quận 5
1392,36.0,4.0,3.5,,,4.0,4.0,,,Full,5.2,Hà Nội,Hoàng Mai
28974,30.0,3.0,3.0,,,2.0,2.0,3.0,Have certificate,Basic,3.2,Hồ Chí Minh,Quận 7
16119,100.0,6.0,16.0,,,3.0,3.0,2.0,,,3.0,Bình Dương,Tân Uyên
17347,66.0,4.0,4.0,,,2.0,3.0,,Have certificate,,5.8,Hồ Chí Minh,Tân Phú
5240,45.0,4.0,3.0,,,4.0,3.0,3.0,Have certificate,,4.1,Hà Nội,Hoài Đức
13953,50.8,30.0,5.0,Đông - Nam,Đông - Nam,1.0,2.0,2.0,Have certificate,Basic,3.95,Hồ Chí Minh,Thủ Đức
25112,60.0,4.0,3.0,,,3.0,,,Have certificate,Full,7.5,Hà Nội,Bắc Từ Liêm
11143,43.0,4.0,5.0,,,2.0,,2.0,Have certificate,,5.0,Hồ Chí Minh,Bình Thạnh
28822,40.0,4.0,3.0,,,4.0,5.0,,Have certificate,Full,6.39,Hà Nội,Cầu Giấy
15706,64.0,4.0,6.0,,,2.0,2.0,3.0,Have certificate,Full,4.9,Hồ Chí Minh,Bình Tân
28164,86.0,5.0,6.0,Tây - Nam,Tây - Nam,1.0,3.0,2.0,Have certificate,,2.6,Long An,Cần Đước
29966,117.0,6.0,16.0,Bắc,Bắc,2.0,4.0,4.0,Sale contract,,6.05,Đồng Nai,Biên Hòa
28368,40.2,3.0,3.0,,,4.0,4.0,3.0,Have certificate,Full,2.85,Hà Nội,Thanh Oai
13542,45.0,4.2,2.5,,,5.0,3.0,4.0,Have certificate,,5.2,Hà Nội,Long Biên
27966,120.0,9.0,8.0,Nam,Nam,3.0,4.0,4.0,Have certificate,Full,9.5,Bình Dương,Thủ Dầu Một
27252,32.0,4.0,7.0,Tây - Bắc,Tây - Bắc,4.0,3.0,3.0,Have certificate,,3.9,Kiên Giang,Rạch Giá
25133,115.0,5.0,10.0,,,4.0,5.0,6.0,,Full,9.55,Hồ Chí Minh,Thủ Đức
451,160.0,8.0,13.0,Đông - Nam,Tây - Bắc,2.0,3.0,3.0,Sale contract,,4.65,Bình Thuận,Phan Thiết
8016,45.0,4.2,3.5,,,5.0,3.0,4.0,Have certificate,Full,5.78,Hà Nội,Long Biên
11466,85.0,4.0,6.0,,,4.0,4.0,5.0,Have certificate,Full,7.8,Hồ Chí Minh,Tân Bình
6617,50.0,4.0,3.0,,,4.0,4.0,5.0,Have certificate,,8.7,Hà Nội,Đống Đa
27983,46.0,5.7,3.5,,,4.0,3.0,3.0,Have certificate,Full,6.7,Hà Nội,Hà Đông
16868,39.0,4.2,3.5,,,4.0,2.0,3.0,Have certificate,Full,6.3,Hà Nội,Long Biên
4048,144.0,8.0,12.0,Đông,,,4.0,4.0,Have certificate,,4.3,Long An,Cần Giuộc
24367,45.0,4.2,3.5,,,5.0,4.0,4.0,,Basic,5.5,Hà Nội,Long Biên
1577,81.0,5.0,18.0,,,,,,Have certificate,,9.9,Hà Nội,Thường Tín
1549,56.0,0.0,7.0,,,4.0,4.0,4.0,Have certificate,Full,9.0,Hồ Chí Minh,Quận Tân Bình
6997,100.0,6.0,16.0,Đông,,,3.0,3.0,Have certificate,,2.75,Bình Dương,Tân Uyên
16930,52.5,4.0,4.0,,,2.0,2.0,3.0,Have certificate,Full,4.95,Hồ Chí Minh,Quận 7
9454,105.0,5.0,6.0,Tây - Nam,Tây - Nam,2.0,3.0,3.0,Have certificate,Full,3.95,Bình Dương,Thuận An
1378,60.0,5.0,5.0,Tây - Bắc,Tây - Bắc,2.0,3.0,4.0,Have certificate,Full,4.4,Hồ Chí Minh,Thành phố Thủ Đức
23502,62.5,5.0,4.5,Tây - Bắc,,1.0,2.0,2.0,Have certificate,,3.8,Đà Nẵng,Ngũ Hành Sơn
11480,36.0,4.2,3.5,,,5.0,,,Have certificate,,4.6,Hà Nội,Long Biên
24955,124.0,6.0,6.0,,,3.0,3.0,2.0,Sale contract,Basic,5.5,Bình Dương,Thuận An
21501,42.0,4.1,4.0,,,3.0,3.0,3.0,Have certificate,Full,6.4,Hồ Chí Minh,Quận 8
27654,60.0,4.0,5.0,Đông - Nam,,2.0,2.0,3.0,Have certificate,Full,3.86,Hồ Chí Minh,Quận 12
4221,33.0,3.5,6.0,Bắc,Bắc,5.0,3.0,4.0,Have certificate,Basic,5.7,Hà Nội,Hà Đông
23128,87.5,5.0,12.0,,,3.0,4.0,4.0,Have certificate,Full,6.2,Cần Thơ,Cái Răng
4628,70.0,4.25,1.5,Đông - Nam,,,,,,,1.3,Hà Nội,Nam Từ Liêm
30139,50.0,4.0,10.0,Đông - Nam,,5.0,3.0,3.0,,,4.8,Hà Nội,Thanh Trì
4473,43.0,5.0,5.5,,,4.0,2.0,,,,3.33,Đà Nẵng,Thanh Khê
28163,74.0,4.0,3.0,,,4.0,4.0,3.0,Have certificate,Basic,8.5,Hà Nội,Ba Đình
10970,44.42,6.7,4.0,Nam,Nam,3.0,3.0,3.0,Have certificate,Full,3.45,Cần Thơ,Ninh Kiều
20395,73.0,4.0,5.0,,,3.0,4.0,4.0,Have certificate,,8.7,Hồ Chí Minh,Bình Thạnh
18832,55.0,5.0,3.5,,,4.0,,,Have certificate,,9.0,Hà Nội,Long Biên
26737,66.0,4.0,8.0,,,4.0,5.0,,,,9.3,Hồ Chí Minh,Bình Thạnh
25151,60.0,4.0,6.0,,,2.0,,,,,5.9,Hồ Chí Minh,Tân Phú
14722,55.4,3.9,5.0,,,1.0,3.0,2.0,Have certificate,Basic,5.0,Hồ Chí Minh,Quận 7
11228,40.0,4.23,4.0,,,4.0,3.0,4.0,Have certificate,Full,3.9,Hồ Chí Minh,Quận 4
21436,40.0,4.2,3.0,,,4.0,3.0,,Have certificate,Full,6.5,Hà Nội,Đống Đa
11738,48.0,4.0,4.0,,,3.0,5.0,4.0,Have certificate,,6.5,Hồ Chí Minh,Quận 8
8887,40.0,3.5,3.0,,,5.0,3.0,4.0,Have certificate,Full,8.0,Hà Nội,Ba Đình
4843,79.0,5.0,18.0,,,5.0,,,Have certificate,,10.0,Hà Nội,Thường Tín
29991,58.0,4.0,4.0,Tây,,3.0,3.0,3.0,Have certificate,,6.2,Hồ Chí Minh,Tân Phú
16485,56.0,4.0,15.0,Tây - Bắc,Tây - Bắc,4.0,4.0,4.0,Have certificate,Basic,7.63,Hưng Yên,Văn Giang
15557,80.0,5.0,21.0,Đông - Bắc,Đông - Bắc,5.0,5.0,5.0,Have certificate,Basic,4.7,Thanh Hóa.,Thanh Hóa
19074,56.0,4.0,6.0,,,5.0,8.0,8.0,Have certificate,,7.19,Hồ Chí Minh,Tân Phú
23722,61.0,5.0,7.0,Tây - Bắc,Tây - Bắc,5.0,5.0,5.0,Have certificate,,6.9,Hải Phòng,Hồng Bàng
16312,56.3,4.2,3.5,Tây - Nam,Tây - Nam,,,,Have certificate,,4.22,Hà Nội,Long Biên
13558,93.0,4.0,5.0,Đông - Bắc,Đông - Bắc,2.0,4.0,3.0,Have certificate,Full,7.0,Hồ Chí Minh,Bình Thạnh
15540,44.0,4.0,6.0,,,,3.0,4.0,,,9.2,Hồ Chí Minh,Tân Bình
15690,32.0,3.1,2.0,Đông - Bắc,Đông - Bắc,4.0,3.0,3.0,Have certificate,Basic,4.8,Hà Nội.,Nam Từ Liêm
27280,40.0,4.0,6.0,Đông - Nam,Đông - Nam,1.0,2.0,3.0,Have certificate,Full,3.19,Cần Thơ,Ninh Kiều
30031,100.0,5.0,7.5,,,3.0,3.0,4.0,,,4.4,Đà Nẵng,Cẩm Lệ
27132,48.0,4.15,7.0,Đông - Bắc,Đông - Bắc,4.0,3.0,3.0,Have certificate,Full,3.99,Hải Phòng,Hải An
16531,32.0,4.2,3.0,,,4.0,,,Have certificate,Full,4.5,Hà Nội,Đống Đa
599,32.0,5.0,5.0,Đông,Đông,5.0,4.0,4.0,Have certificate,Full,5.5,Hà Nội,Thanh Trì
24071,62.0,7.5,7.5,,,2.0,2.0,2.0,Have certificate,Full,3.2,Đà Nẵng,Cẩm Lệ
17700,90.0,6.0,16.0,,,2.0,,,,,3.85,Long An,Bến Lức
24587,140.0,4.0,5.0,,,1.0,,,Have certificate,,4.8,Lâm Đồng,Đà Lạt
29967,67.5,4.5,15.0,,,4.0,,,Sale contract,,5.15,Hải Phòng,Kiến An
26492,39.6,4.2,5.0,,,2.0,3.0,2.0,,,1.75,Hồ Chí Minh,Quận 12
23535,68.0,6.0,7.0,Đông,,2.0,2.0,2.0,Have certificate,Full,2.0,Khánh Hòa,Nha Trang
23708,74.0,4.0,2.0,,,3.0,3.0,3.0,,Full,6.6,Hà Nội.,Nam Từ Liêm
20276,54.0,10.0,3.0,,,5.0,4.0,5.0,Have certificate,Full,9.0,Hà Nội,Ba Đình
2216,40.0,4.0,6.0,Đông - Nam,Đông - Nam,6.0,3.0,4.0,Have certificate,,6.57,Hà Nội,Long Biên
17480,21.0,3.0,5.0,Đông,Đông,4.0,2.0,3.0,Have certificate,,2.5,Hồ Chí Minh,Quận 7
5889,38.0,4.2,3.0,,,,,,Have certificate,,7.2,Hà Nội,Tây Hồ
7345,100.0,5.0,5.5,Đông - Bắc,,,,,,,3.7,Đà Nẵng,Sơn Trà
6561,52.0,6.0,5.0,Đông - Bắc,Bắc,5.0,6.0,4.0,Have certificate,Full,7.5,Hà Nội,Long Biên
16067,94.0,7.0,5.5,,,3.0,4.0,,,,5.8,Đà Nẵng,Hải Châu
18155,48.0,4.0,20.0,Bắc,Bắc,3.0,3.0,3.0,Have certificate,Full,2.6,Hồ Chí Minh,Hóc Môn
22268,43.0,43.0,3.0,Tây,,5.0,4.0,4.0,Have certificate,,4.1,Hà Nội,Hoài Đức
12717,40.0,4.0,3.5,,,,,,Have certificate,,5.6,Hà Nội,Hà Đông
7956,71.0,4.2,6.0,Đông,Đông,2.0,2.0,1.0,Have certificate,Basic,4.8,Hồ Chí Minh,Bình Tân
5965,42.0,42.0,3.0,,,4.0,4.0,4.0,Have certificate,,6.9,Hà Nội,Hai Bà Trưng
11339,55.0,4.1,5.0,,,5.0,4.0,5.0,Have certificate,,8.6,Hồ Chí Minh,Gò Vấp
25370,60.0,5.0,12.0,Đông - Bắc,,4.0,4.0,6.0,,Full,5.5,Bình Dương,Dĩ An
20597,65.0,6.6,6.0,,,2.0,3.0,2.0,Have certificate,Full,5.2,Hồ Chí Minh,Gò Vấp
18761,55.0,10.0,5.0,,,5.0,4.0,3.0,Have certificate,Full,9.49,Hà Nội,Long Biên
24664,30.0,4.0,3.5,Tây - Nam,,5.0,3.0,3.0,Have certificate,Basic,2.55,Hà Nội,Hà Đông
23591,63.45,5.0,8.0,,,2.0,3.0,2.0,Have certificate,,4.55,Hồ Chí Minh,Nhà Bè
425,56.5,4.23,4.0,,,3.0,4.0,3.0,Have certificate,,4.7,Hồ Chí Minh,Quận 4
19988,106.2,6.0,6.0,Nam,Nam,2.0,4.0,2.0,,Basic,6.15,Cần Thơ,Ninh Kiều
9943,45.0,3.8,3.0,Tây,,4.0,4.0,2.0,Have certificate,,4.0,Hà Nội,Bắc Từ Liêm
14351,86.9,4.85,6.0,Đông,,3.0,3.0,2.0,Have certificate,Basic,3.48,Hải Phòng,Ngô Quyền
8585,96.0,6.0,16.0,Bắc,Bắc,3.0,4.0,5.0,Have certificate,,7.2,Khánh Hòa,Nha Trang
22839,100.0,5.0,2.5,,,2.0,4.0,2.0,Have certificate,Full,6.8,Hồ Chí Minh,Quận 8
19889,40.0,4.5,3.0,,,6.0,3.0,3.0,,,7.5,Hà Nội,Hai Bà Trưng
91,56.0,5.0,5.0,Bắc,,,,,,,2.7,Hồ Chí Minh,Bình Chánh
19994,33.0,4.0,3.5,,,4.0,3.0,3.0,Have certificate,Basic,3.2,Hà Nội,Hà Đông
10531,100.0,5.0,24.0,,,4.0,,,Have certificate,,3.4,Thái Nguyên.,Phổ Yên
7402,200.0,7.0,20.0,Bắc,Bắc,2.0,4.0,3.0,Have certificate,Basic,8.5,Bình Dương,Thuận An
16922,48.0,4.0,3.0,,,5.0,4.0,3.0,,Full,9.9,Hà Nội,Nam Từ Liêm
11609,55.0,5.0,3.0,,,3.0,3.0,2.0,Have certificate,Full,5.95,Hồ Chí Minh,Bình Thạnh
28373,65.0,5.0,7.0,,,,2.0,1.0,Have certificate,,2.2,Bình Dương,Dĩ An
22752,95.0,5.0,7.0,Bắc,,,3.0,,Have certificate,,4.0,Hồ Chí Minh,Hóc Môn
24526,32.0,4.1,3.0,,,5.0,3.0,4.0,Have certificate,,4.5,Hà Nội,Bắc Từ Liêm
19414,80.0,4.0,8.0,Tây,Tây,1.0,4.0,2.0,Have certificate,,6.2,Hồ Chí Minh,Bình Tân
19372,153.0,6.0,16.0,,,3.0,5.0,4.0,Have certificate,,2.7,Long An,Bến Lức
26837,64.0,4.6,6.0,,,3.0,4.0,4.0,Have certificate,,7.2,Hồ Chí Minh,Thủ Đức
901,30.4,4.0,3.5,,,4.0,,,Have certificate,,3.3,Hà Nội,Hà Đông
16859,30.2,4.0,3.0,,,4.0,4.0,4.0,Have certificate,Basic,4.8,Hà Nội,Hà Đông
22401,90.0,5.0,8.0,Tây - Bắc,Tây - Bắc,,,,,,9.0,Bà Rịa Vũng Tàu,Vũng Tàu
2799,32.0,3.2,3.2,Đông - Bắc,Đông - Bắc,4.0,4.0,3.0,Have certificate,Basic,6.15,Hà Nội,Hà Đông
11408,90.3,4.0,17.0,Đông - Bắc,,3.0,2.0,2.0,Have certificate,,8.0,Khánh Hòa,Nha Trang
9881,64.0,4.0,6.0,,,2.0,3.0,2.0,Have certificate,,4.9,Hồ Chí Minh,Bình Tân
17996,65.0,5.0,3.0,,,4.0,4.0,4.0,Have certificate,Full,7.5,Hà Nội,Hai Bà Trưng
21035,78.0,4.0,3.0,,,5.0,7.0,5.0,Have certificate,Full,8.0,Hà Nội,Thanh Xuân
23622,60.0,8.0,7.0,,,3.0,3.0,2.0,Have certificate,Full,3.0,Đồng Nai,Biên Hòa
5573,30.0,4.6,5.0,,,5.0,3.0,,Have certificate,Basic,1.75,Hà Nội,Gia Lâm
4585,14.0,4.0,3.0,,,3.0,,,Have certificate,,2.6,Hà Nội,Ba Đình
19865,100.0,4.3,5.0,,,,,,Have certificate,,8.7,Hồ Chí Minh,Quận 7
2665,39.0,4.2,3.5,,,5.0,,,Have certificate,,4.85,Hà Nội,Long Biên
14264,32.0,3.3,2.0,Đông - Nam,Đông - Nam,5.0,3.0,3.0,Have certificate,,3.3,Hà Nội,Hà Đông
2257,40.0,4.0,3.0,,,4.0,3.0,3.0,Have certificate,Basic,3.6,Hà Nội,Hoài Đức
29171,150.0,6.0,16.0,Nam,,2.0,4.0,3.0,,,6.2,Long An,Bến Lức
13158,68.0,4.5,7.0,Đông - Bắc,,4.0,5.0,5.0,Have certificate,,6.5,Hải Phòng,Lê Chân
12259,90.0,4.5,10.5,Bắc,,2.0,3.0,2.0,Have certificate,Full,7.8,Đà Nẵng,Hải Châu
29660,30.0,4.0,3.0,,,4.0,,,,,5.2,Hà Nội,Hà Đông
1217,60.6,4.1,5.0,,,3.0,,,,,6.1,Hồ Chí Minh,Gò Vấp
6616,40.0,4.0,3.0,,,5.0,3.0,4.0,Have certificate,Full,5.45,Hà Nội,Hai Bà Trưng
9893,29.0,4.0,6.0,Đông - Nam,,3.0,5.0,3.0,Have certificate,,6.2,Hồ Chí Minh,Tân Bình
21568,100.0,5.0,15.0,Bắc,,3.0,4.0,5.0,Have certificate,,5.7,Bắc Ninh,Từ Sơn
17360,32.0,4.0,3.5,,,3.0,2.0,3.0,,,2.2,Hà Nội,Hà Đông
2823,72.0,4.1,8.0,,,4.0,,,Have certificate,,10.0,Hồ Chí Minh,Gò Vấp
1675,80.0,4.0,5.0,,,3.0,3.0,3.0,Have certificate,Full,7.7,Hồ Chí Minh,Bình Thạnh
20520,39.0,4.0,3.0,,,4.0,7.0,8.0,Have certificate,,4.7,Hồ Chí Minh,Bình Thạnh
4297,60.0,6.0,6.0,,,3.0,4.0,3.0,Have certificate,,9.5,Hồ Chí Minh,Bình Thạnh
14121,66.0,5.0,8.0,,,3.0,4.0,3.0,Have certificate,Full,5.99,Hồ Chí Minh,Quận 9
15852,38.0,4.0,3.0,,,4.0,,,Have certificate,Basic,8.3,Hà Nội,Ba Đình
17585,125.0,6.0,15.0,Đông - Bắc,Đông - Bắc,3.0,5.0,5.0,Have certificate,Basic,5.1,Đà Nẵng,Liên Chiểu
2094,40.0,4.0,3.5,,,5.0,,,Have certificate,,9.5,Hà Nội,Hà Đông
6649,70.4,5.0,7.0,,,3.0,3.0,3.0,Have certificate,,3.9,Bình Dương,Dĩ An
14621,35.0,4.2,2.0,,,5.0,3.0,4.0,Have certificate,Basic,4.8,Hà Nội,Long Biên
11042,105.0,5.0,10.0,,,,,,Sale contract,,7.8,Hồ Chí Minh,Bình Chánh
10524,150.0,4.2,6.0,,,2.0,4.0,,Have certificate,Basic,6.9,Hồ Chí Minh,Quận 12
14683,40.0,5.0,3.0,,,5.0,3.0,4.0,Have certificate,Basic,6.99,Hà Nội,Hai Bà Trưng
29961,28.0,4.0,5.0,,,2.0,2.0,2.0,Have certificate,Basic,3.45,Hồ Chí Minh,Tân Phú
29015,80.7,6.5,8.0,Đông - Bắc,,3.0,4.0,5.0,Have certificate,Full,7.5,Hồ Chí Minh,Nhà Bè
16000,47.0,4.5,6.0,,,3.0,3.0,3.0,Have certificate,Full,2.34,Hồ Chí Minh,Quận 12
27748,76.0,4.0,7.0,,,3.0,4.0,4.0,Have certificate,Basic,4.35,Bình Dương,Dĩ An
22864,120.0,5.0,12.0,,,3.0,3.0,3.0,Have certificate,,4.3,Bình Dương,Thủ Dầu Một
22946,71.0,8.0,5.0,Bắc,Đông - Bắc,,,,Have certificate,,8.3,Hồ Chí Minh,Tân Bình
21013,87.4,5.0,4.5,Tây - Nam,,3.0,2.0,2.0,Have certificate,,3.1,Khánh Hòa,Nha Trang
1881,61.0,4.0,4.0,Đông - Nam,,2.0,3.0,3.0,Have certificate,,5.1,Hồ Chí Minh,Phú Nhuận
7364,57.0,4.4,6.0,,,3.0,4.0,3.0,Have certificate,,6.4,Hồ Chí Minh,Quận 6
24793,35.0,4.2,3.0,,,5.0,4.0,4.0,Have certificate,Full,6.1,Hà Nội,Đống Đa
26964,142.0,4.0,20.0,,,4.0,3.0,2.0,Have certificate,,5.0,Hải Dương,Chí Linh
25941,26.0,7.5,3.5,,,6.0,,,Have certificate,,3.65,Hà Nội,Hà Đông
29257,28.0,3.5,4.0,,,5.0,6.0,5.0,Have certificate,Full,6.8,Hồ Chí Minh,Quận 3
29107,110.0,5.0,8.0,,,3.0,,,Have certificate,,9.8,Bình Dương,Thủ Dầu Một
28195,96.0,8.0,20.0,Đông,Đông,4.0,6.0,6.0,Sale contract,,9.0,Thanh Hóa.,Hoằng Hóa
16819,46.0,4.0,3.0,,,,4.0,,Have certificate,,9.5,Hà Nội,Thanh Xuân
8921,70.0,4.0,7.0,,,3.0,4.0,3.0,,,7.9,Hồ Chí Minh,Tân Phú
21950,61.6,3.2,3.3,Đông - Bắc,Đông - Bắc,2.0,3.0,3.0,Have certificate,Full,7.9,Hồ Chí Minh,Quận 4
28944,30.0,4.0,3.5,,,5.0,3.0,3.0,Have certificate,Basic,2.7,Hà Nội,Hà Đông
19293,46.0,3.3,8.0,,,2.0,3.0,2.0,Have certificate,Basic,5.85,Hồ Chí Minh,Tân Bình
239,40.0,4.0,3.0,,,4.0,4.0,4.0,Have certificate,Basic,2.5,Hà Nội,Huyện Hoài Đức
5866,74.0,7.34,5.0,Đông - Bắc,Đông - Bắc,2.0,,,Have certificate,,4.8,Hải Phòng,An Dương
12861,54.0,4.5,5.0,Bắc,Bắc,2.0,3.0,2.0,Have certificate,Full,5.15,Đà Nẵng,Hải Châu
9757,183.0,10.0,10.0,Tây - Nam,Đông - Nam,,,,Have certificate,,9.2,Hà Nội,Thạch Thất
21076,45.0,4.2,2.0,,,5.0,3.0,4.0,Have certificate,,5.7,Hà Nội,Long Biên
7222,90.0,5.0,6.0,Tây,Tây,3.0,4.0,3.0,Have certificate,,5.35,Đà Nẵng,Ngũ Hành Sơn
27744,35.5,3.45,3.0,,,4.0,3.0,3.0,Have certificate,,4.9,Hồ Chí Minh,Quận 8
26115,60.0,4.0,6.0,,,3.0,3.0,4.0,Have certificate,Full,6.5,Hồ Chí Minh,Bình Tân
20106,44.0,4.0,3.0,,,5.0,,,Have certificate,Full,6.0,Hà Nội,Ba Đình
23779,40.0,7.0,4.0,,,,,,Have certificate,Basic,7.6,Hồ Chí Minh,Quận 1
9047,120.0,6.0,15.0,Nam,Nam,,,,Have certificate,,7.1,Bắc Ninh,Từ Sơn
12280,68.2,4.4,10.0,Nam,,4.0,3.0,4.0,Have certificate,Basic,4.69,Hải Phòng,Hải An
7844,50.0,4.1,10.0,Đông - Nam,Đông - Nam,3.0,4.0,5.0,Have certificate,Basic,4.45,Hồ Chí Minh,Quận 12
2036,64.0,4.1,5.0,,,4.0,7.0,7.0,Have certificate,Full,8.7,Hồ Chí Minh,Gò Vấp
14572,45.0,4.0,4.0,,,4.0,4.0,3.0,Have certificate,Full,5.15,Hà Nội,Hoàng Mai
5352,50.0,3.6,2.0,,,,2.0,2.0,Sale contract,,2.2,Hà Nội,Tây Hồ
22638,96.0,7.2,10.5,,,3.0,3.0,4.0,Have certificate,Full,8.2,Đà Nẵng,Sơn Trà
5331,36.0,6.0,5.0,Tây - Bắc,,6.0,3.0,4.0,Have certificate,Full,7.89,Hà Nội,Long Biên
19850,41.0,3.9,3.5,,,5.0,5.0,5.0,Have certificate,Full,7.9,Hà Nội,Long Biên
449,35.0,4.0,3.0,,,5.0,2.0,2.0,,,6.85,Hà Nội,Ba Đình
9256,240.0,5.8,12.0,,,3.0,4.0,5.0,,,7.2,Long An,Cần Giuộc
28399,33.0,4.0,3.5,,,5.0,3.0,3.0,Have certificate,Full,4.45,Hà Nội,Hoàng Mai
7217,45.0,4.0,3.0,,,5.0,4.0,4.0,Have certificate,,5.95,Hà Nội,Hà Đông
356,56.0,4.0,13.0,Tây - Bắc,Tây - Bắc,5.0,7.0,4.0,,Basic,7.5,Hưng Yên,Văn Giang
22778,45.0,4.0,4.0,,,4.0,3.0,5.0,Have certificate,Full,6.0,Hà Nội,Hà Đông
1209,44.0,7.0,6.0,Tây - Nam,,,1.0,1.0,Have certificate,,5.4,Hồ Chí Minh,Quận 4
13646,67.0,4.3,5.0,,,,,,,,6.0,Hồ Chí Minh,Quận 7
11416,42.0,4.2,6.0,,,6.0,5.0,5.0,Have certificate,Full,9.5,Hà Nội,Đống Đa
4108,72.0,4.0,12.0,,,4.0,4.0,4.0,Have certificate,,8.5,Hồ Chí Minh,Tân Phú
26701,42.0,5.2,8.0,,,4.0,4.0,4.0,Have certificate,Basic,6.8,Hồ Chí Minh,Quận 3
17880,41.0,4.4,6.0,,,4.0,4.0,3.0,,,3.2,Hải Phòng,Ngô Quyền
9871,52.0,4.0,5.0,Tây,,3.0,4.0,2.0,,Basic,4.85,Hồ Chí Minh,Bình Tân
16127,44.8,4.0,5.0,,,5.0,4.0,4.0,Have certificate,Full,6.1,Hồ Chí Minh,Tân Bình
10997,128.0,8.5,17.0,Tây - Nam,,,,,Have certificate,,4.5,Long An,Cần Giuộc
20079,64.0,4.1,5.0,,,4.0,,,Have certificate,,7.8,Hồ Chí Minh,Gò Vấp
7508,160.0,5.0,12.0,Bắc,Bắc,3.0,4.0,5.0,,,8.7,Hồ Chí Minh.,Quận 9
28584,40.0,5.0,3.0,Đông - Nam,,4.0,5.0,4.0,Have certificate,Full,7.85,Hà Nội,Đống Đa
20420,248.0,10.0,8.0,,,2.0,3.0,3.0,Have certificate,Full,9.99,Hồ Chí Minh,Thủ Đức
18014,55.0,4.1,5.0,,,3.0,,,,,5.6,Hồ Chí Minh,Gò Vấp
10687,72.4,12.0,12.0,Đông - Bắc,Đông - Bắc,3.0,4.0,4.0,Have certificate,,8.9,Hồ Chí Minh,Tân Phú
22544,119.0,7.0,12.0,Tây - Bắc,Tây - Bắc,5.0,,,Have certificate,,8.65,Hồ Chí Minh,Quận 2
12851,83.5,8.0,13.0,Nam,,2.0,2.0,2.0,Have certificate,Basic,3.5,Bình Thuận,Phan Thiết
29352,82.0,4.1,6.0,,,2.0,3.0,3.0,Have certificate,Basic,7.5,Hồ Chí Minh,Tân Phú
22317,36.0,4.2,3.0,,,5.0,,,,,5.6,Hà Nội,Đống Đa
22148,18.0,31.0,3.0,,,4.0,3.0,2.0,Have certificate,,2.58,Hà Nội,Đống Đa
11716,100.0,5.0,54.0,,,3.0,5.0,4.0,Have certificate,,4.8,Bình Dương,Phú Giáo
6932,31.0,4.0,8.0,,,6.0,6.0,6.0,Have certificate,Full,7.1,Hà Nội,Ba Đình
145,56.0,4.8,3.0,Đông - Nam,Đông - Nam,6.0,4.0,4.0,Have certificate,,5.3,Hà Nội,Tây Hồ
22700,62.0,5.0,5.0,Tây - Bắc,,4.0,5.0,6.0,Have certificate,Full,4.6,Lâm Đồng,Đà Lạt
17100,42.0,4.0,3.0,,,5.0,4.0,4.0,Have certificate,,6.5,Hà Nội,Thanh Xuân
17481,76.0,8.0,3.5,Đông - Nam,Đông - Nam,1.0,1.0,1.0,Have certificate,,9.0,Hà Nội,Hà Đông
24487,86.0,1.95,10.0,,,,,,Have certificate,,2.3,Tiền Giang,Gò Công
12791,34.0,3.0,6.0,,,3.0,,,Have certificate,,4.65,Hồ Chí Minh,Tân Phú
29990,70.0,5.0,5.5,,,3.0,4.0,4.0,Have certificate,Full,7.7,Đà Nẵng,Sơn Trà
7726,42.5,3.5,3.0,,,3.0,3.0,2.0,Have certificate,,1.25,Hải Phòng,Dương Kinh
18458,117.0,5.0,7.0,,,,,,,,8.0,Bình Dương,Dĩ An
16379,45.7,5.0,2.4,Tây,,1.0,3.0,,,,2.58,Khánh Hòa,Nha Trang
3908,40.0,4.0,3.0,,,5.0,4.0,,Have certificate,Full,9.6,Hà Nội,Thanh Xuân
24047,168.0,7.0,25.0,,,2.0,,,Sale contract,,5.2,Bình Dương,Tân Uyên
6673,36.0,4.0,3.0,,,7.0,6.0,6.0,Have certificate,Full,9.25,Hà Nội.,Nam Từ Liêm
28364,76.5,4.5,30.0,Đông - Bắc,,,,,Have certificate,,3.6,Bắc Ninh,Bắc Ninh
23171,35.0,4.0,3.0,,,4.0,4.0,,,,3.55,Hà Nội,Bắc Từ Liêm
27257,36.0,3.5,5.5,,,2.0,2.0,2.0,Have certificate,Full,3.3,Đà Nẵng,Thanh Khê
20464,48.0,4.0,5.0,,,,2.0,,Have certificate,Basic,4.0,Hồ Chí Minh,Bình Tân
4629,40.0,4.0,3.0,,,4.0,3.0,3.0,Have certificate,Basic,2.9,Hà Nội,Hoài Đức
15161,60.0,5.0,7.0,Nam,,3.0,3.0,3.0,Have certificate,Basic,3.9,Bình Dương,Dĩ An
17670,27.0,4.0,15.0,,,2.0,2.0,1.0,Have certificate,Full,3.2,Hà Nội,Hai Bà Trưng
26573,77.9,7.35,5.0,Tây - Bắc,Tây - Bắc,3.0,3.0,3.0,Have certificate,Full,7.8,Hồ Chí Minh,Thủ Đức
13560,50.0,4.4,6.0,,,4.0,4.0,3.0,Have certificate,,3.9,Hải Phòng,Ngô Quyền
13426,60.0,5.0,13.0,Đông - Nam,Đông - Nam,,,,Have certificate,,7.5,Hưng Yên,Văn Giang
5854,50.2,4.0,4.0,,,,2.0,1.0,,Full,5.0,Hồ Chí Minh,Quận 8
3385,64.0,4.3,6.0,,,2.0,3.0,3.0,Have certificate,Full,7.7,Hồ Chí Minh,Quận 7
2239,56.0,3.5,10.0,,,3.0,2.0,3.0,Have certificate,Basic,6.2,Hồ Chí Minh,Gò Vấp
11009,35.0,1.5,3.0,,,4.0,3.0,4.0,Have certificate,Full,3.75,Hà Nội,Đống Đa
26755,49.0,4.8,3.0,,,1.0,1.0,1.0,Have certificate,,1.9,Đà Nẵng,Thanh Khê
23231,92.0,4.0,8.0,,,,,,,,9.6,Hồ Chí Minh,Quận 9
5683,27.0,3.4,6.0,,,2.0,2.0,2.0,Have certificate,Basic,2.65,Hồ Chí Minh,Bình Tân
4443,50.0,4.0,3.0,,,6.0,7.0,5.0,Have certificate,,10.0,Hà Nội,Ba Đình
25549,60.0,4.0,3.0,,,1.0,1.0,1.0,Have certificate,,9.6,Hà Nội,Bắc Từ Liêm
8468,46.0,4.1,3.0,,,7.0,,,,Full,8.9,Hà Nội,Bắc Từ Liêm
16157,45.0,4.0,5.0,,,2.0,2.0,3.0,,,4.05,Hồ Chí Minh,Bình Thạnh
20819,70.0,3.8,3.0,,,2.0,2.0,2.0,Have certificate,Basic,6.89,Hà Nội,Tây Hồ
9367,60.0,4.0,10.0,,,4.0,,,Have certificate,Full,8.5,Hồ Chí Minh,Gò Vấp
12673,61.7,5.0,13.0,Tây,Tây,2.0,2.0,2.0,Have certificate,Basic,2.85,Bình Dương,Thuận An
24840,34.0,4.0,4.5,,,6.0,4.0,5.0,Have certificate,Full,4.95,Hà Nội,Long Biên
4559,60.0,5.0,3.0,Tây - Bắc,Tây - Bắc,2.0,2.0,2.0,Have certificate,Full,1.49,Hải Phòng,An Dương
5828,120.0,12.0,12.0,,,4.0,4.0,4.0,Sale contract,,3.95,Long An,Cần Giuộc
19176,32.0,3.7,4.0,,,2.0,2.0,2.0,Have certificate,Full,4.99,Hồ Chí Minh,Quận 3
9602,67.0,4.0,3.0,,,,,,Have certificate,,9.6,Hà Nội.,Nam Từ Liêm
14391,70.0,5.0,6.0,,,2.0,3.0,3.0,Have certificate,,3.8,Hồ Chí Minh,Nhà Bè
7340,45.0,4.35,10.0,,,6.0,4.0,5.0,Have certificate,Full,9.8,Hà Nội,Hoàng Mai
8371,68.0,4.0,8.0,Bắc,,3.0,4.0,3.0,Have certificate,,7.5,Hồ Chí Minh,Bình Tân
16014,35.0,6.0,2.5,Đông - Bắc,,4.0,3.0,3.0,Have certificate,,4.3,Hà Nội.,Nam Từ Liêm
15027,54.0,4.0,3.5,,,,5.0,,Have certificate,Basic,7.5,Hà Nội,Hoàng Mai
18070,30.0,3.5,3.0,,,5.0,3.0,4.0,Have certificate,Full,6.5,Hà Nội,Hà Đông
2430,30.0,3.5,5.0,Bắc,Bắc,2.0,2.0,1.0,Have certificate,Basic,3.7,Hồ Chí Minh,Quận 6
22131,30.5,4.0,3.5,,,5.0,3.0,3.0,Have certificate,,6.4,Hà Nội,Hà Đông
11226,40.0,4.0,6.0,,,3.0,3.0,3.0,Have certificate,Full,6.99,Hồ Chí Minh,Phú Nhuận
1345,103.2,5.0,3.0,,,3.0,,,Have certificate,Full,5.3,Khánh Hòa,Nha Trang
9109,45.0,8.7,3.5,,,4.0,4.0,3.0,Have certificate,,4.95,Hà Nội,Long Biên
4807,50.0,5.0,3.0,,,6.0,5.0,,Have certificate,Full,9.7,Hà Nội,Cầu Giấy
4451,120.0,5.0,8.0,Đông - Nam,,2.0,3.0,3.0,Have certificate,Basic,2.5,Bình Dương,Thủ Dầu Một
11204,45.0,4.0,3.5,,,4.0,4.0,3.0,Have certificate,,5.92,Hà Nội,Hoàng Mai
10563,416.0,11.0,5.0,,,1.0,2.0,2.0,Have certificate,Full,2.35,Lâm Đồng,Huyện Lâm Hà
23887,50.0,3.6,2.0,,,4.0,3.0,3.0,Have certificate,Basic,5.9,Hà Nội,Hai Bà Trưng
7520,45.0,6.0,6.0,,,1.0,1.0,1.0,Have certificate,,6.6,Hồ Chí Minh,Tân Bình
13108,70.0,4.0,8.0,,,,,,Have certificate,Full,7.89,Hồ Chí Minh,Tân Phú
10348,64.1,3.5,12.0,Đông - Bắc,,,4.0,2.0,Have certificate,Basic,8.0,Hồ Chí Minh,Tân Phú
24127,54.0,5.8,3.0,,,4.0,,,Have certificate,,8.98,Hà Nội.,Nam Từ Liêm
14293,60.0,4.1,4.0,,,2.0,2.0,2.0,Have certificate,Basic,5.6,Hồ Chí Minh,Gò Vấp
8067,72.0,4.5,5.0,,,1.0,1.0,1.0,Have certificate,Full,7.95,Hồ Chí Minh,Tân Bình
5956,52.2,4.8,10.0,Nam,Nam,4.0,4.0,5.0,,Full,6.77,Hồ Chí Minh,Quận 12
4930,64.5,4.6,6.0,Tây - Bắc,,2.0,4.0,,Have certificate,Basic,5.5,Hồ Chí Minh,Thủ Đức
3461,30.0,4.6,3.0,,,5.0,3.0,,,,4.4,Hà Nội,Đống Đa
19667,80.0,5.8,12.0,,,,,,Sale contract,,3.2,Long An,Cần Giuộc
1584,59.0,5.0,4.0,Bắc,Bắc,3.0,3.0,3.0,Have certificate,Full,2.15,Hà Nội,Thanh Oai
18159,45.0,4.2,3.5,,,5.0,6.0,5.0,Have certificate,,7.5,Hà Nội,Hà Đông
20633,52.0,4.0,6.0,Đông - Nam,Đông - Nam,5.0,5.0,6.0,Have certificate,Full,5.95,Hồ Chí Minh,Bình Tân
25796,78.0,6.0,11.0,Đông - Nam,,1.0,2.0,1.0,Have certificate,,1.5,Đắk Lắk,Buôn Ma Thuột
15502,160.0,5.2,7.0,,,3.0,2.0,2.0,Sale contract,,6.3,Đồng Nai,Biên Hòa
5069,31.0,4.0,3.0,Đông - Nam,Đông - Nam,5.0,4.0,4.0,,Full,5.7,Hà Nội,Thanh Xuân
13743,40.0,4.0,6.0,,,3.0,3.0,3.0,Have certificate,,4.7,Hồ Chí Minh,Bình Tân
22758,40.0,4.2,3.5,,,,4.0,,Have certificate,,5.45,Hà Nội,Long Biên
11888,30.0,4.0,3.5,,,4.0,4.0,3.0,Have certificate,Basic,4.3,Hà Nội,Hoàng Mai
27163,94.6,4.3,5.5,Đông - Nam,,3.0,3.0,4.0,Have certificate,,5.7,Đà Nẵng,Sơn Trà
25708,82.6,4.2,3.0,,,,,,Have certificate,,3.3,Hồ Chí Minh,Quận 12
12332,66.0,4.0,4.5,,,2.0,2.0,2.0,,Full,2.3,Bà Rịa Vũng Tàu,Vũng Tàu
26873,76.0,4.0,7.0,Đông - Bắc,,3.0,4.0,4.0,Have certificate,Basic,4.35,Bình Dương,Dĩ An
11828,60.0,4.0,3.0,Tây - Nam,,1.0,1.0,1.0,,,1.18,Bình Dương,Dĩ An
17054,50.0,4.3,3.0,,,4.0,,,Have certificate,,7.65,Hà Nội,Hai Bà Trưng
12120,170.0,7.0,10.0,,,2.0,,,Have certificate,,5.9,Hồ Chí Minh,Bình Chánh
18389,48.0,4.0,5.0,Đông,,2.0,2.0,2.0,Sale contract,Basic,1.75,Hồ Chí Minh,Bình Chánh
26300,107.0,4.6,6.0,,,,,,Have certificate,,6.95,Hồ Chí Minh,Thủ Đức
7661,36.0,3.6,2.6,Tây,Tây,6.0,5.0,4.0,Have certificate,Basic,6.9,Hà Nội,Long Biên
11690,75.0,5.0,5.0,,,3.0,,,Have certificate,Basic,10.0,Hồ Chí Minh,Quận 2
27428,45.0,4.0,3.5,,,5.0,6.0,,Have certificate,Basic,8.93,Hà Nội,Hoàng Mai
6621,60.0,5.0,5.5,,,2.0,3.0,2.0,Have certificate,Full,5.6,Đà Nẵng,Sơn Trà
28630,85.0,4.1,5.0,,,,,,,,9.0,Hồ Chí Minh,Gò Vấp
29334,50.0,42.0,4.0,,,4.0,4.0,3.0,Have certificate,Full,7.0,Hà Nội,Cầu Giấy
18574,35.0,4.0,3.5,,,5.0,3.0,,,,8.0,Hà Nội,Hà Đông
20623,70.0,4.0,4.0,,,3.0,4.0,3.0,Have certificate,,5.9,Hồ Chí Minh,Phú Nhuận
4199,30.0,3.575,4.0,,,4.0,3.0,3.0,Have certificate,Full,5.2,Hồ Chí Minh,Quận 5
25237,35.0,5.0,5.0,Đông - Bắc,Đông - Bắc,2.0,2.0,2.0,Have certificate,Basic,1.88,Hồ Chí Minh,Quận 12
20391,80.0,14.0,20.0,Đông,Đông,3.0,4.0,3.0,,,2.99,Long An,Cần Giuộc
18033,62.0,4.0,13.0,Đông,,3.0,3.0,4.0,Have certificate,Basic,3.85,Bình Dương,Thuận An
10360,30.0,3.5,10.0,,,5.0,3.0,4.0,Have certificate,Full,7.98,Hà Nội,Ba Đình
17708,29.0,4.0,4.0,,,4.0,2.0,4.0,Have certificate,Full,4.4,Hồ Chí Minh,Tân Bình
21337,144.0,5.0,5.0,Nam,Nam,,7.0,7.0,Have certificate,Full,4.2,Đà Nẵng,Liên Chiểu
5638,31.0,3.8,3.0,,,5.0,3.0,4.0,Have certificate,Full,6.6,Hà Nội,Ba Đình
7114,40.0,4.0,3.0,,,4.0,,,Have certificate,,8.95,Hà Nội,Cầu Giấy
14903,30.0,4.0,3.0,,,6.0,3.0,4.0,Have certificate,Full,5.85,Hà Nội,Cầu Giấy
5392,35.0,3.6,3.0,,,5.0,3.0,4.0,Have certificate,,5.0,Hà Nội,Hai Bà Trưng
10318,48.0,6.0,4.0,,,3.0,6.0,3.0,,,9.5,Hồ Chí Minh,Quận 1
13779,36.0,3.6,2.3,,,4.0,3.0,4.0,Have certificate,Full,5.3,Hà Nội,Hai Bà Trưng
19078,80.6,5.0,5.0,Tây - Nam,,3.0,5.0,5.0,Have certificate,,9.5,Hồ Chí Minh.,Quận 2
21913,90.0,4.0,6.0,,,3.0,3.0,2.0,,,9.2,Hồ Chí Minh,Bình Tân
3786,97.0,5.0,9.0,Bắc,,,2.0,2.0,Have certificate,Basic,3.95,Khánh Hòa,Nha Trang
21749,40.0,5.0,3.0,Đông - Nam,Đông - Nam,2.0,2.0,2.0,Have certificate,,2.8,Hồ Chí Minh,Thủ Đức
10169,84.0,4.2,7.0,Bắc,,5.0,4.0,4.0,Have certificate,,8.5,Hải Phòng,Lê Chân
2552,108.0,7.0,10.0,,,,,,,,6.87,Khánh Hòa,Cam Ranh
7473,40.0,4.0,5.0,,,4.0,4.0,3.0,Have certificate,Full,7.4,Hà Nội,Hoàng Mai
11278,64.0,4.9,5.0,,,4.0,4.0,5.0,Have certificate,Full,7.7,Hồ Chí Minh,Quận 7
27872,30.0,3.6,3.2,,,5.0,3.0,4.0,Have certificate,Basic,4.4,Hà Nội,Hoài Đức
27498,38.0,4.0,4.0,,,4.0,4.0,3.0,Have certificate,Full,5.8,Hà Nội,Nam Từ Liêm
29964,90.0,5.0,30.0,Tây,,4.0,6.0,3.0,Have certificate,,7.5,Bình Dương,Dĩ An
16013,240.0,15.0,10.0,,,2.0,3.0,,Have certificate,Basic,9.2,Bình Định,Phù Cát
8723,90.0,4.5,14.0,Tây,Tây,1.0,1.0,1.0,Have certificate,,2.5,Bình Định,Quy Nhơn
24767,75.0,5.0,5.0,Bắc,,2.0,3.0,2.0,Have certificate,,3.65,Bình Dương,Dĩ An
8390,32.0,3.2,4.0,Đông,,3.0,4.0,3.0,Have certificate,,6.0,Hồ Chí Minh,Quận 8
18931,57.3,4.6,6.0,,,1.0,,,Have certificate,,6.35,Hồ Chí Minh,Thủ Đức
3037,46.0,4.0,3.5,Nam,Nam,5.0,6.0,4.0,Have certificate,Full,7.85,Hà Nội,Hoàng Mai
19869,75.0,5.0,13.0,,,5.0,,,Have certificate,,9.0,Hưng Yên,Văn Giang
12113,64.0,4.0,16.0,,,,,,Have certificate,Full,8.5,Hồ Chí Minh,Tân Phú
17317,160.0,8.0,14.0,Nam,Nam,3.0,3.0,3.0,Sale contract,,6.4,Đồng Nai,Biên Hòa
2165,48.0,4.0,3.2,,,4.0,4.0,3.0,Have certificate,Full,5.85,Hà Nội,Hà Đông
30106,80.0,5.0,6.0,,,2.0,3.0,2.0,,,7.0,Đà Nẵng,Ngũ Hành Sơn
22766,52.0,5.0,19.0,,,1.0,1.0,1.0,Have certificate,,10.9,Hà Nội,Hà Đông
892,32.0,4.2,5.0,,,5.0,3.0,4.0,Have certificate,Full,4.4,Hà Nội,Long Biên
3317,35.0,3.3,3.0,,,6.0,5.0,,,,5.45,Hà Nội,Nam Từ Liêm
2505,103.6,4.0,7.0,Tây,Tây,3.0,3.0,2.0,Have certificate,,3.9,Hải Phòng,Hồng Bàng
5230,100.0,5.0,10.0,,,3.0,5.0,5.0,Have certificate,Full,9.2,Hồ Chí Minh,Thủ Đức
28667,50.0,4.0,3.0,,,3.0,3.0,2.0,Have certificate,Full,3.75,Hà Nội,Hai Bà Trưng
10071,120.0,8.0,5.0,Bắc,Bắc,2.0,8.0,8.0,Have certificate,,4.5,Hồ Chí Minh,Quận 7
28441,53.0,4.0,2.5,,,5.0,4.0,3.0,Have certificate,Full,7.6,Hà Nội,Long Biên
29600,26.0,9.0,9.0,Đông - Nam,Đông - Nam,5.0,3.0,3.0,Have certificate,Basic,6.6,Hồ Chí Minh,Quận 4
28523,50.0,4.0,3.0,,,4.0,,,,,9.2,Hà Nội,Nam Từ Liêm
4914,51.0,4.0,5.0,,,4.0,4.0,3.0,Have certificate,Basic,2.7,Hà Nội,Chương Mỹ
8532,45.0,5.8,3.0,,,3.0,3.0,,Have certificate,,9.0,Hà Nội,Hà Đông
2928,66.0,3.4,25.0,,,4.0,8.0,8.0,Have certificate,Full,6.6,Hà Nội,Hai Bà Trưng
1519,40.0,4.2,3.5,,,5.0,3.0,4.0,Have certificate,,4.5,Hà Nội,Long Biên
7347,45.8,4.2,3.0,,,5.0,4.0,4.0,Have certificate,Full,6.35,Hà Nội,Đống Đa
3032,32.0,3.7,4.0,,,,,,Have certificate,,6.7,Hồ Chí Minh,Quận 3
29510,35.0,3.0,3.0,Tây,,3.0,4.0,3.0,Have certificate,Basic,5.2,Hà Nội,Hoàn Kiếm
10138,100.0,5.0,10.0,,,2.0,,,Have certificate,,2.3,Kiên Giang,Rạch Giá
10861,47.0,4.0,3.0,,,3.0,3.0,3.0,Have certificate,Basic,2.35,Hà Nội,Quốc Oai
27884,52.5,4.0,3.5,,,2.0,2.0,2.0,Have certificate,,4.49,Hồ Chí Minh,Quận 8
4987,35.0,3.5,5.0,,,3.0,3.0,3.0,Have certificate,,7.45,Hồ Chí Minh,Bình Thạnh
25669,34.0,4.0,5.0,,,2.0,3.0,2.0,,,4.9,Hồ Chí Minh,Bình Thạnh
16295,39.0,3.3,6.0,,,2.0,2.0,2.0,Have certificate,Full,5.0,Hồ Chí Minh,Tân Bình
11025,50.0,4.0,13.0,,,4.0,4.0,4.0,Have certificate,Full,8.8,Hà Nội,Hà Đông
14747,111.0,3.8,40.0,,,1.0,2.0,2.0,Have certificate,Full,8.45,Hồ Chí Minh,Hóc Môn
6090,62.0,4.0,10.0,,,2.0,3.0,3.0,Have certificate,Full,2.75,Đồng Nai,Biên Hòa
23430,55.0,4.0,6.0,Đông,Đông,3.0,3.0,4.0,,,6.4,Hồ Chí Minh,Gò Vấp
17240,110.0,5.0,15.0,,,3.0,,,Have certificate,,5.5,Hải Phòng,Thủy Nguyên
13043,124.0,4.6,6.0,,,2.0,,,,,3.7,Hồ Chí Minh,Thủ Đức
21935,55.0,4.0,3.0,,,4.0,4.0,,Have certificate,,8.8,Hà Nội,Thanh Xuân
2576,33.0,4.84,3.5,,,5.0,,,Have certificate,Full,4.5,Hà Nội,Long Biên
11497,147.0,9.0,3.0,,,3.0,4.0,3.0,Have certificate,Basic,7.9,Hà Nội,Đông Anh
6709,150.0,6.0,10.0,,,3.0,3.0,3.0,Have certificate,,2.2,Vĩnh Phúc,Huyện Yên Lạc
12213,54.0,4.0,3.0,,,2.0,3.0,2.0,Have certificate,Basic,4.59,Hồ Chí Minh,Gò Vấp
12041,52.0,4.1,5.0,,,5.0,4.0,5.0,,,8.2,Hồ Chí Minh,Gò Vấp
1415,90.8,6.0,16.0,Đông - Nam,,4.0,5.0,6.0,Have certificate,,8.5,Khánh Hòa,Nha Trang
17431,74.0,5.0,7.0,,,2.0,2.0,2.0,Have certificate,,3.7,Bình Dương,Dĩ An
25006,51.2,5.0,10.5,Bắc,,1.0,2.0,1.0,Have certificate,Full,5.19,Đà Nẵng,Thanh Khê
13823,61.0,4.0,4.0,,,,,,,,2.9,Hồ Chí Minh,Quận 8
2693,30.0,4.2,3.0,,,5.0,3.0,3.0,Have certificate,Full,5.85,Hà Nội,Tây Hồ
22631,55.0,4.3,5.0,,,4.0,4.0,,Have certificate,,6.1,Hồ Chí Minh,Quận 7
11290,84.5,5.0,7.0,Đông - Bắc,Đông - Bắc,4.0,4.0,5.0,Have certificate,Full,9.4,Hồ Chí Minh,Nhà Bè
7554,86.0,5.0,10.0,,,3.0,4.0,4.0,Have certificate,Full,5.4,Hải Phòng,An Dương
5916,115.0,4.2,25.0,,,,2.0,2.0,Sale contract,,8.8,Hồ Chí Minh,Quận 12
16368,57.0,6.0,6.0,Đông - Bắc,,6.0,3.0,4.0,Have certificate,Full,8.6,Hồ Chí Minh,Gò Vấp
21206,40.0,3.3,3.0,,,5.0,6.0,,,Full,8.5,Hà Nội,Nam Từ Liêm
19460,36.8,4.0,5.0,,,3.0,4.0,3.0,Have certificate,Basic,4.6,Hồ Chí Minh,Bình Tân
26128,35.0,3.6,3.5,,,5.0,3.0,4.0,Have certificate,Full,5.6,Hà Nội,Hà Đông
28238,48.0,4.0,7.0,Đông,,3.0,4.0,,Have certificate,,3.9,Hồ Chí Minh,Bình Tân
3063,94.0,5.0,6.0,Nam,,2.0,3.0,2.0,Have certificate,Basic,2.4,Đồng Nai,Vĩnh Cửu
4454,30.0,5.0,4.0,Nam,Nam,5.0,3.0,4.0,Have certificate,Full,4.1,Hà Nội,Hoài Đức
5960,40.0,4.2,3.5,,,,,,Have certificate,,7.45,Hà Nội,Long Biên
21494,61.4,4.0,6.0,,,5.0,4.0,5.0,,,7.0,Hồ Chí Minh,Tân Bình
17405,70.0,4.0,7.0,,,4.0,3.0,3.0,Have certificate,Full,8.95,Hồ Chí Minh,Tân Bình
13801,53.0,4.0,5.0,Tây - Bắc,,3.0,3.0,3.0,Have certificate,Full,2.7,Hà Nội,Chương Mỹ
25564,35.0,4.0,3.0,,,4.0,3.0,3.0,Have certificate,Basic,2.9,Hà Nội,Hà Đông
1385,110.0,5.0,5.0,Tây - Nam,Tây - Nam,,2.0,1.0,Have certificate,,2.7,Bình Dương,Thủ Dầu Một
6436,95.1,5.0,4.5,,,3.0,4.0,4.0,Have certificate,Full,7.99,Hồ Chí Minh,Quận 2
6210,38.0,3.5,3.5,,,3.0,4.0,3.0,Have certificate,Basic,1.8,Hà Nội,Chương Mỹ
21219,50.0,4.0,3.5,,,2.0,,,Have certificate,,6.6,Hà Nội,Hà Đông
19380,50.0,4.0,6.0,Tây,Tây,4.0,4.0,5.0,Have certificate,,8.9,Hà Nội,Hà Đông
18521,63.0,4.5,15.0,Đông - Nam,,4.0,4.0,4.0,Have certificate,,6.6,Hải Phòng,Ngô Quyền
970,84.0,4.0,10.0,,,4.0,5.0,6.0,Have certificate,Basic,9.2,Hồ Chí Minh,Tân Phú
13780,36.0,4.0,4.0,,,4.0,4.0,5.0,Have certificate,Full,6.25,Hồ Chí Minh,Phú Nhuận
12588,50.0,5.0,8.0,,,3.0,4.0,5.0,Have certificate,,5.7,Hồ Chí Minh,Nhà Bè
26265,46.0,4.0,5.0,,,4.0,3.0,3.0,Have certificate,Basic,6.0,Hồ Chí Minh,Gò Vấp
8469,40.0,4.0,3.0,,,4.0,5.0,,Have certificate,Full,4.6,Hà Nội,Nam Từ Liêm
14520,100.0,5.0,13.0,Tây - Bắc,Tây - Bắc,3.0,3.0,4.0,Sale contract,Full,6.7,Khánh Hòa,Nha Trang
29175,35.0,4.0,3.5,,,5.0,3.0,4.0,Have certificate,Basic,2.55,Hà Nội,Hà Đông
15597,55.0,4.0,6.0,,,5.0,4.0,3.0,,Full,5.5,Hà Nội,Hoàng Mai
17638,38.0,4.3,5.0,,,,2.0,2.0,Have certificate,,2.0,Hồ Chí Minh,Quận 7
23228,68.0,5.0,12.0,,,2.0,2.0,,,Basic,4.3,Hồ Chí Minh,Thủ Đức
18435,50.0,4.0,15.0,Tây - Nam,,4.0,3.0,2.0,Have certificate,Basic,3.95,Hải Phòng,Hồng Bàng
1401,150.0,5.0,8.0,Tây,Tây,2.0,3.0,2.0,Have certificate,Basic,4.1,Bình Dương,Thủ Dầu Một
9283,40.0,5.0,3.0,,,3.0,3.0,,Have certificate,Full,5.35,Hà Nội,Hai Bà Trưng
23149,58.0,4.1,5.0,,,4.0,6.0,7.0,Have certificate,Full,7.5,Hồ Chí Minh,Gò Vấp
4886,74.0,4.1,6.0,,,1.0,2.0,2.0,Have certificate,Basic,6.0,Hồ Chí Minh,Tân Phú
3335,50.0,3.5,3.0,,,6.0,4.0,4.0,Have certificate,,6.5,Hà Nội,Thanh Xuân
8762,67.5,4.5,6.0,,,2.0,4.0,3.0,,,9.5,Đà Nẵng,Ngũ Hành Sơn
24959,63.0,6.5,10.5,,,2.0,,,Have certificate,Full,5.7,Đà Nẵng,Sơn Trà
28514,50.0,4.0,3.5,,,4.0,4.0,4.0,Have certificate,,7.9,Hà Nội,Hà Đông
16851,80.0,5.0,6.0,,,2.0,3.0,2.0,Have certificate,Full,7.5,Hồ Chí Minh,Gò Vấp
23247,70.0,5.0,6.0,,,3.0,3.0,4.0,,,7.3,Hồ Chí Minh,Gò Vấp
19639,35.0,4.1,3.0,,,5.0,,,Have certificate,,6.4,Hà Nội,Bắc Từ Liêm
1927,80.0,4.0,4.0,Nam,Nam,2.0,2.0,2.0,Have certificate,,5.2,Hồ Chí Minh,Quận 12
12988,27.0,3.575,4.0,,,,2.0,2.0,Have certificate,Full,4.9,Hồ Chí Minh,Quận 5
5237,44.0,5.0,5.0,Tây - Bắc,,4.0,4.0,3.0,Have certificate,,5.9,Hồ Chí Minh,Quận 4
9679,60.0,4.2,20.0,,,,,,Have certificate,,5.5,Hồ Chí Minh,Quận 12
14334,42.5,5.0,5.0,,,2.0,2.0,2.0,Have certificate,,1.85,Bình Dương,Thuận An
28463,43.0,4.0,3.5,,,,,,Have certificate,Full,8.6,Hà Nội,Hà Đông
17622,64.7,4.0,6.0,,,4.0,4.0,,Have certificate,Full,8.5,Hồ Chí Minh,Tân Bình
27512,290.0,9.5,5.0,,,1.0,3.0,2.0,Have certificate,Basic,6.1,Đà Nẵng,Cẩm Lệ
24716,97.0,6.0,7.5,,,3.0,3.0,3.0,Have certificate,Full,7.2,Đà Nẵng,Thanh Khê
27619,45.0,8.0,3.0,,,4.0,,,Have certificate,,9.3,Hà Nội,Hai Bà Trưng
18193,51.5,4.25,3.5,Tây - Bắc,Tây - Bắc,3.0,4.0,4.0,Have certificate,,6.3,Hồ Chí Minh,Quận 2
24600,85.0,5.0,5.0,Đông - Nam,Đông - Nam,2.0,4.0,3.0,Have certificate,Basic,7.5,Hồ Chí Minh,Quận 2
18770,64.0,4.0,6.0,Bắc,Bắc,3.0,4.0,4.0,Have certificate,Full,6.48,Hồ Chí Minh,Bình Tân
17421,100.0,4.6,6.0,,,4.0,6.0,7.0,Have certificate,,9.5,Hồ Chí Minh,Thủ Đức
20213,109.0,5.6,4.0,Đông - Nam,Đông - Nam,2.0,3.0,2.0,Have certificate,Full,9.3,Hồ Chí Minh,Thủ Đức
18623,114.0,6.0,15.0,,,4.0,4.0,4.0,Have certificate,Basic,3.31,Bắc Giang.,Lạng Giang
14637,67.0,5.0,7.0,,,,,,Have certificate,,5.8,Bình Dương,Dĩ An
19718,48.0,4.0,3.0,,,,4.0,,Have certificate,,7.75,Hà Nội,Thanh Xuân
18146,94.4,6.0,4.0,,,2.0,2.0,2.0,Have certificate,Basic,3.6,Hồ Chí Minh,Nhà Bè
21662,35.0,4.2,3.0,,,5.0,4.0,4.0,Have certificate,Full,7.2,Hà Nội,Tây Hồ
28468,90.3,4.1,3.0,,,2.0,2.0,,Have certificate,,6.79,Hồ Chí Minh,Gò Vấp
10422,52.0,4.0,6.0,,,4.0,3.0,3.0,Have certificate,Full,9.3,Hồ Chí Minh,Thủ Đức
23296,79.0,4.5,7.5,,,4.0,3.0,6.0,Have certificate,Basic,5.5,Đà Nẵng,Thanh Khê
9990,29.3,6.0,6.0,Đông - Bắc,,2.0,2.0,2.0,Have certificate,Full,3.75,Hồ Chí Minh,Gò Vấp
8560,100.0,5.0,7.5,Đông - Nam,Đông - Nam,3.0,4.0,4.0,Have certificate,Full,5.8,Đà Nẵng,Cẩm Lệ
30073,17.0,4.6,5.0,,,4.0,3.0,3.0,Have certificate,Full,3.6,Hà Nội,Ba Đình
23409,56.0,5.0,5.5,,,2.0,3.0,3.0,Have certificate,Full,5.2,Đà Nẵng,Sơn Trà
18734,95.0,5.0,7.0,,,3.0,3.0,3.0,Have certificate,Full,5.3,Đà Nẵng,Hòa Vang
3309,40.0,4.0,3.5,,,,,,Have certificate,,7.6,Hà Nội,Hoàng Mai
25791,75.0,5.0,13.0,Tây - Bắc,Tây - Bắc,5.0,6.0,4.0,Sale contract,,10.0,Hưng Yên,Văn Giang
6162,46.0,4.0,3.0,,,5.0,6.0,4.0,Have certificate,Basic,7.3,Hà Nội,Ba Đình
21126,50.0,4.0,3.0,,,4.0,4.0,,Have certificate,Full,7.2,Hà Nội,Hai Bà Trưng
9936,46.0,4.0,3.0,,,4.0,,,Have certificate,,8.8,Hà Nội,Thanh Xuân
10680,40.0,4.0,7.0,,,2.0,2.0,2.0,,,1.48,Hồ Chí Minh,Hóc Môn
19387,38.0,6.3,3.0,,,4.0,4.0,3.0,Have certificate,,6.15,Hà Nội,Thanh Xuân
9215,50.0,4.6,6.0,,,1.0,,,Have certificate,,4.3,Hồ Chí Minh,Thủ Đức
5703,42.6,4.0,3.0,,,5.0,3.0,,Have certificate,,6.45,Hà Nội,Thanh Xuân
19466,65.0,6.0,8.0,,,3.0,4.0,3.0,Have certificate,Basic,3.79,Hồ Chí Minh,Quận 9
20326,32.0,4.0,3.0,,,4.0,5.0,4.0,Have certificate,Full,5.65,Hà Nội,Nam Từ Liêm
5632,64.0,4.0,6.0,,,3.0,4.0,5.0,Have certificate,Full,8.5,Hồ Chí Minh,Bình Thạnh
5402,30.0,6.0,3.5,,,6.0,3.0,4.0,Have certificate,Full,4.6,Hà Nội,Long Biên
19095,35.0,4.2,3.0,,,5.0,3.0,4.0,Have certificate,Full,7.0,Hà Nội,Tây Hồ
25834,45.0,6.0,4.0,,,4.0,3.0,4.0,Have certificate,,8.59,Hồ Chí Minh,Phú Nhuận
14809,34.0,4.0,3.5,,,5.0,3.0,,,Full,7.6,Hà Nội,Hà Đông
16800,40.0,4.0,3.0,,,4.0,4.0,4.0,Have certificate,,6.2,Hà Nội,Thanh Xuân
8875,66.0,4.0,12.0,,,4.0,4.0,,Have certificate,,7.3,Hồ Chí Minh,Bình Tân
26171,37.0,4.2,3.0,,,5.0,3.0,4.0,Have certificate,,7.5,Hà Nội,Hai Bà Trưng
920,52.0,5.0,8.0,,,4.0,4.0,4.0,Have certificate,,5.85,Hồ Chí Minh,Quận 9
6079,31.0,3.46,5.0,Tây - Nam,,3.0,2.0,2.0,Have certificate,,4.6,Hồ Chí Minh,Quận 4
15899,75.0,5.0,5.5,Đông,Đông,3.0,4.0,5.0,Have certificate,Full,7.7,Đà Nẵng,Sơn Trà
3664,30.0,4.0,3.5,Đông - Bắc,,4.0,3.0,3.0,Have certificate,Basic,2.55,Hà Nội,Chương Mỹ
19977,300.0,5.0,13.0,,,1.0,3.0,1.0,Have certificate,,7.5,Bình Dương,Dĩ An
4462,30.0,5.0,6.0,,,2.0,2.0,2.0,Have certificate,,2.39,Hồ Chí Minh,Nhà Bè
13264,40.0,4.0,10.0,Đông,,2.0,2.0,2.0,Have certificate,Full,5.4,Hồ Chí Minh,Bình Tân
12449,76.0,4.0,16.0,,,3.0,,,,,7.9,Hồ Chí Minh,Tân Phú
995,33.0,4.0,2.5,,,5.0,4.0,4.0,Have certificate,Full,5.2,Hà Nội,Nam Từ Liêm
20490,107.9,6.0,3.0,Nam,,,2.0,1.0,Have certificate,Basic,1.22,Khánh Hòa,Diên Khánh
18031,60.0,4.0,12.0,Bắc,,3.0,4.0,4.0,Have certificate,Basic,3.6,Bình Dương,Thuận An
11721,140.0,4.2,6.0,,,1.0,2.0,,Have certificate,Full,9.0,Hồ Chí Minh,Quận 12
7169,70.0,4.0,3.0,Đông - Nam,,5.0,6.0,3.0,Have certificate,,9.0,Hà Nội,Ba Đình
16771,80.0,4.0,8.0,,,3.0,4.0,,Have certificate,,8.3,Hồ Chí Minh,Quận 6
20083,35.0,3.7,3.0,,,7.0,4.0,4.0,Have certificate,Full,9.0,Hà Nội.,Nam Từ Liêm
7211,107.0,4.4,8.0,Tây,Tây - Nam,1.0,4.0,4.0,Have certificate,,6.5,Hồ Chí Minh,Thủ Đức
4477,180.0,9.0,15.0,Nam,Nam,3.0,4.0,5.0,Have certificate,,9.84,Bắc Ninh,Từ Sơn
23946,75.0,5.0,5.0,Tây - Bắc,,2.0,2.0,2.0,,,1.85,Bình Dương,Bến Cát
7010,36.4,5.6,5.0,Đông - Nam,,4.0,4.0,3.0,Have certificate,,5.85,Hồ Chí Minh,Gò Vấp
17178,91.3,4.0,5.0,Tây - Nam,Tây - Nam,2.0,3.0,2.0,Have certificate,Full,3.75,Bình Dương,Dĩ An
25329,80.0,5.0,1.0,,,1.0,1.0,1.0,Have certificate,,4.3,Hà Nội,Hoàng Mai
12857,59.1,4.0,3.5,,,3.0,4.0,3.0,,,6.9,Hồ Chí Minh,Quận 8
19946,37.0,4.0,3.0,,,5.0,5.0,3.0,Have certificate,Full,6.45,Hà Nội,Thanh Xuân
15622,36.0,5.0,3.5,,,5.0,3.0,4.0,Have certificate,Basic,4.6,Hà Nội,Long Biên
13802,36.0,4.0,3.0,,,2.0,2.0,2.0,,,4.5,Hồ Chí Minh,Bình Thạnh
24211,30.0,4.0,3.0,,,5.0,3.0,4.0,Have certificate,Full,5.98,Hà Nội,Ba Đình
1704,75.0,5.0,6.0,,,2.0,,,,,7.6,Hồ Chí Minh,Tân Bình
5250,80.0,4.0,6.0,,,2.0,2.0,2.0,Have certificate,Full,6.8,Hồ Chí Minh,Bình Tân
13213,78.9,7.16,13.0,Tây - Nam,Đông - Nam,3.0,4.0,4.0,Have certificate,Basic,4.79,Bình Dương,Dĩ An
4105,120.0,7.0,4.0,,,3.0,9.0,3.0,Have certificate,Basic,7.9,Hồ Chí Minh,Quận 2
13500,35.0,4.8,3.0,,,5.0,3.0,4.0,Have certificate,Full,5.3,Hà Nội,Hoàn Kiếm
1578,52.0,4.0,4.0,,,4.0,7.0,4.0,Have certificate,Full,9.1,Hồ Chí Minh,Phú Nhuận
17353,45.0,4.0,3.75,,,3.0,3.0,2.0,Have certificate,,2.5,Hà Nội,Quốc Oai
22205,108.0,4.0,6.0,,,2.0,3.0,3.0,Have certificate,,8.3,Hồ Chí Minh,Tân Phú
26385,64.0,4.0,6.0,,,3.0,3.0,3.0,Have certificate,,5.7,Hồ Chí Minh,Bình Tân
6806,45.0,4.0,3.0,,,5.0,3.0,4.0,Have certificate,Full,7.3,Hà Nội,Nam Từ Liêm
4294,92.0,6.0,4.0,Bắc,,1.0,2.0,1.0,Have certificate,,3.3,Khánh Hòa,Nha Trang
2710,36.5,4.3,3.0,,,3.0,4.0,,Have certificate,,4.0,Hồ Chí Minh,Quận 7
22847,33.0,3.0,4.0,,,5.0,3.0,3.0,Have certificate,Full,4.5,Hà Nội,Hoàng Mai
27217,49.0,4.04,8.0,,,5.0,5.0,5.0,,,9.8,Hồ Chí Minh,Quận 8
22177,42.0,4.0,6.0,,,3.0,3.0,2.0,Have certificate,Basic,5.94,Hồ Chí Minh,Bình Thạnh
16607,40.0,5.0,3.0,,,6.0,3.0,4.0,Have certificate,Basic,7.5,Hà Nội,Hà Đông
10235,38.0,5.6,3.5,,,4.0,3.0,3.0,Have certificate,Full,6.6,Hà Nội,Đống Đa
12728,42.0,4.0,3.5,,,,,,,,9.99,Hà Nội,Hà Đông
7158,25.6,9.0,15.0,,,2.0,2.0,2.0,Have certificate,,2.8,Hà Nội,Hai Bà Trưng
1212,126.0,5.0,10.0,,,,4.0,4.0,Have certificate,,6.0,Kiên Giang,Rạch Giá
24741,56.0,5.8,2.5,,,4.0,3.0,3.0,Have certificate,Full,7.6,Hà Nội,Hà Đông
13827,40.0,3.3,2.2,Nam,Nam,4.0,4.0,3.0,Have certificate,,5.5,Hà Nội,Hà Đông
13914,138.0,6.4,16.0,Nam,Nam,1.0,1.0,1.0,Have certificate,Basic,8.3,Hồ Chí Minh,Bình Tân
19876,40.0,3.5,3.5,Nam,Nam,4.0,4.0,3.0,Have certificate,Full,9.9,Hà Nội,Tây Hồ
19832,60.0,3.5,25.0,Tây - Bắc,Tây - Bắc,4.0,4.0,3.0,Have certificate,,7.9,Quảng Ninh,Hạ Long
19694,40.4,5.0,5.0,Tây - Bắc,,3.0,3.0,5.0,,,8.6,Hồ Chí Minh,Phú Nhuận
17490,73.0,4.0,2.5,Đông - Nam,Đông - Nam,4.0,7.0,4.0,Have certificate,Basic,8.9,Hà Nội,Đống Đa
16977,26.0,3.7,3.0,Nam,,6.0,,,Have certificate,,6.0,Hà Nội,Hoàn Kiếm
10505,80.0,4.1,5.0,,,3.0,4.0,5.0,,,6.4,Hồ Chí Minh,Gò Vấp
18904,32.0,4.0,3.2,,,4.0,4.0,5.0,Have certificate,Full,3.85,Hà Nội,Thanh Trì
24214,30.0,4.0,3.5,,,4.0,5.0,5.0,Have certificate,Full,6.2,Hà Nội,Hoàng Mai
23369,72.0,8.0,16.0,Nam,Bắc,,,,Sale contract,,5.9,Hồ Chí Minh,Tân Bình
25850,62.0,4.5,5.0,,,2.0,2.0,2.0,Have certificate,Basic,3.9,Hồ Chí Minh,Quận 12
11054,69.0,4.5,12.0,,,3.0,4.0,3.0,Have certificate,,3.85,Bình Dương,Dĩ An
12764,95.0,5.0,7.5,,,3.0,3.0,3.0,Have certificate,Full,7.5,Đà Nẵng,Hải Châu
4352,52.0,4.0,3.5,,,3.0,3.0,3.0,Have certificate,Full,2.7,Hà Nội,Chương Mỹ
16382,100.0,5.0,12.0,,,,,,,,2.25,Bình Dương,Bến Cát
8885,40.0,5.0,3.0,Đông - Nam,Đông - Nam,6.0,7.0,5.0,Have certificate,Full,7.8,Hà Nội,Ba Đình
24174,44.0,4.08,5.0,,,,,,,,8.6,Hồ Chí Minh,Quận 10
8713,90.0,5.0,7.5,Tây - Nam,Tây - Nam,3.0,3.0,4.0,Have certificate,Full,5.6,Đà Nẵng,Liên Chiểu
1607,80.0,5.0,5.0,Đông - Bắc,,2.0,2.0,2.0,Have certificate,Basic,2.0,Bình Dương,Thủ Dầu Một
6265,185.0,5.0,7.0,Đông - Nam,,1.0,,,Have certificate,,9.0,Hồ Chí Minh,Hóc Môn
13702,97.0,5.0,6.0,,,3.0,,,,,4.1,Đà Nẵng,Liên Chiểu
8012,32.0,4.0,3.0,Tây - Bắc,Tây - Bắc,4.0,5.0,4.0,Have certificate,Full,3.75,Hà Nội,Ba Đình
5863,161.0,4.2,6.0,,,,,,Have certificate,,8.3,Hồ Chí Minh,Quận 12
3637,132.0,6.0,12.0,Tây - Nam,,3.0,3.0,4.0,Have certificate,Full,8.8,Hồ Chí Minh,Quận 9
28454,87.0,4.0,14.0,Bắc,,,,,Have certificate,,7.85,Hồ Chí Minh,Quận 9
25617,40.0,5.0,3.0,Bắc,Bắc,5.0,3.0,4.0,Have certificate,,6.75,Hà Nội,Hai Bà Trưng
597,108.0,6.0,6.0,Nam,,1.0,2.0,2.0,Have certificate,Basic,2.85,Đồng Nai,Long Thành
24602,55.0,4.2,3.5,,,4.0,4.0,,Have certificate,Full,5.65,Hà Nội,Long Biên
9691,68.0,4.6,5.0,,,,,,,,5.3,Hà Nội,Gia Lâm
11974,70.0,8.0,8.0,Bắc,Bắc,4.0,4.0,5.0,Have certificate,Full,8.6,Hồ Chí Minh,Nhà Bè
14254,135.0,9.0,13.5,Nam,Đông - Nam,3.0,,,Have certificate,,7.55,Bắc Ninh,Từ Sơn
28695,37.0,3.7,3.0,,,5.0,3.0,4.0,Have certificate,Full,5.0,Hà Nội,Hai Bà Trưng
25144,50.0,5.0,6.0,,,4.0,4.0,4.0,Have certificate,,5.6,Hồ Chí Minh,Nhà Bè
25064,23.0,3.4,6.0,Đông,,2.0,2.0,2.0,Have certificate,,1.09,Cần Thơ,Ninh Kiều
22097,40.0,3.0,3.0,,,3.0,2.0,2.0,Have certificate,,7.0,Hà Nội.,Nam Từ Liêm
19508,71.6,4.6,6.0,,,3.0,4.0,4.0,,,7.8,Hồ Chí Minh,Thủ Đức
193,120.0,7.0,17.5,,,,,,Have certificate,,7.0,Quảng Trị,Thành phố Đông Hà
10825,166.0,6.0,5.0,Đông,,1.0,3.0,1.0,Have certificate,Basic,2.5,Bà Rịa Vũng Tàu,Thị xã Phú Mỹ
16065,40.0,3.5,10.0,,,5.0,6.0,4.0,Have certificate,Full,9.95,Hà Nội,Hà Đông
9453,35.0,3.8,3.5,,,5.0,,,Have certificate,Full,7.3,Hà Nội,Hà Đông
23968,48.0,5.0,13.0,,,,,,,,5.5,Hưng Yên,Văn Giang
14274,64.0,4.0,7.0,Nam,Nam,4.0,5.0,5.0,Have certificate,Full,5.2,Hồ Chí Minh,Bình Tân
21541,15.0,4.0,5.0,,,2.0,,,Have certificate,,1.82,Hồ Chí Minh,Bình Thạnh
29112,90.0,5.0,8.0,,,4.0,,,Have certificate,,9.8,Bình Dương,Thủ Dầu Một
16675,39.0,4.0,3.0,,,4.0,5.0,4.0,Have certificate,Full,5.35,Hà Nội,Thanh Trì
1389,125.0,5.0,5.0,Đông - Nam,Đông - Nam,1.0,3.0,2.0,Have certificate,Basic,2.95,Bình Dương,Thủ Dầu Một
15121,50.0,4.5,3.2,,,3.0,3.0,3.0,Have certificate,,8.2,Hà Nội,Hà Đông
5544,40.0,6.0,3.0,Tây - Nam,Tây - Nam,5.0,3.0,4.0,Have certificate,Full,5.3,Hà Nội,Nam Từ Liêm
30081,100.0,5.0,18.0,Tây - Nam,,3.0,3.0,4.0,Sale contract,Full,5.95,Khánh Hòa,Nha Trang
19345,75.0,4.0,8.0,,,5.0,4.0,5.0,Have certificate,Full,6.6,Hồ Chí Minh,Bình Tân
25201,72.0,4.0,6.0,,,2.0,2.0,2.0,Have certificate,Full,3.8,Đồng Nai,Biên Hòa
7999,43.0,3.9,3.0,,,5.0,9.0,5.0,Have certificate,,9.5,Hà Nội,Đống Đa
22359,161.8,6.0,6.0,Đông,Đông,2.0,3.0,2.0,Have certificate,Full,6.5,Hồ Chí Minh,Nhà Bè
3260,34.0,4.0,3.0,,,5.0,3.0,4.0,Have certificate,Full,6.6,Hà Nội,Thanh Xuân
29283,100.0,5.5,3.5,,,,3.0,3.0,Have certificate,Basic,7.8,Hồ Chí Minh,Bình Thạnh
24802,74.0,4.1,5.0,,,2.0,2.0,2.0,Have certificate,,5.8,Hồ Chí Minh,Gò Vấp
16413,58.0,5.4,3.0,Tây - Nam,Tây - Nam,4.0,4.0,5.0,Have certificate,,4.95,Hà Nội.,Hoài Đức
6135,34.0,4.0,3.0,,,5.0,3.0,3.0,,,2.75,Hà Nội,Hoài Đức
27309,47.0,4.08,5.0,,,4.0,,,Have certificate,,8.9,Hồ Chí Minh,Quận 10
18683,91.2,6.5,8.0,Tây - Nam,Tây - Nam,4.0,4.0,6.0,Have certificate,Full,9.5,Hồ Chí Minh,Nhà Bè
15492,28.0,3.6,3.0,,,5.0,3.0,4.0,Have certificate,Full,4.6,Hà Nội,Đống Đa
434,38.0,4.2,3.5,,,5.0,,,Have certificate,Full,4.5,Hà Nội,Long Biên
29564,40.0,7.0,3.5,Đông - Bắc,,5.0,3.0,3.0,Have certificate,Full,7.5,Hà Nội,Long Biên
12131,42.0,5.5,8.0,,,5.0,6.0,6.0,Have certificate,Full,9.0,Hồ Chí Minh,Quận 4
24285,66.7,4.0,5.0,,,,,,Have certificate,Full,5.85,Hồ Chí Minh,Quận 12
26282,40.0,4.0,3.2,,,6.0,5.0,,Have certificate,Full,6.5,Hà Nội,Thanh Trì
3225,36.0,3.6,4.0,,,4.0,3.0,3.0,Have certificate,Full,3.5,Hồ Chí Minh,Quận 4
22832,45.0,4.5,2.2,,,,2.0,1.0,Have certificate,,2.4,Hồ Chí Minh,Bình Thạnh
1894,34.2,3.2,2.0,Bắc,,3.0,,,,,2.8,Hà Nội,Hoài Đức
17223,33.0,4.0,3.5,,,4.0,3.0,3.0,Have certificate,Basic,2.25,Hà Nội,Hà Đông
21014,40.0,4.2,3.0,,,5.0,7.0,,Have certificate,,6.8,Hà Nội,Tây Hồ
9437,80.0,4.7,5.0,Tây,,2.0,3.0,3.0,Have certificate,Basic,2.75,Đồng Nai,Biên Hòa
17430,40.0,4.0,3.0,,,5.0,7.0,5.0,Have certificate,Full,5.8,Hà Nội,Cầu Giấy
25288,50.0,5.0,6.0,,,1.0,2.0,2.0,Have certificate,Full,3.2,Hồ Chí Minh,Bình Tân
25432,35.0,4.2,6.0,,,2.0,3.0,2.0,Sale contract,,1.68,Hồ Chí Minh,Quận 12
7236,64.0,4.0,7.0,,,2.0,3.0,2.0,,,6.2,Hồ Chí Minh,Tân Phú
1344,35.0,3.9,4.5,,,5.0,4.0,4.0,Have certificate,Full,7.5,Hà Nội,Hoàng Mai
29384,98.0,4.7,5.0,,,2.0,2.0,3.0,Have certificate,Full,5.5,Hồ Chí Minh,Quận 12
26163,60.0,5.0,3.0,,,5.0,,,Have certificate,Full,8.98,Hà Nội,Ba Đình
12278,40.0,3.5,3.0,Đông - Nam,Đông - Nam,3.0,3.0,3.0,Have certificate,Full,3.2,Hà Nội,Gia Lâm
16411,40.0,4.0,3.0,,,4.0,3.0,3.0,Have certificate,Full,2.7,Hà Nội,Hà Đông
21874,33.0,4.1,3.0,Tây - Nam,,5.0,4.0,3.0,Have certificate,Basic,3.2,Hà Nội,Bắc Từ Liêm
6458,26.5,5.0,10.0,,,,2.0,2.0,,,1.57,Hồ Chí Minh,Quận 12
8484,55.0,4.0,3.0,,,5.0,5.0,,Have certificate,Basic,8.0,Hà Nội,Cầu Giấy
10960,70.0,4.5,5.5,,,3.0,3.0,3.0,Have certificate,Full,5.7,Đà Nẵng,Hải Châu
26008,56.25,4.5,7.0,Tây - Bắc,Tây - Bắc,4.0,5.0,6.0,Have certificate,Basic,6.85,Hồ Chí Minh,Bình Tân
16385,35.0,4.0,3.0,,,4.0,4.0,4.0,Have certificate,Full,6.6,Hà Nội,Nam Từ Liêm
12492,40.0,4.0,2.5,Bắc,Bắc,4.0,4.0,4.0,,Basic,3.0,Hà Nội,Hoài Đức
23186,90.0,4.0,6.0,,,4.0,4.0,,,,7.59,Hồ Chí Minh,Tân Bình
4801,91.0,5.0,13.0,,,,,,Have certificate,,9.1,Hưng Yên,Văn Giang
11455,32.0,4.0,3.5,,,5.0,3.0,4.0,Have certificate,Basic,5.95,Hà Nội,Hoàng Mai
26176,90.0,4.5,7.0,Đông - Bắc,Đông - Bắc,2.0,3.0,3.0,Have certificate,Basic,3.25,Kiên Giang,Rạch Giá
26989,89.4,4.7,4.0,,,,4.0,,Have certificate,,5.9,Hồ Chí Minh,Thủ Đức
1794,35.0,3.5,3.5,Tây - Nam,,4.0,4.0,3.0,Have certificate,Basic,3.7,Hà Nội,Thanh Trì
22187,73.0,6.0,6.0,Bắc,,,2.0,2.0,Have certificate,,3.35,Lâm Đồng,Đức Trọng
26753,30.0,4.0,4.0,Tây - Bắc,Đông - Nam,5.0,4.0,4.0,Have certificate,Full,4.89,Hà Nội,Hoàng Mai
15911,100.0,5.0,5.0,,,1.0,3.0,2.0,Have certificate,,1.4,Long An,Đức Hòa
1239,42.0,4.0,6.0,,,2.0,2.0,2.0,Have certificate,Basic,2.5,Hồ Chí Minh,Quận 12
22316,84.0,6.0,13.0,,,,,,,,8.6,Hưng Yên,Văn Giang
27655,100.0,6.0,16.0,,,3.0,,,,,3.0,Bình Dương,Tân Uyên
15100,109.0,5.5,5.0,Đông - Bắc,Đông - Bắc,2.0,3.0,2.0,Have certificate,Full,1.95,Đồng Nai,Vĩnh Cửu
6794,50.0,4.0,3.0,,,5.0,4.0,,Have certificate,,6.9,Hà Nội,Thanh Xuân
7196,131.0,6.0,6.0,,,2.0,3.0,4.0,Have certificate,,9.5,Hồ Chí Minh,Thủ Đức
24502,82.0,6.5,5.5,,,3.0,3.0,2.0,Have certificate,Basic,6.8,Đà Nẵng,Hải Châu
29829,35.0,4.2,3.0,,,5.0,,,Have certificate,,8.38,Hà Nội,Đống Đa
22173,71.4,5.0,10.0,,,3.0,3.0,4.0,Have certificate,Full,9.5,Hồ Chí Minh,Quận 9
10080,79.0,4.6,6.0,Đông - Nam,,,3.0,,,,4.05,Hồ Chí Minh,Thủ Đức
17664,47.0,4.2,6.0,,,4.0,4.0,,Have certificate,Basic,6.98,Hồ Chí Minh,Tân Bình
14196,35.0,4.0,3.5,,,4.0,4.0,3.0,Have certificate,,9.0,Hà Nội,Hà Đông
14382,100.0,5.0,12.0,Đông - Bắc,,4.0,,,Have certificate,,5.9,Lào Cai,Sa Pa
28547,38.0,4.2,3.0,,,6.0,,,Have certificate,,5.95,Hà Nội,Ba Đình
18466,40.0,4.0,3.5,,,5.0,6.0,4.0,Have certificate,Basic,5.1,Hà Nội,Hoàng Mai
28817,68.0,4.0,8.0,,,4.0,4.0,,Have certificate,,5.8,Hồ Chí Minh,Quận 12
16809,71.0,3.8,7.0,Đông - Bắc,,2.0,2.0,2.0,Have certificate,Basic,3.2,Đồng Nai,Biên Hòa
10985,37.0,4.0,3.5,,,,2.0,1.0,Have certificate,,3.25,Hà Nội,Hoàng Mai
27842,225.0,5.5,30.0,Tây - Bắc,,2.0,3.0,3.0,Have certificate,Full,9.7,Bình Dương,Dĩ An
18331,104.0,6.0,3.0,,,2.0,5.0,3.0,Have certificate,,4.3,Hồ Chí Minh,Thủ Đức
13099,150.0,10.0,5.0,,,2.0,3.0,3.0,Have certificate,,6.0,Quảng Nam,Hội An
29416,77.0,4.1,5.0,,,3.0,4.0,5.0,,,7.2,Hồ Chí Minh,Gò Vấp
17500,108.0,4.0,6.0,,,3.0,6.0,6.0,Have certificate,Basic,7.6,Hồ Chí Minh,Bình Tân
29468,58.0,4.7,2.7,Nam,Nam,5.0,6.0,3.0,Have certificate,Basic,6.8,Hà Nội,Long Biên
19566,62.0,5.0,12.0,Tây,Tây,3.0,3.0,2.0,Have certificate,Basic,2.75,Hải Phòng,An Dương
29353,40.0,4.0,3.0,,,4.0,4.0,3.0,Have certificate,,6.9,Hà Nội,Hai Bà Trưng
14645,38.0,4.2,3.5,,,5.0,3.0,3.0,Have certificate,Full,4.9,Hà Nội,Long Biên
21528,126.0,6.0,21.0,,,4.0,4.0,4.0,Have certificate,Basic,7.95,Thừa Thiên Huế,Huế
4096,33.0,3.7,3.5,,,6.0,3.0,,Have certificate,Basic,6.9,Hà Nội,Hà Đông
1380,30.0,4.0,3.0,Tây - Nam,,5.0,3.0,3.0,Have certificate,Full,4.15,Hà Nội,Hà Đông
21305,150.0,5.0,16.0,Nam,Nam,1.0,3.0,2.0,,,2.2,Bình Dương,Bến Cát
15739,52.0,4.6,8.0,,,4.0,,,Have certificate,,4.0,Hồ Chí Minh,Thủ Đức
22383,108.0,4.1,8.0,,,,,,Have certificate,,7.5,Hồ Chí Minh,Gò Vấp
4316,33.0,4.0,3.0,Đông - Nam,,5.0,3.0,4.0,Have certificate,Full,5.19,Hà Nội,Hoàng Mai
11842,60.0,5.0,12.0,,,3.0,4.0,4.0,,,3.6,Bình Dương,Thuận An
20667,123.0,5.2,12.0,,,4.0,8.0,8.0,Have certificate,Full,8.9,Hồ Chí Minh,Quận 9
14408,33.0,3.3,3.5,,,4.0,3.0,3.0,Have certificate,,3.6,Hà Nội,Hoàng Mai
440,36.0,4.0,4.0,,,4.0,5.0,4.0,Have certificate,Full,6.25,Hồ Chí Minh,Phú Nhuận
8848,46.3,4.3,3.5,,,4.0,4.0,3.0,Have certificate,,5.15,Hà Nội,Long Biên
7267,60.0,4.0,3.5,,,5.0,5.0,4.0,Have certificate,Full,7.6,Hà Nội,Hà Đông
19588,64.4,4.0,6.0,Đông - Bắc,,,1.0,1.0,,,4.7,Hồ Chí Minh,Bình Tân
29179,30.0,3.8,2.9,,,5.0,3.0,4.0,Have certificate,Basic,3.85,Hà Nội,Hoài Đức
5597,52.0,4.0,3.0,,,3.0,,,Have certificate,,9.5,Hà Nội,Thanh Xuân
20931,90.0,4.0,20.0,Đông - Nam,,1.0,1.0,1.0,,,9.2,Bà Rịa Vũng Tàu,Vũng Tàu
15931,120.0,6.0,64.0,Nam,Nam,3.0,4.0,5.0,Have certificate,,8.6,Bắc Ninh,Từ Sơn
6980,87.0,4.0,3.6,Đông - Bắc,Tây - Bắc,2.0,3.0,2.0,Have certificate,Full,4.6,Bình Dương,Dĩ An
16501,38.0,4.0,3.0,,,4.0,,,Have certificate,Full,8.1,Hà Nội,Cầu Giấy
22324,35.0,4.2,3.5,,,5.0,,,,Full,4.5,Hà Nội,Long Biên
1131,21.0,4.0,5.0,,,2.0,2.0,1.0,Have certificate,Basic,2.55,Hồ Chí Minh,Bình Thạnh
1506,100.0,8.0,13.0,Nam,,,,,Have certificate,,9.7,Bình Thuận,Phan Thiết
28791,35.0,4.0,8.0,,,3.0,5.0,3.0,Have certificate,Full,2.85,Hồ Chí Minh,Bình Tân
21058,88.6,5.0,6.0,,,,,,,,6.4,Hồ Chí Minh,Thủ Đức
14751,53.0,4.0,4.0,,,4.0,4.0,,,,7.09,Hồ Chí Minh,Phú Nhuận
16559,64.0,4.0,16.0,Tây,Tây,2.0,2.0,3.0,Have certificate,Full,9.0,Hồ Chí Minh,Tân Phú
3714,85.0,4.2,6.0,,,5.0,5.0,5.0,Have certificate,,9.5,Hồ Chí Minh,Quận 12
10606,30.0,4.0,3.0,,,5.0,3.0,4.0,Have certificate,Basic,7.98,Hà Nội,Ba Đình
15850,35.0,4.0,6.0,Tây,Tây,1.0,2.0,2.0,Have certificate,Basic,1.93,Hồ Chí Minh,Bình Tân
26488,60.0,5.0,12.0,,,2.0,4.0,4.0,Have certificate,Full,3.7,Bình Dương,Thuận An
20433,168.0,6.0,16.0,,,,,,,,5.11,Bình Dương,Tân Uyên
11011,37.0,4.0,3.0,Đông - Bắc,Đông - Bắc,4.0,2.0,3.0,Have certificate,,5.9,Hà Nội,Hai Bà Trưng
8776,60.0,4.0,6.0,,,3.0,3.0,3.0,Have certificate,Full,5.98,Hồ Chí Minh,Quận 9
8544,90.0,6.0,7.5,Đông,Đông,1.0,2.0,1.0,Have certificate,Full,5.25,Đà Nẵng,Cẩm Lệ
14725,112.0,7.0,19.75,Bắc,Bắc,2.0,3.0,3.0,Have certificate,,4.2,Thừa Thiên Huế,Hương Thủy
24058,20.0,4.0,3.0,,,5.0,5.0,5.0,Have certificate,Full,5.5,Hà Nội,Hoàn Kiếm
5610,75.0,5.0,25.0,Nam,Nam,1.0,3.0,2.0,Have certificate,Basic,3.45,Bình Dương,Thuận An
24582,31.9,3.5,3.0,Đông,Đông,2.0,2.0,3.0,Have certificate,,6.0,Hồ Chí Minh,Phú Nhuận
9738,80.0,4.0,8.0,,,3.0,4.0,4.0,Have certificate,,7.9,Hồ Chí Minh,Quận 12
1480,79.0,4.1,5.0,,,1.0,,,,,6.2,Hồ Chí Minh,Gò Vấp
16251,35.0,4.9,3.0,,,5.0,3.0,,Have certificate,,7.45,Hà Nội,Thanh Xuân
2456,100.0,5.0,6.0,,,1.0,3.0,2.0,Have certificate,,1.85,Đồng Nai,Biên Hòa
4288,34.1,4.0,4.0,,,2.0,3.0,2.0,Have certificate,Full,4.86,Hồ Chí Minh,Bình Thạnh
10669,34.0,3.2,3.0,Nam,Nam,5.0,3.0,4.0,Have certificate,,5.33,Hà Nội,Hoàng Mai
2816,30.0,4.2,3.0,,,4.0,4.0,3.0,Have certificate,Basic,5.25,Hà Nội,Tây Hồ
10674,75.0,5.0,11.5,,,4.0,6.0,7.0,Have certificate,,4.2,Bắc Ninh,Từ Sơn
16773,52.0,4.0,6.0,,,3.0,,,Have certificate,Full,4.6,Hồ Chí Minh,Tân Bình
11295,97.8,4.5,9.0,Đông - Nam,Đông - Nam,4.0,4.0,5.0,Have certificate,Full,8.6,Hồ Chí Minh,Nhà Bè
9088,61.0,4.0,5.0,,,2.0,2.0,3.0,,,5.9,Hồ Chí Minh,Quận 2
11972,35.0,3.69,4.9,,,,,,,,2.99,Hà Nội,Huyện Thanh Oai
6568,105.0,5.0,6.0,Bắc,,1.0,3.0,2.0,,Full,3.99,Đắk Lắk,Buôn Ma Thuột
21620,41.0,4.5,3.0,,,3.0,,,Have certificate,Full,6.0,Hà Nội,Đống Đa
22312,63.2,4.6,5.0,,,,,,Have certificate,,7.8,Hà Nội,Gia Lâm
22619,168.0,7.0,16.0,,,2.0,3.0,3.0,Sale contract,,5.1,Bình Dương,Tân Uyên
15008,44.0,4.6,6.0,,,4.0,4.0,,Have certificate,,9.6,Hồ Chí Minh,Thủ Đức
16659,38.0,4.0,12.0,,,3.0,3.0,,Have certificate,,5.0,Hồ Chí Minh,Tân Phú
25993,73.0,5.0,12.0,Bắc,,2.0,2.0,2.0,Have certificate,,1.45,Bình Dương,Bến Cát
8205,35.0,4.0,4.0,,,5.0,3.0,3.0,Have certificate,Basic,5.4,Hà Nội,Hà Đông
13587,135.2,6.0,12.0,Đông - Nam,Đông - Nam,3.0,3.0,3.0,Have certificate,Full,8.2,Hà Nội,Hà Đông
27644,46.0,4.0,3.0,,,4.0,,,Have certificate,,6.2,Hà Nội,Cầu Giấy
2639,73.6,4.6,6.0,,,5.0,5.0,5.0,Have certificate,Basic,8.4,Hồ Chí Minh,Tân Bình
28531,83.6,5.0,8.0,,,3.0,4.0,5.0,Have certificate,Full,8.6,Hồ Chí Minh,Nhà Bè
18870,67.5,5.0,10.0,Đông - Nam,,,,,Have certificate,,5.28,Hải Phòng,Quận Kiến An
19923,112.0,8.0,8.0,,,3.0,5.0,5.0,Have certificate,Full,8.5,Hồ Chí Minh,Bình Tân
26574,38.8,5.0,6.0,,,2.0,2.0,2.0,Have certificate,,3.57,Hồ Chí Minh,Nhà Bè
25638,37.0,3.8,3.0,,,2.0,2.0,2.0,Have certificate,Full,1.1,Hà Nội,Thanh Oai
14702,90.0,5.0,8.0,Đông,,2.0,3.0,,Have certificate,Full,8.0,Bà Rịa Vũng Tàu,Vũng Tàu
10102,76.0,4.0,5.5,Đông,Đông,3.0,4.0,3.0,Have certificate,Full,5.7,Đà Nẵng,Hải Châu
2802,117.0,8.0,13.0,Đông - Bắc,Đông - Bắc,3.0,3.0,4.0,Sale contract,,7.5,Khánh Hòa,Nha Trang
29500,50.0,4.0,6.0,,,2.0,3.0,2.0,Have certificate,Basic,4.1,Hồ Chí Minh,Bình Tân
7870,45.0,4.7,5.6,,,3.0,3.0,3.0,Have certificate,Basic,3.47,Hồ Chí Minh,Bình Tân
3008,85.0,4.1,6.0,,,3.0,,,,,4.07,Quảng Nam,Hội An
2921,46.0,4.0,3.0,,,4.0,4.0,3.0,Have certificate,Full,8.5,Hà Nội,Cầu Giấy
21075,35.0,3.5,3.0,,,5.0,,,Have certificate,Full,6.6,Hà Nội,Cầu Giấy
29649,30.0,4.0,3.2,,,5.0,6.0,4.0,Have certificate,Basic,3.88,Hà Nội,Thanh Trì
9583,50.0,4.0,3.0,,,1.0,1.0,1.0,Have certificate,Basic,9.8,Hà Nội.,Nam Từ Liêm
2005,35.0,3.5,4.0,Tây - Nam,Tây - Nam,3.0,3.0,3.0,Have certificate,Basic,2.48,Hồ Chí Minh,Quận 12
6572,61.4,4.0,6.0,,,2.0,4.0,3.0,Have certificate,,5.3,Hồ Chí Minh,Tân Bình
9097,85.7,5.4,7.0,Tây,Tây,1.0,3.0,3.0,Have certificate,Full,8.5,Hồ Chí Minh,Thủ Đức
7968,50.0,4.2,3.5,,,,3.0,,Have certificate,,7.9,Hà Nội,Long Biên
28135,60.0,4.2,3.0,,,4.0,4.0,3.0,Have certificate,Full,8.6,Hà Nội,Tây Hồ
3233,48.0,4.0,3.0,,,4.0,4.0,4.0,Have certificate,Basic,8.5,Hà Nội,Hai Bà Trưng
27895,40.0,4.0,3.0,,,6.0,3.0,5.0,Have certificate,Basic,8.2,Hà Nội,Ba Đình
24823,81.0,4.1,5.0,,,4.0,,,,,7.9,Hồ Chí Minh,Gò Vấp
25346,60.75,4.5,6.0,,,2.0,2.0,3.0,Have certificate,Basic,2.35,Đồng Nai,Biên Hòa
2047,105.0,5.0,4.0,Đông - Bắc,,2.0,3.0,1.0,Have certificate,Full,1.95,Đà Nẵng,Hòa Vang
16225,80.0,5.0,12.0,Đông - Nam,Đông - Nam,3.0,3.0,3.0,Have certificate,Basic,2.3,Bình Dương,Bàu Bàng
4422,33.0,3.42,3.0,Đông,Nam,5.0,5.0,4.0,Have certificate,Full,4.5,Hà Nội,Thanh Trì
25616,90.0,4.6,6.0,,,2.0,,,Have certificate,,5.5,Hồ Chí Minh,Thủ Đức
17860,31.0,3.1,3.5,Đông - Nam,Đông - Nam,4.0,2.0,3.0,Have certificate,Full,6.5,Hồ Chí Minh,Phú Nhuận
4841,133.9,6.0,3.5,Tây - Nam,Đông - Bắc,2.0,3.0,3.0,Have certificate,,9.5,Khánh Hòa,Nha Trang
17016,32.0,3.0,3.0,,,4.0,4.0,4.0,Have certificate,Full,9.0,Hà Nội,Thanh Xuân
3681,90.0,4.3,8.0,Đông - Bắc,Đông - Bắc,4.0,4.0,5.0,Have certificate,Full,9.4,Hồ Chí Minh,Quận 7
21462,98.6,5.8,6.0,Tây - Nam,Tây - Nam,2.0,3.0,3.0,Have certificate,,2.7,Kiên Giang,Rạch Giá
746,88.0,8.0,7.0,Nam,Nam,4.0,5.0,6.0,Have certificate,,6.2,Hồ Chí Minh,Nhà Bè
16409,58.0,4.5,5.0,,,3.0,4.0,4.0,Sale contract,Full,9.5,Hà Nội,Hà Đông
19462,32.0,4.0,4.5,Nam,,3.0,4.0,3.0,,,4.5,Hồ Chí Minh,Bình Tân
16874,33.5,3.5,3.0,,,3.0,3.0,3.0,Have certificate,Basic,2.15,Hà Nội,Chương Mỹ
22394,75.0,6.0,17.0,Đông,Đông,2.0,2.0,2.0,Have certificate,Basic,1.79,Bình Dương,Tân Uyên
24053,30.0,5.0,16.0,,,3.0,3.0,2.0,Have certificate,Full,6.6,Hồ Chí Minh,Quận 10
14997,30.0,4.0,3.5,,,4.0,3.0,3.0,Have certificate,Basic,2.45,Hà Nội,Chương Mỹ
3733,48.0,4.0,10.0,,,2.0,2.0,2.0,,,5.49,Hồ Chí Minh,Tân Bình
5583,59.0,4.0,3.5,,,4.0,,,Have certificate,Basic,4.35,Hà Nội,Hà Đông
12599,117.0,10.0,14.0,Đông - Nam,,3.0,4.0,3.0,Have certificate,Basic,5.5,Bình Dương,Thủ Dầu Một
22265,40.0,4.0,5.0,,,2.0,2.0,2.0,Have certificate,,3.25,Hồ Chí Minh,Bình Thạnh
24913,48.0,4.2,3.0,,,5.0,,,,,8.5,Hà Nội,Đống Đa
16733,35.0,4.0,3.0,,,6.0,4.0,,Have certificate,Full,5.85,Hà Nội,Cầu Giấy
15918,40.0,4.0,3.0,,,4.0,3.0,3.0,Have certificate,,5.35,Hà Nội,Long Biên
13686,114.0,6.0,8.0,,,5.0,,,,,9.0,Bình Dương,Thủ Dầu Một
17260,32.0,4.0,3.0,,,5.0,3.0,4.0,Have certificate,Full,4.65,Hà Nội,Long Biên
2905,35.0,4.0,3.0,,,5.0,3.0,4.0,Have certificate,Basic,6.3,Hà Nội,Cầu Giấy
4245,210.0,7.0,12.0,Đông - Nam,,,,,Have certificate,,4.7,Hồ Chí Minh,Bình Chánh
1935,70.0,4.0,13.0,Bắc,,,,,Have certificate,,6.7,Hồ Chí Minh,Tân Phú
26527,63.5,4.6,5.0,,,,,,Have certificate,,8.7,Hà Nội,Gia Lâm
19360,52.0,4.0,8.0,,,5.0,6.0,6.0,Have certificate,Full,7.45,Hồ Chí Minh,Tân Phú
24661,45.8,5.0,3.0,,,1.0,2.0,2.0,Have certificate,Full,2.59,Khánh Hòa,Nha Trang
25296,50.0,4.0,11.0,Đông - Bắc,Đông - Bắc,4.0,4.0,3.0,Have certificate,Full,4.7,Hải Phòng,Hồng Bàng
14386,100.0,5.0,15.0,Đông - Nam,Đông - Nam,4.0,6.0,7.0,Have certificate,,5.9,Lào Cai,Sa Pa
9955,56.5,12.0,12.0,Bắc,,4.0,4.0,4.0,Have certificate,,6.1,Hồ Chí Minh,Bình Chánh
29897,41.4,4.6,4.0,,,3.0,2.0,2.0,Have certificate,Basic,3.35,Hồ Chí Minh,Quận 12
25682,30.0,8.5,4.5,Đông - Bắc,,2.0,2.0,2.0,Have certificate,,6.1,Hà Nội.,Đống Đa
8864,205.0,10.0,7.0,,,,,,Have certificate,,1.2,Khánh Hòa,Diên Khánh
9845,45.0,5.3,4.0,Tây - Bắc,Tây - Bắc,2.0,3.0,2.0,Have certificate,Full,4.5,Hồ Chí Minh,Quận 11
22740,50.0,5.0,3.0,,,5.0,6.0,5.0,Have certificate,Full,7.0,Hà Nội,Cầu Giấy
26166,40.0,4.0,3.0,,,7.0,,,Have certificate,Full,9.7,Hà Nội,Ba Đình
18017,90.0,6.0,13.0,Bắc,Bắc,4.0,5.0,4.0,Have certificate,,9.0,Hải Phòng,Lê Chân
8381,41.0,4.0,3.0,,,5.0,4.0,4.0,Have certificate,,6.5,Hà Nội,Hai Bà Trưng
9745,36.0,3.0,3.0,,,2.0,3.0,2.0,Have certificate,Full,3.9,Hồ Chí Minh,Bình Thạnh
3781,150.0,12.0,17.0,,,,6.0,6.0,Have certificate,Basic,1.8,Bình Dương,Bàu Bàng
5942,30.0,4.0,3.5,,,,,,Have certificate,,6.65,Hà Nội,Hà Đông
28687,126.0,8.4,6.0,Tây - Bắc,Tây - Bắc,2.0,3.0,3.0,Have certificate,Basic,6.6,Đắk Lắk,Buôn Ma Thuột
16555,37.0,4.0,3.2,,,,,,,,3.0,Hà Nội,Thanh Trì
28942,30.0,4.0,2.0,Tây - Bắc,,5.0,3.0,3.0,Have certificate,Basic,3.85,Hà Nội.,Hoài Đức
1842,62.0,4.0,6.0,,,2.0,3.0,3.0,Have certificate,Full,7.49,Hồ Chí Minh,Bình Thạnh
1106,32.0,4.0,2.0,Đông,,3.0,2.0,3.0,Have certificate,,4.75,Hồ Chí Minh,Tân Phú
25359,52.0,4.0,4.0,,,5.0,5.0,6.0,Have certificate,,6.85,Hồ Chí Minh,Quận 8
16429,90.0,6.0,8.0,,,3.0,4.0,3.0,Have certificate,Full,8.69,Hồ Chí Minh,Gò Vấp
2206,82.0,4.0,7.0,Bắc,Bắc,2.0,3.0,3.0,Have certificate,Basic,3.45,Bình Dương,Dĩ An
20077,67.0,6.1,5.0,,,2.0,2.0,,Have certificate,Full,6.9,Hồ Chí Minh,Gò Vấp
23326,60.0,5.0,8.0,Đông,Đông,4.0,4.0,3.0,Have certificate,Basic,4.5,Hải Phòng,Hải An
25766,76.1,10.0,6.0,Đông - Nam,Đông - Nam,4.0,4.0,4.0,Have certificate,,8.5,Hồ Chí Minh,Thủ Đức
8618,52.0,5.0,8.0,,,,3.0,2.0,Have certificate,,4.8,Hồ Chí Minh,Quận 9
9114,40.0,4.08,5.0,,,,6.0,3.0,Have certificate,Full,6.5,Hồ Chí Minh,Quận 10
919,68.0,4.0,4.0,,,2.0,2.0,2.0,Have certificate,,6.3,Hồ Chí Minh,Tân Phú
23944,125.0,5.0,8.0,Tây - Bắc,,1.0,1.0,1.0,Have certificate,Basic,3.5,Bình Dương,Thủ Dầu Một
18374,48.0,3.5,5.0,,,5.0,9.0,9.0,,,8.7,Hồ Chí Minh,Bình Thạnh
22867,166.0,5.0,30.0,Tây - Bắc,Tây - Bắc,1.0,2.0,2.0,Have certificate,,8.0,Hồ Chí Minh,Nhà Bè
13168,168.0,6.0,16.0,,,2.0,,,Have certificate,,4.9,Bình Dương,Tân Uyên
9148,45.0,4.5,5.0,Tây - Bắc,,4.0,4.0,3.0,,,6.2,Hồ Chí Minh,Gò Vấp
15659,33.0,3.1,5.0,Tây - Bắc,Tây - Bắc,2.0,2.0,2.0,Have certificate,Full,4.35,Hồ Chí Minh,Quận 10
20624,31.0,3.6,3.0,,,5.0,3.0,3.0,Have certificate,Basic,5.59,Hà Nội,Tây Hồ
1466,84.0,5.0,6.0,,,4.0,4.0,5.0,Have certificate,Full,8.6,Hồ Chí Minh,Nhà Bè
6407,60.3,4.2,7.0,Đông - Bắc,Đông - Bắc,3.0,5.0,5.0,,Full,8.5,Hồ Chí Minh,Thủ Đức
19542,34.0,4.75,3.0,,,4.0,3.0,4.0,Have certificate,Basic,3.7,Hà Nội,Quận Hà Đông
21721,56.0,4.0,5.0,,,3.0,3.0,3.0,Have certificate,,7.6,Hồ Chí Minh,Bình Thạnh
8933,35.0,4.0,6.0,,,5.0,3.0,4.0,Have certificate,Full,5.7,Hồ Chí Minh,Gò Vấp
25814,112.2,4.0,6.0,,,,4.0,2.0,Have certificate,Full,9.0,Hồ Chí Minh,Tân Bình
7744,63.2,4.2,5.0,,,1.0,2.0,2.0,Have certificate,Basic,4.5,Hồ Chí Minh,Quận 9
17411,81.0,5.0,6.0,Tây - Nam,,4.0,4.0,5.0,Have certificate,Full,9.7,Hồ Chí Minh,Thủ Đức
5293,32.0,3.2,3.0,,,4.0,,,Have certificate,,5.4,Hà Nội,Nam Từ Liêm
13027,70.0,5.0,5.5,,,5.0,5.0,5.0,Have certificate,Full,10.0,Đà Nẵng,Hải Châu
28752,36.0,6.0,2.5,,,2.0,2.0,2.0,Have certificate,,2.6,Hồ Chí Minh,Quận 7
231,35.0,4.0,3.5,,,3.0,,,Have certificate,,5.65,Hà Nội,Hà Đông
4920,112.4,4.8,19.0,,,,,,,,1.6,Hà Nội,Ứng Hòa
29145,78.0,6.0,20.0,Đông,Đông,5.0,6.0,5.0,Have certificate,,9.7,Hưng Yên,Huyện Văn Giang
29667,87.0,4.0,10.0,Tây,,3.0,4.0,5.0,Have certificate,Basic,9.2,Hồ Chí Minh,Tân Phú
24948,52.0,4.0,6.0,Đông - Nam,,3.0,4.0,3.0,Have certificate,Full,4.7,Hồ Chí Minh,Hóc Môn
24349,35.0,4.3,3.0,,,5.0,4.0,4.0,Have certificate,Full,6.9,Hà Nội,Cầu Giấy
21512,108.0,5.0,16.0,Nam,,4.0,5.0,6.0,Have certificate,,7.5,Khánh Hòa,Nha Trang
10057,35.0,5.0,3.0,Đông - Bắc,Tây - Bắc,5.0,4.0,4.0,,,7.5,Hà Nội,Cầu Giấy
630,60.0,4.0,5.0,Tây,Tây - Bắc,1.0,2.0,1.0,,Basic,1.95,Hồ Chí Minh,Quận 12
27199,52.0,4.0,5.0,,,4.0,,,,,7.8,Hồ Chí Minh,Tân Phú
7953,100.0,5.0,10.0,,,1.0,2.0,2.0,Have certificate,Basic,9.9,Hồ Chí Minh,Quận 9
18645,75.0,4.0,8.0,,,3.0,4.0,3.0,Have certificate,,5.95,Hồ Chí Minh,Bình Tân
25626,29.6,4.1,3.0,Đông - Bắc,,2.0,2.0,2.0,Have certificate,,2.86,Hồ Chí Minh,Gò Vấp
20180,33.0,5.0,2.5,,,6.0,4.0,5.0,Have certificate,Basic,5.4,Hà Nội,Long Biên
19089,80.0,4.1,5.0,,,3.0,4.0,6.0,Have certificate,Full,9.9,Hồ Chí Minh,Gò Vấp
14131,31.0,3.7,45.0,,,4.0,2.0,3.0,Have certificate,,6.9,Hồ Chí Minh,Quận 3
8350,81.0,4.0,6.0,,,2.0,4.0,3.0,Have certificate,Basic,5.8,Hồ Chí Minh,Bình Tân
9127,251.9,7.0,5.0,,,2.0,4.0,2.0,Have certificate,,5.9,Bình Dương,Dĩ An
18249,60.0,4.6,6.0,,,4.0,4.0,4.0,Have certificate,Basic,6.3,Hồ Chí Minh,Thủ Đức
12828,100.0,4.7,5.0,,,,3.0,2.0,Have certificate,Basic,5.95,Hồ Chí Minh,Quận 12
21061,60.0,4.0,30.0,Tây,,3.0,4.0,3.0,,,8.0,Hồ Chí Minh,Bình Tân
21358,15.0,3.0,40.0,,,5.0,3.0,4.0,Sale contract,,4.5,Hà Nội,Cầu Giấy
1589,55.2,4.0,6.0,,,4.0,4.0,5.0,Have certificate,Full,5.5,Hồ Chí Minh,Bình Tân
18178,88.7,4.0,5.0,,,5.0,5.0,5.0,Have certificate,,9.2,Hồ Chí Minh,Gò Vấp
20945,60.0,20.0,6.0,,,4.0,4.0,5.0,Have certificate,Basic,10.0,Hồ Chí Minh,Phú Nhuận
1905,34.0,4.0,3.0,,,5.0,3.0,,,,5.95,Hà Nội,Hai Bà Trưng
9836,48.0,4.2,3.5,,,4.0,4.0,,Have certificate,,8.0,Hà Nội,Long Biên
2120,38.0,3.9,6.0,,,5.0,3.0,4.0,Have certificate,Full,4.6,Hà Nội,Hai Bà Trưng
20458,100.0,4.2,12.0,Đông - Bắc,,3.0,4.0,4.0,Have certificate,,6.5,Hồ Chí Minh,Quận 12
29116,45.0,5.0,7.0,,,3.0,4.0,3.0,Have certificate,Full,9.9,Hồ Chí Minh,Quận 10
2557,52.0,4.0,5.0,,,2.0,,,Have certificate,Full,5.3,Hồ Chí Minh,Gò Vấp
25047,100.0,5.0,14.0,,,3.0,3.0,3.0,,,4.7,Khánh Hòa,Nha Trang
11454,38.0,4.0,3.5,,,3.0,2.0,2.0,Have certificate,Basic,7.2,Hà Nội,Hoàng Mai
9151,54.0,5.0,6.0,,,1.0,2.0,2.0,Have certificate,Full,4.75,Hồ Chí Minh,Thủ Đức
7385,70.0,4.3,6.0,,,4.0,4.0,5.0,Have certificate,Full,7.6,Hồ Chí Minh,Quận 7
3173,45.0,4.0,3.0,,,5.0,5.0,4.0,Have certificate,Full,6.2,Hà Nội,Cầu Giấy
4594,35.0,3.5,3.2,,,5.0,3.0,4.0,Have certificate,,3.65,Hà Nội,Thanh Trì
11421,46.0,4.0,3.0,,,6.0,7.0,5.0,Have certificate,Full,9.5,Hà Nội,Cầu Giấy
15531,500.0,13.5,5.0,Đông - Nam,,,2.0,2.0,,,3.45,Lâm Đồng,Lâm Hà
27103,73.4,4.0,8.0,Đông,,1.0,,,Have certificate,,7.8,Hồ Chí Minh,Tân Phú
8076,100.0,5.0,7.0,,,2.0,3.0,2.0,Have certificate,,4.8,Bình Dương,Dĩ An
12091,120.0,5.0,12.0,,,,,,,,2.65,Bình Dương,Bến Cát
22887,21.5,3.0,3.0,,,2.0,2.0,1.0,Have certificate,,1.35,Hồ Chí Minh,Quận 7
15185,30.0,4.0,3.0,,,4.0,3.0,3.0,Have certificate,Basic,2.5,Hà Nội,Hoài Đức
11625,81.9,5.5,30.0,Đông - Nam,Đông - Nam,2.0,3.0,3.0,Have certificate,Full,7.7,Hồ Chí Minh,Quận 2
2981,80.0,4.0,4.0,,,2.0,6.0,,Have certificate,Basic,6.5,Hồ Chí Minh,Phú Nhuận
19511,30.0,4.0,3.0,Đông,,5.0,3.0,,,Full,4.0,Hà Nội,Hà Đông
4016,45.0,4.2,3.0,,,4.0,3.0,3.0,Have certificate,Full,7.5,Hà Nội,Tây Hồ
2272,49.0,4.5,3.0,,,4.0,4.0,3.0,Have certificate,Basic,8.99,Hà Nội,Ba Đình
26901,112.0,14.0,20.0,Đông - Nam,Đông - Nam,3.0,4.0,4.0,Have certificate,,2.4,Long An,Bến Lức
4830,38.0,3.6,5.0,,,2.0,2.0,2.0,Have certificate,,3.8,Hồ Chí Minh,Quận 2
16988,45.0,4.0,3.0,,,5.0,6.0,4.0,Have certificate,Full,8.89,Hà Nội,Cầu Giấy
15199,60.0,5.2,3.0,Nam,Nam,2.0,5.0,5.0,Have certificate,Basic,1.9,Khánh Hòa,Nha Trang
17582,80.0,6.6,8.0,,,,,,,,7.0,Hồ Chí Minh,Quận 9
3884,100.0,4.0,3.5,,,,,,Sale contract,Basic,8.7,Hà Nội,Hà Đông
1077,101.1,5.1,6.0,,,,,,,,10.0,Hồ Chí Minh,Bình Tân
3310,63.0,4.2,6.0,,,3.0,5.0,,,,8.9,Hồ Chí Minh,Tân Bình
4345,33.5,4.0,3.0,,,5.0,,,,,5.65,Hà Nội.,Nam Từ Liêm
2919,35.0,5.0,2.0,,,5.0,3.0,4.0,Have certificate,,3.5,Hà Nội,Thanh Trì
30036,53.0,4.0,3.0,,,,,,Have certificate,,6.7,Hà Nội.,Nam Từ Liêm
1064,37.0,4.0,12.0,,,4.0,3.0,2.0,Have certificate,Basic,5.6,Hồ Chí Minh,Tân Phú
3419,35.0,4.2,3.5,,,6.0,,,Have certificate,,6.25,Hà Nội,Long Biên
24457,48.0,3.7,4.0,Đông - Nam,,2.0,3.0,3.0,Have certificate,Full,5.5,Hồ Chí Minh,Quận 3
4426,22.0,3.6,3.0,,,4.0,3.0,3.0,Have certificate,Full,3.0,Hà Nội,Thanh Xuân
23685,60.0,3.5,3.5,,,,,,,,5.64,Hà Nội,Long Biên
10678,52.0,4.0,3.0,,,5.0,6.0,6.0,Have certificate,Full,7.5,Hà Nội,Hai Bà Trưng
3042,59.0,4.0,5.0,,,4.0,4.0,5.0,Have certificate,Full,9.0,Hồ Chí Minh,Bình Thạnh
23233,50.0,4.2,3.0,,,4.0,4.0,3.0,Have certificate,Full,9.8,Hà Nội.,Nam Từ Liêm
552,43.0,3.5,15.0,Tây - Bắc,Tây - Bắc,2.0,2.0,2.0,Have certificate,Full,3.9,Đà Nẵng,Cẩm Lệ
2711,50.0,4.0,5.0,,,5.0,4.0,5.0,Have certificate,Full,8.7,Hà Nội,Hà Đông
12032,132.0,6.0,10.0,Bắc,Bắc,4.0,5.0,5.0,Have certificate,Full,9.8,Đồng Nai,Biên Hòa
14823,54.0,4.2,6.0,,,4.0,6.0,4.0,Have certificate,Basic,6.0,Hồ Chí Minh,Quận 12
29843,45.0,3.0,3.0,,,3.0,3.0,,Have certificate,,4.0,Hồ Chí Minh,Bình Thạnh
4774,41.0,4.0,3.0,,,5.0,,,Have certificate,,6.8,Hà Nội,Thanh Xuân
26298,70.0,5.0,3.5,,,1.0,2.0,2.0,Have certificate,Basic,4.6,Hồ Chí Minh,Gò Vấp
5684,38.0,4.0,5.0,Đông,,2.0,3.0,2.0,Have certificate,Basic,3.93,Hồ Chí Minh,Bình Tân
9385,72.0,5.0,12.0,,,3.0,4.0,4.0,Have certificate,,4.8,Bình Dương,Thuận An
4078,70.0,5.0,5.0,Đông,,2.0,2.0,2.0,Have certificate,Basic,5.5,Đà Nẵng,Sơn Trà
13294,104.9,4.1,4.5,Đông - Nam,,,,,Have certificate,Basic,7.3,Hồ Chí Minh,Gò Vấp
12352,68.0,6.0,12.0,,,2.0,3.0,2.0,Have certificate,Full,3.2,Bình Dương,Dĩ An
22955,50.0,4.0,3.0,,,4.0,4.0,4.0,Have certificate,Full,7.0,Hà Nội,Cầu Giấy
6314,53.0,4.2,3.5,,,3.0,,,Have certificate,,9.5,Hà Nội,Long Biên
10352,37.0,4.1,3.0,,,4.0,4.0,4.0,Have certificate,,7.2,Hà Nội,Bắc Từ Liêm
2353,31.0,3.0,3.5,,,3.0,3.0,2.0,Have certificate,,1.99,Hà Nội,Chương Mỹ
3371,35.0,4.2,3.0,,,4.0,4.0,,Have certificate,Full,6.25,Hà Nội,Tây Hồ
16690,40.0,4.0,3.0,,,5.0,6.0,4.0,Have certificate,,8.5,Hà Nội,Hai Bà Trưng
11244,81.6,4.0,8.0,,,3.0,3.0,4.0,Have certificate,Basic,8.6,Hồ Chí Minh,Tân Bình
15083,38.0,4.08,5.0,,,4.0,2.0,3.0,Have certificate,Full,4.45,Hồ Chí Minh,Quận 10
7614,80.0,4.0,10.0,,,4.0,5.0,6.0,Have certificate,Basic,5.9,Hồ Chí Minh,Hóc Môn
15328,22.0,4.0,5.0,,,2.0,2.0,2.0,Have certificate,Full,3.45,Hồ Chí Minh,Bình Thạnh
17428,23.0,4.6,2.2,,,2.0,2.0,2.0,Have certificate,Basic,2.49,Hồ Chí Minh,Thủ Đức
21168,30.0,4.0,3.0,,,4.0,4.0,4.0,Have certificate,Full,2.79,Hà Nội,Hoài Đức
13984,30.3,4.0,3.0,,,5.0,4.0,4.0,Have certificate,Basic,3.7,Hà Nội,Hoài Đức
13836,50.0,3.5,5.0,Đông - Nam,,3.0,3.0,3.0,Have certificate,Full,7.6,Hà Nội,Hà Đông
29957,140.0,7.0,12.0,,,2.0,4.0,3.0,Have certificate,Full,3.5,Bình Dương,Bến Cát
21634,28.0,3.2,2.0,Tây - Bắc,Tây - Bắc,2.0,2.0,2.0,Have certificate,,1.95,Hồ Chí Minh,Thủ Đức
4383,45.0,4.0,3.0,,,5.0,4.0,5.0,Have certificate,Full,8.95,Hà Nội,Cầu Giấy
21649,68.2,5.0,13.0,,,3.0,,,Have certificate,,3.0,Hưng Yên,Huyện Văn Giang
693,32.0,4.2,2.5,Đông - Bắc,,4.0,4.0,3.0,Have certificate,,2.7,Hà Nội,Hoài Đức
26811,40.0,4.0,6.0,Đông - Nam,,5.0,6.0,5.0,Have certificate,Full,7.8,Hồ Chí Minh,Quận 11
21009,40.0,4.0,3.75,,,3.0,3.0,3.0,Have certificate,,2.7,Hà Nội,Quốc Oai
2452,40.0,4.0,5.0,,,4.0,4.0,,Have certificate,Full,4.95,Hồ Chí Minh,Gò Vấp
9124,88.0,4.1,7.0,,,4.0,4.0,3.0,Have certificate,,8.4,Hồ Chí Minh,Quận 6
8353,125.0,5.0,7.0,Tây - Bắc,Tây - Bắc,3.0,4.0,5.0,Have certificate,,5.95,Hồ Chí Minh,Hóc Môn
19118,62.5,4.0,6.0,,,2.0,2.0,2.0,Have certificate,,6.2,Hồ Chí Minh,Thủ Đức
8572,60.0,3.0,3.0,,,4.0,6.0,3.0,Have certificate,Full,3.96,Hồ Chí Minh,Quận 8
5806,35.0,4.0,3.0,,,3.0,3.0,3.0,Have certificate,Basic,2.35,Hà Nội,Chương Mỹ
21372,47.4,4.6,6.0,,,,,,Have certificate,,2.0,Hồ Chí Minh,Thủ Đức
16716,33.0,4.2,3.0,,,,,,Have certificate,Full,7.6,Hà Nội,Tây Hồ
27305,102.0,8.0,3.0,Nam,,4.0,,,Have certificate,,10.0,Hà Nội,Tây Hồ
24274,25.0,4.0,3.0,,,4.0,3.0,3.0,Have certificate,Full,4.8,Hà Nội,Hai Bà Trưng
838,136.6,5.0,7.0,,,,,,Have certificate,Basic,4.8,Bình Dương,Dĩ An
5298,37.0,4.0,3.5,,,4.0,4.0,3.0,Have certificate,Basic,1.79,Hà Nội,Chương Mỹ
21877,38.0,4.0,3.5,,,4.0,5.0,5.0,Have certificate,Full,7.5,Hà Nội,Hà Đông
23604,50.0,3.7,4.0,,,2.0,2.0,3.0,Have certificate,,2.07,Hồ Chí Minh,Quận 3
2964,38.5,4.2,3.0,,,5.0,6.0,4.0,Have certificate,Basic,6.3,Hà Nội,Đống Đa
3253,37.0,4.0,3.5,,,5.0,4.0,3.0,Have certificate,Basic,4.35,Hà Nội,Hoàng Mai
18375,341.0,5.8,5.0,,,,,,Have certificate,,6.8,Lâm Đồng,Đà Lạt
17821,32.0,4.0,2.3,Đông - Nam,,5.0,3.0,4.0,Have certificate,Basic,4.15,Hà Nội,Hoài Đức
3571,77.0,4.0,16.0,Đông,,,4.0,,Have certificate,,7.75,Khánh Hòa,Nha Trang
7129,35.0,4.0,3.0,,,5.0,4.0,4.0,Have certificate,Full,5.9,Hà Nội,Thanh Xuân
12367,67.0,8.0,5.0,Đông - Bắc,,,3.0,3.0,Have certificate,Basic,8.2,Hồ Chí Minh,Bình Thạnh
25852,45.0,5.0,3.0,,,5.0,3.0,5.0,Have certificate,Full,7.8,Hà Nội,Ba Đình
18156,76.0,4.2,6.0,,,3.0,4.0,5.0,Have certificate,Full,6.3,Hồ Chí Minh,Quận 12
15655,30.0,6.0,6.0,Đông - Bắc,Đông - Bắc,3.0,3.0,2.0,Have certificate,Basic,5.0,Hồ Chí Minh,Quận 10
4631,32.0,4.0,3.0,,,4.0,3.0,4.0,Have certificate,Full,5.8,Hà Nội,Hai Bà Trưng
5494,37.0,4.0,3.5,,,4.0,4.0,2.0,Have certificate,Full,5.1,Hà Nội,Hà Đông
21365,42.0,4.4,6.0,,,,,,,,3.2,Hải Phòng,Ngô Quyền
24991,80.0,4.2,6.0,,,,,,,,7.7,Hồ Chí Minh,Tân Phú
20924,50.0,4.0,6.0,,,4.0,5.0,4.0,Have certificate,,5.65,Hồ Chí Minh,Bình Tân
23581,72.0,4.0,12.0,Đông - Nam,Đông - Nam,3.0,4.0,3.0,Have certificate,Full,6.6,Hồ Chí Minh,Gò Vấp
22751,35.0,4.0,3.0,,,5.0,,,Have certificate,,6.8,Hà Nội,Ba Đình
20232,64.0,4.5,8.0,,,1.0,2.0,2.0,Have certificate,Basic,6.5,Hồ Chí Minh,Thủ Đức
4673,38.0,4.3,3.0,,,,,,,,5.4,Hà Nội,Nam Từ Liêm
24674,42.0,4.0,8.0,,,2.0,2.0,3.0,Have certificate,Full,3.6,Hồ Chí Minh,Nhà Bè
29912,108.0,8.0,50.0,,,3.0,4.0,4.0,Have certificate,,7.6,Nghệ An,Vinh
25219,40.0,4.0,3.5,,,3.0,3.0,3.0,Sale contract,Basic,2.35,Hà Nội,Hoàng Mai
12997,92.0,6.5,9.0,Đông - Bắc,,,,,,,7.5,Quảng Ninh,Hạ Long
25716,36.0,4.2,3.5,,,5.0,4.0,3.0,Have certificate,Full,7.0,Hà Nội,Long Biên
1407,75.0,5.0,6.0,Đông,Đông,2.0,4.0,3.0,,,3.35,Bình Dương,Thủ Dầu Một
5174,25.0,5.0,6.0,Đông,,3.0,,,Have certificate,Basic,3.1,Hồ Chí Minh,Tân Phú
26291,74.3,5.0,7.0,Tây - Bắc,Tây - Bắc,4.0,3.0,,Have certificate,Full,5.3,Bình Dương,Dĩ An
11789,33.0,4.1,5.0,,,4.0,2.0,3.0,Have certificate,Basic,4.85,Hồ Chí Minh,Gò Vấp
18549,129.7,13.0,7.0,,,,3.0,1.0,Have certificate,,6.5,Hồ Chí Minh,Quận 12
4126,56.0,4.0,8.0,Nam,Nam,3.0,3.0,3.0,Have certificate,Basic,7.3,Hồ Chí Minh,Quận 8
8771,50.0,4.0,5.0,,,2.0,2.0,2.0,Have certificate,Full,3.95,Hồ Chí Minh,Quận 9
24345,22.0,4.0,5.0,,,3.0,4.0,4.0,Have certificate,Full,5.2,Hồ Chí Minh,Tân Bình
18923,24.0,4.0,3.0,,,5.0,3.0,,Have certificate,Full,5.3,Hà Nội,Ba Đình
13884,52.0,4.0,3.0,,,3.0,7.0,7.0,Have certificate,,7.0,Hồ Chí Minh,Bình Thạnh
25994,100.0,6.0,16.0,,,2.0,2.0,3.0,Have certificate,,2.7,Bình Dương,Tân Uyên
8284,400.0,10.0,2.0,Đông - Bắc,Đông - Bắc,,4.0,4.0,,,2.5,Gia Lai,Ia Grai
4764,104.0,4.0,6.0,,,3.0,2.0,2.0,Have certificate,Full,9.6,Hồ Chí Minh,Tân Bình
24738,39.0,3.5,4.0,,,5.0,4.0,4.0,Have certificate,,4.7,Hà Nội,Thanh Trì
8876,100.0,5.0,5.5,Tây - Nam,Tây - Nam,3.0,3.0,2.0,Have certificate,Full,6.0,Đà Nẵng,Hải Châu
26868,75.0,5.0,7.0,Bắc,,2.0,3.0,2.0,Have certificate,Basic,3.65,Bình Dương,Dĩ An
8600,36.0,4.0,3.5,,,4.0,4.0,3.0,Have certificate,Basic,2.75,Hà Nội,Hà Đông
27101,44.0,4.0,4.0,,,2.0,2.0,2.0,,,3.7,Hồ Chí Minh,Bình Tân
15041,60.0,5.4,20.0,Đông - Nam,Đông - Nam,4.0,3.0,3.0,Have certificate,Full,7.99,Hải Phòng,Lê Chân
25476,35.0,4.2,3.0,,,5.0,4.0,3.0,,Full,4.98,Hà Nội,Đống Đa
15136,32.0,4.0,2.0,Đông - Nam,,5.0,3.0,3.0,Have certificate,Basic,3.15,Hà Nội.,Hoài Đức
10866,48.0,4.0,3.0,,,,,,Have certificate,,7.7,Hà Nội,Bắc Từ Liêm
3320,107.5,5.0,15.0,Tây,,3.0,3.0,3.0,Have certificate,Full,7.6,Đà Nẵng.,Cẩm Lệ
28971,72.8,5.0,12.0,,,1.0,2.0,2.0,Have certificate,Basic,5.2,Hồ Chí Minh,Nhà Bè
163,85.0,6.0,18.0,Tây - Bắc,,2.0,4.0,4.0,Have certificate,,5.9,Bình Dương,Tân Uyên
19442,80.0,4.0,13.0,,,,1.0,1.0,Have certificate,Full,8.0,Hồ Chí Minh,Tân Phú
26653,42.0,3.5,3.0,Tây - Nam,Tây - Nam,4.0,4.0,3.0,Have certificate,Full,3.55,Hà Nội,Thanh Trì
16945,30.0,4.2,3.0,,,5.0,3.0,4.0,Have certificate,Full,6.5,Hà Nội,Đống Đa
10916,62.0,5.0,3.0,,,1.0,2.0,2.0,Have certificate,Basic,2.3,Bình Dương,Dĩ An
16351,32.0,3.8,4.5,,,5.0,3.0,4.0,Have certificate,Full,4.29,Hà Nội,Hà Đông
21435,50.0,5.0,3.0,,,5.0,4.0,3.0,Have certificate,Full,10.0,Hà Nội,Nam Từ Liêm
12911,24.0,4.0,3.0,Nam,,1.0,2.0,2.0,Have certificate,Full,3.5,Hồ Chí Minh,Bình Tân
25471,55.4,5.0,2.46,,,1.0,3.0,1.0,Have certificate,,3.3,Hà Nội,Gia Lâm
17460,40.0,4.0,3.0,,,5.0,4.0,3.0,,,8.9,Hà Nội,Thanh Xuân
12692,63.22,5.75,15.0,,,,4.0,,Have certificate,Full,8.4,Bình Định,Quy Nhơn
27611,52.0,4.0,3.5,,,3.0,3.0,2.0,Have certificate,Basic,7.2,Hà Nội,Hà Đông
11387,149.0,4.8,22.0,Đông - Nam,Đông - Nam,2.0,2.0,2.0,Have certificate,Full,4.9,Bắc Giang.,Yên Dũng
13682,42.0,3.55,3.0,,,2.0,2.0,2.0,Have certificate,Basic,3.29,Hồ Chí Minh,Quận 7
22213,47.0,6.15,6.0,Tây - Bắc,,3.0,5.0,4.0,Have certificate,,6.25,Hồ Chí Minh,Quận 4
1008,49.5,4.5,4.0,Tây - Bắc,Tây - Bắc,2.0,3.0,2.0,Have certificate,Basic,3.6,Hồ Chí Minh,Nhà Bè
18621,42.0,4.0,5.0,Đông - Bắc,,4.0,,,Have certificate,Basic,6.4,Hà Nội,Hà Đông
23928,42.0,4.0,4.0,,,4.0,4.0,4.0,Have certificate,Full,4.6,Hà Nội,Huyện Hoài Đức
9023,123.0,6.0,2.0,,,5.0,,,Have certificate,,5.45,Phú Thọ,Phú Thọ
27140,90.0,5.0,10.5,,,1.0,2.0,2.0,Have certificate,Full,5.25,Đà Nẵng,Cẩm Lệ
6389,37.0,4.35,3.5,,,,1.0,1.0,Have certificate,,3.25,Hà Nội,Hoàng Mai
8917,48.0,4.0,4.0,,,3.0,4.0,3.0,Have certificate,Basic,4.85,Hồ Chí Minh,Bình Tân
14054,64.0,5.0,7.0,,,2.0,4.0,4.0,Have certificate,,4.65,Bình Dương,Dĩ An
22320,54.0,4.0,5.0,,,5.0,4.0,5.0,Have certificate,Full,7.2,Hồ Chí Minh,Gò Vấp
16666,55.0,5.0,5.0,,,4.0,4.0,3.0,Have certificate,,4.95,Hồ Chí Minh,Bình Tân
25844,43.0,4.3,6.0,,,2.0,3.0,3.0,Have certificate,Basic,6.5,Hồ Chí Minh,Tân Bình
13968,112.0,8.0,8.0,Đông - Bắc,,3.0,,,,,7.4,Hồ Chí Minh,Quận 9
16990,27.0,2.6,2.0,Tây - Nam,Tây - Nam,4.0,3.0,2.0,Have certificate,Full,4.15,Hà Nội,Hà Đông
3559,52.0,36.0,2.0,,,2.0,2.0,2.0,Have certificate,Full,6.4,Hà Nội,Đống Đa
18468,48.0,4.0,4.0,,,2.0,2.0,2.0,Have certificate,Full,3.4,Hồ Chí Minh,Thủ Đức
28706,100.0,5.8,4.0,,,2.0,3.0,2.0,Have certificate,,3.7,Đồng Nai,Biên Hòa
754,72.0,4.0,6.0,,,1.0,3.0,2.0,Have certificate,Basic,5.75,Hồ Chí Minh,Tân Phú
5759,83.6,5.0,7.0,Tây - Nam,Tây - Nam,3.0,4.0,5.0,Have certificate,Full,8.29,Hồ Chí Minh,Nhà Bè
11795,60.0,5.0,6.0,Đông,Đông,5.0,5.0,3.0,Have certificate,Full,8.0,Hà Nội,Nam Từ Liêm
17689,76.0,5.0,6.0,,,1.0,4.0,4.0,Have certificate,,4.2,Hồ Chí Minh,Thủ Đức
9364,40.0,4.2,3.5,,,6.0,,,,,9.25,Hà Nội,Long Biên
5470,80.0,7.0,14.0,,,5.0,,,Have certificate,,6.66,Phú Thọ,Việt Trì
15404,35.0,4.6,2.5,,,5.0,3.0,4.0,Have certificate,Full,4.3,Hà Nội,Hoài Đức
3512,50.0,5.0,3.5,Tây - Nam,Tây - Nam,3.0,3.0,3.0,Have certificate,,6.48,Hà Nội,Long Biên
1224,75.0,7.6,7.0,,,4.0,4.0,4.0,Have certificate,,6.0,Hải Phòng,Lê Chân
15849,30.0,6.0,3.0,,,5.0,,,Have certificate,Full,3.6,Hà Nội,Nam Từ Liêm
12126,95.0,5.0,15.0,Tây - Nam,,4.0,4.0,3.0,Have certificate,,7.3,Đà Nẵng,Thanh Khê
23243,80.0,8.0,20.0,,,2.0,3.0,3.0,Have certificate,Full,6.5,Hồ Chí Minh,Nhà Bè
18954,53.0,3.8,3.0,,,2.0,2.0,2.0,Have certificate,Basic,7.5,Hà Nội,Hà Đông
1717,54.0,4.4,6.0,,,3.0,3.0,3.0,Have certificate,Basic,8.3,Hồ Chí Minh,Tân Bình
18783,90.0,6.0,5.5,Đông - Bắc,Đông - Bắc,2.0,3.0,2.0,,,3.5,Đà Nẵng,Hòa Vang
2547,92.5,4.3,11.0,,,3.0,4.0,5.0,Have certificate,Full,9.4,Hồ Chí Minh,Quận 7
999,45.0,4.0,2.5,,,5.0,6.0,4.0,Have certificate,Full,8.0,Hà Nội,Cầu Giấy
4019,29.0,4.0,5.0,,,2.0,2.0,2.0,,,4.82,Hồ Chí Minh,Bình Thạnh
19082,76.0,4.0,3.0,Tây - Nam,Tây - Nam,2.0,3.0,2.0,Have certificate,,3.7,Hồ Chí Minh,Quận 12
16011,40.0,5.8,6.0,,,6.0,4.0,4.0,Have certificate,Full,9.5,Hà Nội.,Nam Từ Liêm
20898,56.0,4.0,6.0,,,4.0,4.0,5.0,Have certificate,Full,9.0,Hồ Chí Minh,Tân Bình
28118,128.0,5.0,7.5,,,2.0,3.0,2.0,Have certificate,Full,4.35,Đà Nẵng,Cẩm Lệ
23112,80.0,4.5,7.0,Đông - Bắc,,,4.0,4.0,,,9.98,Hải Phòng,Lê Chân
11318,115.0,5.0,8.0,,,2.0,3.0,2.0,,,4.25,Bình Dương,Thủ Dầu Một
19582,30.0,5.0,15.0,,,5.0,3.0,2.0,Have certificate,Full,5.95,Hà Nội,Thanh Trì
15994,36.0,4.0,3.5,,,4.0,4.0,5.0,Have certificate,Basic,4.8,Hà Nội,Hoàng Mai
3709,50.0,4.0,3.0,,,,,,Have certificate,Full,7.9,Hà Nội,Hai Bà Trưng
9963,55.0,4.2,6.0,,,4.0,3.0,3.0,,,9.0,Hồ Chí Minh,Tân Bình
15251,38.4,3.2,4.0,,,4.0,4.0,3.0,Have certificate,Full,6.5,Hồ Chí Minh,Tân Bình
21273,57.0,5.0,10.0,,,3.0,4.0,4.0,,,5.9,Hồ Chí Minh,Bình Chánh
27590,72.0,7.0,7.0,Tây - Bắc,,5.0,4.0,5.0,Have certificate,Full,6.3,Hồ Chí Minh,Quận 12
19103,68.0,5.0,7.5,Tây - Bắc,,2.0,2.0,1.0,Have certificate,Full,2.49,Đà Nẵng,Cẩm Lệ
20782,99.3,5.0,3.0,,,,,,Have certificate,,3.5,Đà Nẵng,Hải Châu
614,100.0,5.0,5.0,Đông - Nam,Đông - Nam,4.0,7.0,7.0,Have certificate,,9.5,Hồ Chí Minh,Thủ Đức
19081,80.0,4.2,3.0,,,3.0,3.0,3.0,Sale contract,Full,4.8,Hà Nội,Tây Hồ
20246,77.8,4.0,4.0,Đông,,1.0,2.0,1.0,Have certificate,,4.9,Hồ Chí Minh,Quận 6
1134,110.0,4.5,20.0,,,5.0,,,Have certificate,,8.5,Hà Nội,Gia Lâm
4346,60.0,4.0,6.0,,,5.0,4.0,5.0,Have certificate,Full,9.9,Hồ Chí Minh,Quận 8
5487,68.0,4.08,5.0,,,2.0,4.0,5.0,Have certificate,,9.8,Hồ Chí Minh,Quận 10
39,75.0,5.0,13.0,Tây - Nam,Tây - Nam,5.0,5.0,4.0,Sale contract,,8.1,Hưng Yên,Huyện Văn Giang
16601,80.0,4.0,4.0,,,1.0,3.0,2.0,Have certificate,,4.4,Hồ Chí Minh,Quận 8
395,41.0,4.2,2.8,,,5.0,3.0,4.0,Have certificate,Full,5.7,Hà Nội,Long Biên
19085,66.0,4.1,5.0,,,3.0,5.0,5.0,Have certificate,Basic,9.0,Hồ Chí Minh,Gò Vấp
22973,30.0,4.0,3.5,,,5.0,,4.0,Have certificate,,5.9,Hà Nội,Hoàng Mai
24292,40.0,4.0,3.2,,,4.0,4.0,3.0,Have certificate,,3.56,Hà Nội,Thanh Trì
10828,36.0,4.0,3.0,,,4.0,3.0,3.0,Have certificate,Full,3.8,Hà Nội,Thanh Trì
3951,41.0,4.0,3.5,,,,,,,,5.1,Hà Nội,Hà Đông
26523,92.0,4.1,12.0,,,2.0,3.0,2.0,Have certificate,,8.6,Hồ Chí Minh,Gò Vấp
7328,79.0,5.0,11.5,Tây - Bắc,Tây - Bắc,4.0,4.0,5.0,,,4.7,Bà Rịa Vũng Tàu,Vũng Tàu
17182,33.0,4.0,6.0,Tây - Bắc,Tây - Bắc,5.0,3.0,4.0,Have certificate,Full,2.8,Hà Nội,Chương Mỹ
5839,68.9,5.0,12.0,,,2.0,3.0,3.0,Have certificate,Full,3.35,Bình Dương,Dĩ An
17842,55.0,5.5,3.0,,,5.0,3.0,4.0,Have certificate,Full,9.5,Hà Nội,Tây Hồ
11949,105.0,7.0,25.0,Đông,Đông,4.0,6.0,4.0,Have certificate,Full,7.02,Hà Nam,Kim Bảng
6048,20.0,8.0,3.0,,,2.0,,,Have certificate,,3.58,Hồ Chí Minh,Quận 5
6996,58.0,4.0,6.0,,,5.0,4.0,4.0,Have certificate,Full,9.1,Hồ Chí Minh,Tân Bình
15438,44.0,4.0,4.0,,,2.0,2.0,,Have certificate,,4.95,Hồ Chí Minh,Gò Vấp
10179,568.9,10.0,4.0,Tây,,2.0,3.0,1.0,Have certificate,,1.2,Khánh Hòa,Ninh Hòa
20349,60.0,4.0,8.0,,,4.0,5.0,5.0,Have certificate,Full,5.95,Hồ Chí Minh,Gò Vấp
22456,72.0,5.0,7.0,Đông - Nam,,,2.0,2.0,Have certificate,Basic,8.9,Hồ Chí Minh,Hóc Môn
23644,45.0,4.0,4.0,,,4.0,4.0,3.0,Have certificate,Full,7.6,Hà Nội,Nam Từ Liêm
21318,84.0,13.0,13.0,Nam,Nam,1.0,1.0,1.0,Have certificate,,8.4,Hồ Chí Minh,Bình Tân
841,79.0,5.3,2.5,Đông,Đông,4.0,4.0,6.0,Have certificate,Full,7.0,Hà Nội.,Nam Từ Liêm
24390,40.0,4.0,3.5,,,5.0,3.0,4.0,Have certificate,Basic,6.2,Hà Nội,Hoàng Mai
22354,106.0,5.0,4.0,,,2.0,3.0,2.0,,Full,3.0,Bình Dương,Thuận An
20305,114.0,6.0,6.0,,,2.0,3.0,2.0,Have certificate,Full,2.1,Đồng Nai,Biên Hòa
7,74.0,5.0,18.0,Nam,Nam,5.0,4.0,5.0,Have certificate,,9.9,Hà Nội,Huyện Thường Tín
29677,63.0,5.0,10.0,,,2.0,3.0,2.0,Have certificate,Full,2.95,Bình Dương,Dĩ An
22982,18.0,4.1,5.0,,,3.0,2.0,3.0,Have certificate,,2.9,Hồ Chí Minh,Gò Vấp
10842,75.0,4.5,7.5,,,4.0,3.0,4.0,Have certificate,,9.6,Đà Nẵng,Thanh Khê
24059,38.0,3.5,3.0,Đông - Nam,Đông - Nam,4.0,4.0,3.0,Have certificate,Basic,4.88,Hà Nội,Hà Đông
974,55.0,4.6,6.0,,,1.0,,,Have certificate,,2.6,Hồ Chí Minh,Thủ Đức
7482,86.0,6.0,16.0,,,,2.0,,Have certificate,,1.75,Bình Dương,Tân Uyên
11463,112.0,8.0,6.0,,,3.0,5.0,5.0,,,9.8,Hồ Chí Minh,Bình Tân
2006,120.0,10.0,8.0,,,,4.0,2.0,Have certificate,Full,2.75,Đắk Lắk,Buôn Ma Thuột
23899,37.0,4.2,3.5,,,1.0,,,,,2.6,Hà Nội,Long Biên
11172,100.0,5.0,8.0,,,2.0,3.0,2.0,,,3.55,Bình Dương,Dĩ An
3028,42.0,5.6,3.0,Đông,,5.0,3.0,4.0,Have certificate,Basic,8.5,Hà Nội,Đống Đa
22407,60.0,4.0,6.0,,,4.0,,,,,5.1,Hồ Chí Minh,Bình Tân
6347,36.0,4.2,3.5,,,4.0,6.0,3.0,Have certificate,Full,4.7,Hà Nội,Long Biên
8326,70.0,4.2,5.0,Tây,Tây,2.0,3.0,2.0,Have certificate,Full,3.6,Bình Dương,Dĩ An
12383,100.0,5.0,30.0,,,4.0,2.0,4.0,Have certificate,Full,5.5,Bình Dương,Thủ Dầu Một
10011,25.0,3.5,3.5,,,4.0,3.0,,Have certificate,,3.85,Hà Nội,Hoàng Mai
6563,51.5,4.1,5.0,,,4.0,4.0,4.0,,,6.4,Hồ Chí Minh,Gò Vấp
4669,80.0,4.2,20.0,,,3.0,7.0,7.0,Have certificate,Basic,6.79,Hồ Chí Minh,Quận 6
18982,45.0,4.2,3.0,,,4.0,3.0,3.0,Have certificate,Basic,7.35,Hà Nội,Đống Đa
19319,60.0,4.0,6.0,,,,3.0,3.0,Have certificate,,4.9,Hồ Chí Minh,Tân Phú
20268,21.3,5.3,6.0,Đông - Nam,Đông - Nam,2.0,2.0,2.0,Have certificate,Full,3.8,Hồ Chí Minh,Quận 11
9531,36.0,4.0,4.0,Tây - Nam,Tây - Nam,3.0,3.0,3.0,Have certificate,Full,4.95,Hồ Chí Minh,Gò Vấp
27236,37.0,3.7,5.0,,,3.0,2.0,3.0,Have certificate,Basic,3.8,Hồ Chí Minh,Bình Thạnh
12138,62.0,5.0,8.0,,,,2.0,,Have certificate,Full,2.69,Bình Dương,Thủ Dầu Một
23137,47.0,4.2,3.5,,,6.0,3.0,4.0,Have certificate,,6.5,Hà Nội,Long Biên
18843,75.0,5.0,8.0,,,3.0,4.0,5.0,Sale contract,,8.15,Hồ Chí Minh,Quận 9
381,173.0,5.0,5.0,,,,2.0,,Have certificate,,2.4,Bình Dương,Dĩ An
27544,70.0,4.0,6.0,,,4.0,4.0,5.0,Have certificate,,5.9,Hồ Chí Minh,Bình Tân
24232,16.0,3.6,3.0,,,4.0,3.0,3.0,Sale contract,,2.45,Hà Nội,Đống Đa
15300,44.8,4.6,6.0,,,,2.0,2.0,,,1.6,Hồ Chí Minh,Thủ Đức
20016,90.0,5.0,6.0,,,2.0,4.0,3.0,,,10.0,Hồ Chí Minh,Thủ Đức
26434,38.0,4.0,3.0,,,,,,,,8.5,Hà Nội,Ba Đình
3980,35.0,4.1,12.0,Đông - Bắc,,1.0,1.0,1.0,Have certificate,Basic,5.88,Hà Nội,Bắc Từ Liêm
4375,95.0,4.91,7.0,Đông - Nam,,,4.0,3.0,Have certificate,,5.85,Hải Phòng,Lê Chân
24105,150.0,8.0,16.0,Đông - Nam,Nam,2.0,3.0,2.0,Have certificate,Full,2.3,Bình Dương,Bến Cát
11144,45.0,4.0,4.0,,,2.0,3.0,2.0,Have certificate,,6.3,Hồ Chí Minh,Bình Thạnh
29779,63.0,5.0,13.0,Đông - Nam,,,,,Have certificate,,7.3,Hưng Yên,Văn Giang
14008,110.0,5.0,12.0,,,2.0,3.0,2.0,Have certificate,Basic,3.75,Bình Dương,Dĩ An
12239,90.0,5.4,6.0,,,2.0,3.0,2.0,Have certificate,,5.8,Hồ Chí Minh,Quận 9
26386,140.0,5.0,5.0,,,,,,Have certificate,,9.8,Hồ Chí Minh,Quận 2
4141,70.0,4.0,16.0,,,3.0,4.0,5.0,Have certificate,Full,7.75,Hồ Chí Minh,Quận 12
27769,66.0,4.5,8.0,,,,,,Have certificate,,5.1,Hồ Chí Minh,Quận 9
19475,40.0,4.0,8.0,Nam,Nam,5.0,6.0,7.0,Have certificate,Full,8.2,Hồ Chí Minh,Quận 7
12376,52.0,4.0,7.0,,,2.0,2.0,2.0,Have certificate,Basic,3.85,Hồ Chí Minh,Quận 9
1692,45.0,4.0,6.0,,,4.0,4.0,4.0,Have certificate,Basic,6.8,Hà Nội,Hà Đông
9856,42.0,4.0,3.5,,,5.0,,,Have certificate,,5.9,Hà Nội,Hoàng Mai
17905,51.0,4.4,7.0,,,5.0,4.0,3.0,Have certificate,Full,6.8,Hồ Chí Minh,Tân Phú
20476,34.0,4.1,5.0,,,2.0,2.0,2.0,Have certificate,Basic,4.76,Hồ Chí Minh,Gò Vấp
25679,45.3,4.0,5.0,,,2.0,2.0,2.0,,,5.2,Hồ Chí Minh,Bình Thạnh
16142,54.5,4.6,6.0,,,4.0,,,Have certificate,,5.9,Hồ Chí Minh,Thủ Đức
6008,44.0,4.0,3.5,,,5.0,3.0,4.0,Have certificate,Full,5.5,Hà Nội,Hoàng Mai
497,53.0,3.5,7.0,Tây - Bắc,Tây - Bắc,5.0,8.0,5.0,Have certificate,Full,8.8,Hà Nội,Nam Từ Liêm
27439,47.4,5.1,14.0,,,2.0,,,Have certificate,,6.4,Khánh Hòa,Nha Trang
24648,45.0,4.2,3.5,,,5.0,4.0,4.0,Have certificate,,5.3,Hà Nội,Hoàng Mai
19637,100.0,5.0,4.5,,,2.0,3.0,2.0,Have certificate,Full,3.1,Đà Nẵng,Cẩm Lệ
19628,35.0,4.2,2.5,,,4.0,3.0,4.0,Have certificate,Full,7.63,Hà Nội,Đống Đa
20911,30.0,4.0,4.0,Tây - Bắc,,3.0,3.0,2.0,Have certificate,,2.65,Hồ Chí Minh,Quận 8
205,48.6,5.0,5.5,,,,2.0,2.0,,,2.95,Đà Nẵng,Thanh Khê
11431,160.0,5.0,12.0,,,2.0,,,Have certificate,,5.35,Bình Dương,Thuận An
22014,31.0,6.2,6.0,Tây - Bắc,Tây - Bắc,3.0,2.0,3.0,Have certificate,Full,6.8,Hồ Chí Minh,Quận 10
107,56.25,4.5,5.0,,,3.0,4.0,3.0,Have certificate,Basic,4.29,Hồ Chí Minh,Bình Thạnh
3332,50.0,4.0,5.0,,,5.0,8.0,6.0,Have certificate,Full,8.5,Hồ Chí Minh,Bình Thạnh
17567,40.0,3.7,10.0,,,5.0,4.0,4.0,Have certificate,,10.0,Hà Nội,Hoàng Mai
7187,85.0,5.0,7.0,,,,4.0,3.0,Have certificate,Full,6.2,Hồ Chí Minh,Hóc Môn
8684,69.0,4.0,5.0,,,5.0,5.0,5.0,Have certificate,Full,5.8,Hồ Chí Minh,Gò Vấp
9013,33.0,3.8,2.7,Đông - Nam,,4.0,2.0,4.0,,,3.85,Hà Nội,Nam Từ Liêm
22612,35.0,2.6,4.0,Tây,,3.0,4.0,5.0,Have certificate,Full,3.75,Hồ Chí Minh,Quận 4
18183,81.8,5.0,3.5,Đông - Nam,,1.0,2.0,1.0,Have certificate,,5.6,Hồ Chí Minh,Quận 2
7143,46.0,4.0,4.0,,,4.0,4.0,5.0,,,6.3,Hồ Chí Minh,Quận 8
14394,35.0,3.8,3.5,,,5.0,3.0,3.0,Have certificate,Full,5.0,Hà Nội,Hoàng Mai
17611,150.0,5.0,12.0,,,,5.0,5.0,Have certificate,Basic,1.7,Bình Dương,Bàu Bàng
14488,200.0,10.0,13.0,,,,4.0,3.0,,,5.6,Bình Thuận,Phan Thiết
21868,73.0,3.2,2.5,Đông - Nam,Đông - Nam,3.0,3.0,2.0,Have certificate,,4.05,Khánh Hòa,Nha Trang
9168,62.4,4.3,5.0,,,5.0,6.0,7.0,Have certificate,Full,7.6,Hồ Chí Minh,Quận 7
22149,52.0,4.23,4.0,,,4.0,4.0,5.0,Have certificate,Full,5.0,Hồ Chí Minh,Quận 4
1431,46.0,3.1,2.0,,,6.0,6.0,5.0,Have certificate,Full,9.85,Hà Nội,Đống Đa
11196,30.3,4.0,4.0,,,,,,Have certificate,,4.15,Hà Nội,Hà Đông
20430,62.0,3.5,3.0,,,2.0,3.0,2.0,Have certificate,Basic,6.2,Hồ Chí Minh,Quận 3
5162,37.0,3.2,2.0,,,3.0,2.0,2.0,Have certificate,Basic,3.15,Hà Nội.,Hoài Đức
3202,160.0,6.3,12.0,Bắc,,3.0,4.0,4.0,Sale contract,,9.5,Đồng Nai,Nhơn Trạch
15873,36.0,4.0,3.5,,,4.0,,,Have certificate,,4.8,Hà Nội,Hoàng Mai
1009,38.0,3.5,2.5,,,5.0,4.0,4.0,Have certificate,,6.25,Hà Nội,Nam Từ Liêm
19968,45.0,4.0,6.0,,,,,,Have certificate,,9.3,Hồ Chí Minh,Quận 11
13201,58.0,4.2,3.5,,,4.0,4.0,3.0,,,8.0,Hà Nội,Long Biên
24566,85.0,65.0,85.0,Đông - Bắc,Đông,1.0,2.0,1.0,Have certificate,Full,1.65,Bà Rịa Vũng Tàu,Long Điền
16172,82.9,8.0,10.0,,,2.0,4.0,2.0,Have certificate,Full,2.4,Đồng Nai,Biên Hòa
22513,57.4,4.0,3.5,Tây,Tây,2.0,2.0,2.0,Have certificate,,3.29,Hồ Chí Minh,Quận 12
6495,32.0,4.0,3.5,,,5.0,3.0,,Have certificate,,5.35,Hà Nội,Hà Đông
26640,38.0,4.0,3.0,,,5.0,,,,,7.85,Hà Nội,Cầu Giấy
23399,72.3,4.5,9.0,,,3.0,3.0,4.0,Have certificate,,6.2,Khánh Hòa,Nha Trang
8422,73.0,4.0,5.0,,,3.0,3.0,4.0,Have certificate,,4.1,Bình Dương,Dĩ An
484,35.0,4.0,3.0,,,4.0,4.0,3.0,Have certificate,Full,3.4,Hà Nội,Hà Đông
7803,27.0,4.0,3.0,,,,,,Have certificate,,5.5,Hà Nội,Cầu Giấy
22013,72.0,4.0,8.0,Bắc,Bắc,,1.0,1.0,Have certificate,Basic,4.75,Đồng Nai,Biên Hòa
10775,115.0,5.0,11.0,Bắc,,1.0,2.0,1.0,,,1.55,Đắk Lắk,Buôn Ma Thuột
27233,38.0,4.0,3.0,,,4.0,4.0,3.0,Have certificate,,3.65,Hà Nội,Hà Đông
1813,39.0,5.4,3.0,,,6.0,6.0,5.0,Have certificate,Basic,7.98,Hà Nội,Đống Đa
17680,361.0,6.0,20.0,Đông,Đông,4.0,6.0,6.0,,,9.7,Bình Dương,Thủ Dầu Một
7073,64.0,4.1,3.0,,,3.0,,,Have certificate,,9.5,Hà Nội,Bắc Từ Liêm
16663,70.0,5.0,5.0,,,4.0,4.0,5.0,Have certificate,,6.9,Hồ Chí Minh,Thủ Đức
24093,203.0,5.0,7.0,,,2.0,3.0,3.0,Have certificate,,8.68,Hồ Chí Minh,Hóc Môn
22762,89.4,4.5,5.0,,,1.0,4.0,4.0,,,5.9,Hồ Chí Minh,Thủ Đức
25742,36.0,4.2,3.5,,,5.0,,,Have certificate,,4.85,Hà Nội,Long Biên
19406,60.0,4.0,5.0,,,2.0,3.0,2.0,Have certificate,Full,5.45,Hồ Chí Minh,Bình Thạnh
14064,38.0,4.0,5.0,,,2.0,2.0,2.0,,,4.2,Hồ Chí Minh,Bình Thạnh
25252,59.0,6.0,4.0,,,5.0,5.0,5.0,Have certificate,Full,9.8,Hà Nội,Nam Từ Liêm
22648,60.0,6.0,13.0,,,2.0,3.0,2.0,Have certificate,Full,2.7,Bình Dương,Tân Uyên
4193,111.0,6.0,14.0,Nam,Nam,3.0,4.0,4.0,Have certificate,,6.8,Đồng Nai,Biên Hòa
5967,141.83,4.0,5.0,,,1.0,2.0,1.0,Have certificate,Full,5.0,Lâm Đồng,Đà Lạt
19917,52.0,4.0,6.0,Nam,,4.0,5.0,3.0,,,7.7,Hồ Chí Minh,Gò Vấp
21037,25.11,4.0,4.0,Đông,Đông - Nam,3.0,3.0,3.0,Have certificate,Full,5.22,Hồ Chí Minh,Phú Nhuận
23445,47.0,4.4,6.0,,,,,,,,4.2,Hải Phòng,Ngô Quyền
12254,56.0,5.0,10.0,,,4.0,4.0,4.0,Have certificate,Full,8.5,Hồ Chí Minh,Quận 9
18750,25.0,4.0,3.5,,,,,,Have certificate,,3.4,Hà Nội,Hoàng Mai
28751,40.0,4.5,3.0,,,5.0,3.0,,Have certificate,Full,7.6,Hà Nội,Tây Hồ
23261,55.0,4.0,5.0,Đông - Bắc,,4.0,5.0,5.0,Have certificate,Basic,9.3,Hồ Chí Minh,Bình Thạnh
25774,15.0,4.1,4.0,,,1.0,,,Have certificate,,2.2,Hồ Chí Minh,Gò Vấp
14819,135.0,9.0,12.5,Bắc,Bắc,3.0,4.0,5.0,Have certificate,,7.77,Bắc Ninh,Từ Sơn
11349,35.0,4.0,3.0,,,5.0,,,,,7.5,Hà Nội,Ba Đình
10631,42.0,3.5,3.0,Đông,Đông,4.0,4.0,3.0,Have certificate,Basic,2.3,Hà Nội,Quốc Oai
2581,60.0,4.0,8.0,Tây - Bắc,Tây - Bắc,4.0,4.0,4.0,Have certificate,,6.5,Hồ Chí Minh,Thủ Đức
23390,65.0,6.2,3.5,Đông - Bắc,Đông - Bắc,5.0,6.0,4.0,Have certificate,,9.85,Hà Nội.,Nam Từ Liêm
18413,48.0,4.0,4.0,Nam,,1.0,2.0,2.0,Sale contract,Basic,1.8,Hồ Chí Minh,Bình Chánh
21614,35.0,4.2,3.0,Bắc,Bắc,5.0,3.0,4.0,Have certificate,Full,4.5,Hà Nội,Tây Hồ
3730,52.0,4.0,8.0,,,4.0,3.0,4.0,Have certificate,Full,6.1,Hồ Chí Minh,Quận 9
8995,48.0,4.0,3.0,,,5.0,3.0,,Have certificate,Full,5.5,Hà Nội,Hai Bà Trưng
14009,64.0,4.0,8.0,,,4.0,5.0,5.0,Have certificate,Full,5.4,Hồ Chí Minh,Quận 12
15766,45.0,4.0,2.5,Nam,Nam,5.0,6.0,5.0,Have certificate,Full,6.1,Hà Nội,Hai Bà Trưng
2241,68.0,4.0,7.0,,,2.0,3.0,3.0,Have certificate,Basic,3.8,Hồ Chí Minh,Hóc Môn
24357,69.0,5.0,4.0,,,,3.0,2.0,Have certificate,,3.3,Bình Dương,Dĩ An
1835,50.0,4.2,10.0,Nam,,4.0,3.0,3.0,Have certificate,Basic,3.0,Hải Phòng,Hồng Bàng
1289,60.0,4.5,12.0,,,4.0,4.0,4.0,Have certificate,Full,5.8,Hải Phòng,Hải An
4780,38.0,4.0,3.0,,,5.0,,,Have certificate,Full,5.9,Hà Nội.,Nam Từ Liêm
5675,75.5,4.05,6.0,,,1.0,2.0,1.0,Have certificate,Basic,8.7,Hồ Chí Minh,Quận 6
7675,34.0,4.0,4.0,Đông - Nam,Đông,2.0,4.0,3.0,Have certificate,Basic,2.8,Hồ Chí Minh,Quận 12
8915,44.0,4.7,3.5,,,5.0,,,Have certificate,Basic,5.5,Hà Nội,Hà Đông
19435,78.4,4.0,6.0,,,2.0,2.0,2.0,,,7.9,Hồ Chí Minh,Tân Phú
1027,40.0,4.0,3.0,,,4.0,,,Have certificate,,4.6,Hà Nội,Thanh Xuân
11626,72.5,5.0,20.5,Đông - Nam,Đông - Nam,,,,Have certificate,,5.7,Thái Bình,Thái Bình
13450,420.0,20.0,10.0,,,2.0,3.0,3.0,Have certificate,Basic,10.0,Bình Dương,Bến Cát
2295,74.0,5.2,7.0,,,,2.0,,Have certificate,,3.89,Đồng Nai,Biên Hòa
16631,33.0,4.0,3.5,,,5.0,4.0,,Have certificate,Full,5.55,Hà Nội,Hoàng Mai
11946,36.0,3.5,4.0,,,4.0,4.0,4.0,Have certificate,Full,5.5,Hồ Chí Minh,Phú Nhuận
14731,60.0,35.0,3.0,Đông - Nam,Đông - Nam,4.0,4.0,3.0,Have certificate,Basic,5.9,Hà Nội,Long Biên
24862,46.0,4.2,3.0,,,4.0,4.0,3.0,Have certificate,Basic,6.8,Hà Nội,Cầu Giấy
22733,78.0,6.0,13.0,Đông - Nam,Đông - Nam,5.0,5.0,4.0,Sale contract,,10.0,Hưng Yên,Văn Giang
8104,100.0,5.0,8.0,Tây - Bắc,,4.0,6.0,6.0,Have certificate,Basic,7.9,Bình Dương,Thủ Dầu Một
6472,32.0,4.0,7.0,,,2.0,2.0,2.0,Have certificate,Basic,2.35,Hồ Chí Minh,Bình Tân
20809,112.5,4.0,6.0,,,1.0,1.0,1.0,Have certificate,Basic,6.15,Bình Dương,Dĩ An
22865,50.0,4.0,3.5,,,3.0,3.0,3.0,Have certificate,Full,4.75,Hà Nội,Hoàng Mai
751,176.0,5.0,6.0,Tây - Nam,,,2.0,1.0,Sale contract,Full,1.95,Đồng Nai,Biên Hòa
14724,120.0,6.0,11.0,,,2.0,3.0,3.0,Sale contract,,3.5,Bình Thuận,Thành phố Phan Thiết
18688,30.0,4.2,2.0,,,4.0,4.0,4.0,Have certificate,Full,6.25,Hà Nội,Tây Hồ
3215,55.0,4.2,3.5,,,4.0,3.0,,Have certificate,,4.25,Hà Nội,Long Biên
6639,56.0,4.2,8.0,,,4.0,5.0,4.0,Have certificate,Full,5.25,Hồ Chí Minh,Quận 12
9166,35.0,5.0,5.0,,,1.0,3.0,2.0,,Full,1.9,Hồ Chí Minh,Bình Tân
23490,46.0,3.5,4.0,,,3.0,3.0,3.0,Have certificate,,5.0,Hà Nội,Long Biên
2719,60.0,4.0,3.5,Tây - Bắc,,3.0,3.0,2.0,Have certificate,,6.2,Hà Nội,Hà Đông
11867,135.0,9.0,15.0,Nam,Nam,3.0,3.0,5.0,Have certificate,,7.7,Bắc Ninh,Từ Sơn
16474,267.0,16.24,4.0,Tây,Tây,3.0,5.0,3.0,Have certificate,Basic,6.6,Hà Nội,Sóc Sơn
28132,79.9,3.9,2.0,,,1.0,2.0,1.0,Have certificate,,3.35,Hồ Chí Minh,Thủ Đức
8163,88.2,4.2,10.0,Tây,,3.0,4.0,4.0,Have certificate,,7.7,Hồ Chí Minh,Quận 12
19109,80.0,5.0,15.0,,,2.0,2.0,2.0,Have certificate,,7.17,Đà Nẵng,Ngũ Hành Sơn
1783,85.0,4.2,5.0,,,4.0,4.0,5.0,Have certificate,Full,7.79,Hồ Chí Minh,Tân Bình
3870,30.0,3.5,3.5,,,2.0,2.0,2.0,Have certificate,,3.75,Hà Nội,Hà Đông
9415,45.0,4.0,5.0,,,5.0,4.0,4.0,Have certificate,Full,8.7,Hà Nội,Nam Từ Liêm
6327,40.0,4.8,3.5,,,5.0,4.0,3.0,Have certificate,,5.58,Hà Nội,Long Biên
23098,50.0,4.0,3.0,,,2.0,2.0,2.0,Have certificate,Full,4.8,Hồ Chí Minh,Bình Thạnh
3462,60.0,5.0,4.0,Đông - Bắc,Tây - Nam,3.0,4.0,4.0,Have certificate,Full,8.4,Hà Nội,Đống Đa
11049,55.0,5.0,3.0,,,2.0,2.0,2.0,Have certificate,,3.6,Hồ Chí Minh,Quận 7
9285,40.0,3.6,4.0,,,5.0,5.0,4.0,Have certificate,,6.95,Hồ Chí Minh,Phú Nhuận
6179,40.0,4.0,3.5,,,4.0,4.0,4.0,,,5.35,Hà Nội,Hoàng Mai
549,125.0,10.0,4.0,Tây - Bắc,Tây - Bắc,3.0,5.0,6.0,Have certificate,Full,8.3,Lâm Đồng,Đà Lạt
25230,580.0,10.0,30.0,,,2.0,6.0,5.0,Have certificate,Basic,7.5,Đồng Nai,Biên Hòa
16643,63.0,4.5,3.0,,,5.0,,,,,8.6,Hà Nội,Bắc Từ Liêm
8665,40.0,7.0,4.0,,,2.0,2.0,2.0,Have certificate,Full,4.3,Hồ Chí Minh,Tân Phú
11774,125.0,5.0,5.0,Đông - Nam,Đông - Nam,2.0,3.0,2.0,Have certificate,Basic,4.2,Đắk Lắk,Buôn Ma Thuột
22444,64.0,4.1,5.0,,,4.0,4.0,5.0,Have certificate,Full,7.6,Hồ Chí Minh,Gò Vấp
14058,28.0,4.08,3.0,,,2.0,1.0,2.0,Have certificate,,3.85,Hồ Chí Minh,Quận 10
14138,30.0,5.0,3.0,Tây - Nam,Tây - Nam,4.0,4.0,4.0,Have certificate,Full,6.1,Hồ Chí Minh,Quận 1
28119,22.0,3.0,3.0,Đông - Bắc,Đông - Bắc,2.0,2.0,3.0,Have certificate,Basic,4.5,Hồ Chí Minh,Quận 1
13824,50.5,4.5,6.0,,,6.0,3.0,4.0,Have certificate,,8.2,Hồ Chí Minh,Bình Thạnh
19084,51.0,4.0,3.0,Đông - Nam,Đông - Nam,2.0,2.0,2.0,Have certificate,Basic,8.5,Hà Nội,Ba Đình
692,50.0,4.1,5.0,,,3.0,4.0,3.0,Have certificate,,6.5,Hồ Chí Minh,Gò Vấp
28990,105.0,7.5,5.0,,,3.0,4.0,4.0,Have certificate,Full,9.0,Hồ Chí Minh,Thủ Đức
3020,40.0,3.8,2.8,,,5.0,6.0,4.0,Have certificate,Full,7.45,Hà Nội,Thanh Xuân
5694,70.0,5.7,4.0,,,2.0,2.0,2.0,Have certificate,,5.8,Hồ Chí Minh,Bình Tân
5941,52.0,4.0,4.0,,,3.0,5.0,6.0,Have certificate,Basic,7.5,Hồ Chí Minh,Quận 8
29345,170.0,6.5,5.0,,,3.0,5.0,4.0,Have certificate,Full,9.8,Đà Nẵng,Sơn Trà
18846,34.0,4.6,6.0,,,5.0,4.0,4.0,Have certificate,Full,8.0,Hà Nội,Hà Đông
7595,35.0,4.1,3.0,,,5.0,3.0,4.0,Have certificate,,4.43,Hà Nội,Bắc Từ Liêm
23448,64.0,5.0,13.0,Đông - Nam,,,,,,,9.0,Hưng Yên,Văn Giang
26419,74.7,4.7,3.0,,,2.0,3.0,2.0,Have certificate,Full,2.35,Đồng Nai,Biên Hòa
22529,121.0,7.0,12.0,,,3.0,3.0,3.0,Sale contract,,8.0,Đồng Nai,Nhơn Trạch
21291,75.0,5.0,15.0,,,3.0,,,Have certificate,,3.87,Hải Phòng,Thủy Nguyên
5780,100.0,5.0,16.0,Đông - Bắc,Đông - Bắc,3.0,3.0,2.0,Sale contract,Full,5.4,Khánh Hòa,Nha Trang
2015,44.0,4.1,5.0,,,2.0,2.0,2.0,Have certificate,Full,6.9,Hồ Chí Minh,Gò Vấp
13852,60.0,4.0,3.0,,,2.0,2.0,2.0,Have certificate,Full,4.5,Hồ Chí Minh,Quận 7
28473,60.0,4.1,5.0,,,5.0,5.0,7.0,Have certificate,,7.3,Hồ Chí Minh,Gò Vấp
19690,47.0,4.6,6.0,,,3.0,,3.0,Have certificate,,4.7,Hồ Chí Minh,Thủ Đức
5970,34.4,4.0,4.0,Đông - Nam,,3.0,3.0,3.0,Have certificate,,4.85,Hồ Chí Minh,Quận 8
400,82.5,5.0,6.0,Đông - Nam,,2.0,3.0,2.0,Have certificate,Full,4.8,Hồ Chí Minh,Nhà Bè
11041,80.0,4.0,5.0,,,,2.0,2.0,Have certificate,Full,5.4,Hồ Chí Minh,Quận 9
11748,91.0,5.0,20.0,Đông - Nam,Đông - Nam,4.0,5.0,6.0,Have certificate,Full,9.0,Quảng Ninh,Hạ Long
12536,39.0,4.0,3.0,,,6.0,,,Have certificate,Full,9.6,Hà Nội,Ba Đình
5133,125.0,5.0,5.0,Đông,,1.0,2.0,2.0,Have certificate,Basic,1.85,Kiên Giang,Hà Tiên
11046,63.0,4.0,8.0,,,1.0,2.0,1.0,Have certificate,,6.2,Hồ Chí Minh,Tân Phú
26421,60.0,4.2,4.0,Tây - Bắc,Tây - Bắc,3.0,3.0,4.0,Have certificate,Basic,4.65,Hồ Chí Minh,Quận 12
21919,30.0,5.0,6.0,Nam,Nam,5.0,3.0,3.0,Have certificate,,7.4,Hà Nội,Hai Bà Trưng
8926,80.0,5.0,7.5,Đông - Nam,Tây - Bắc,4.0,5.0,6.0,Have certificate,,7.6,Quảng Ninh,Hạ Long
11047,38.8,4.0,4.0,,,5.0,5.0,4.0,,,5.65,Hồ Chí Minh,Phú Nhuận
3152,11.5,4.0,4.0,,,3.0,,,Have certificate,,1.68,Hồ Chí Minh,Quận 8
2812,33.0,3.3,8.0,Bắc,Bắc,5.0,4.0,4.0,Have certificate,Full,8.2,Hà Nội,Hà Đông
17537,46.0,5.0,3.0,Nam,,7.0,1.0,1.0,Have certificate,,9.0,Hà Nội,Hoàng Mai
12780,60.0,6.0,6.0,,,3.0,3.0,3.0,Sale contract,,3.1,Hồ Chí Minh,Quận 8
10500,100.0,4.4,5.0,Đông - Nam,Đông - Nam,2.0,3.0,2.0,Have certificate,Basic,3.5,Đồng Nai,Biên Hòa
21852,25.0,4.0,3.0,,,2.0,2.0,2.0,Have certificate,Full,2.45,Hồ Chí Minh,Gò Vấp
27986,33.0,4.0,3.5,,,4.0,,,Have certificate,,5.1,Hà Nội,Hà Đông
11514,54.0,4.1,5.0,,,4.0,4.0,3.0,Have certificate,Full,5.6,Hồ Chí Minh,Gò Vấp
19969,51.3,4.0,6.0,,,4.0,6.0,,Have certificate,Full,8.8,Hồ Chí Minh,Tân Bình
7026,30.0,3.8,2.2,Đông - Nam,Đông - Nam,5.0,3.0,4.0,Have certificate,Full,4.35,Hà Nội,Hoài Đức
15999,39.0,10.6,3.1,,,7.0,6.0,7.0,Have certificate,Full,9.8,Hà Nội,Ba Đình
900,45.0,4.0,6.0,Nam,,3.0,5.0,4.0,Have certificate,,9.3,Hồ Chí Minh,Quận 11
19754,233.0,12.0,60.0,Nam,Nam,3.0,,,Sale contract,,8.5,Đồng Nai,Nhơn Trạch
27877,39.0,4.0,6.0,,,5.0,5.0,3.0,Have certificate,Full,7.1,Hồ Chí Minh,Quận 11
19758,102.2,5.0,7.5,Tây - Nam,,3.0,3.0,3.0,Have certificate,Full,7.0,Đà Nẵng,Cẩm Lệ
4289,76.0,4.0,16.0,Đông - Bắc,,2.0,2.0,2.0,Have certificate,,6.0,Khánh Hòa,Nha Trang
7868,42.0,4.0,3.0,,,5.0,,,,,6.8,Hà Nội,Tây Hồ
15213,40.0,4.2,1.5,,,5.0,5.0,4.0,Have certificate,Full,6.9,Hà Nội,Tây Hồ
28322,60.0,4.08,5.0,,,,,,Have certificate,,9.8,Hồ Chí Minh,Quận 10
21740,35.0,4.0,3.0,,,4.0,4.0,,Have certificate,,5.29,Hà Nội,Thanh Xuân
22707,37.0,4.0,3.0,,,6.0,4.0,3.0,Have certificate,Full,7.69,Hà Nội,Long Biên
27660,94.0,4.0,6.0,,,4.0,4.0,5.0,Have certificate,Full,7.7,Hồ Chí Minh,Thủ Đức
19141,72.0,4.0,6.0,,,4.0,5.0,5.0,Have certificate,,5.5,Hồ Chí Minh,Quận 12
846,41.0,4.0,3.0,,,4.0,4.0,5.0,Have certificate,Full,6.75,Hà Nội,Ba Đình
22402,80.0,4.1,5.0,,,2.0,3.0,2.0,Have certificate,,5.7,Hồ Chí Minh,Gò Vấp
12815,56.0,4.1,5.0,,,4.0,5.0,5.0,,,7.8,Hồ Chí Minh,Gò Vấp
343,70.0,5.0,5.0,,,5.0,7.0,8.0,Have certificate,,6.9,Hồ Chí Minh,Bình Thạnh
17550,60.0,4.0,3.5,,,,,,Have certificate,Full,8.2,Hà Nội,Hoàng Mai
15954,55.0,4.0,3.0,,,5.0,6.0,4.0,Have certificate,Basic,9.4,Hà Nội,Cầu Giấy
28077,48.1,4.0,6.0,,,3.0,4.0,4.0,Have certificate,,5.5,Hồ Chí Minh,Tân Phú
25317,105.0,5.0,9.0,,,,,,Have certificate,Basic,4.2,Khánh Hòa,Nha Trang
17580,40.0,4.0,5.0,,,,2.0,2.0,,,6.5,Hồ Chí Minh,Bình Thạnh
18779,150.0,5.0,8.0,,,2.0,3.0,2.0,Have certificate,Basic,2.3,Bình Dương,Bến Cát
8699,100.0,6.15,4.0,,,3.0,3.0,3.0,Have certificate,Full,7.05,Hà Nội,Đông Anh
20330,65.0,4.2,12.0,Tây - Nam,Tây - Nam,3.0,4.0,4.0,Have certificate,Full,4.45,Hồ Chí Minh,Quận 12
7066,40.0,4.5,3.0,,,5.0,4.0,5.0,Have certificate,Full,6.5,Hà Nội,Nam Từ Liêm
23408,76.5,4.0,4.0,,,,2.0,,,,2.25,Đồng Nai,Biên Hòa
20608,35.7,4.0,4.0,,,4.0,4.0,3.0,Have certificate,,9.0,Hồ Chí Minh,Quận 1
8524,72.0,5.0,12.0,,,3.0,4.0,5.0,Have certificate,Full,5.8,Bình Dương,Thuận An
6883,16.8,4.1,3.0,Đông - Nam,,2.0,2.0,2.0,Have certificate,Full,3.25,Hồ Chí Minh,Gò Vấp
325,37.0,4.2,3.5,,,5.0,3.0,4.0,Have certificate,Full,7.3,Hà Nội,Long Biên
8152,430.0,6.3,12.0,,,,2.0,2.0,Have certificate,,2.6,Đồng Nai,Nhơn Trạch
25781,108.0,5.0,8.0,,,1.0,2.0,,Have certificate,,2.4,Bình Dương,Dĩ An
8700,110.0,4.0,6.0,,,2.0,,,Have certificate,,10.0,Hồ Chí Minh,Tân Phú
22040,51.0,4.7,6.0,,,2.0,2.0,2.0,,,5.1,Hồ Chí Minh,Thủ Đức
21326,64.0,4.0,5.0,,,4.0,5.0,4.0,Have certificate,Full,8.5,Hồ Chí Minh,Bình Thạnh
7995,45.0,4.0,3.0,Đông,Đông,5.0,6.0,4.0,Have certificate,,5.28,Hà Nội,Hoàng Mai
19169,72.0,4.0,10.0,,,4.0,4.0,5.0,Have certificate,Full,8.7,Hồ Chí Minh,Bình Tân
5141,40.3,3.9,4.0,,,6.0,3.0,5.0,Have certificate,Basic,9.8,Hà Nội,Long Biên
15459,84.0,5.2,7.0,,,2.0,3.0,2.0,Have certificate,,2.69,Đồng Nai,Biên Hòa
21765,128.0,5.0,10.0,Tây - Nam,,1.0,3.0,2.0,,,1.8,Khánh Hòa,Cam Ranh
9544,43.0,4.2,3.5,,,6.0,3.0,3.0,Have certificate,Full,6.95,Hà Nội,Long Biên
7970,44.0,4.0,6.0,Đông,Đông,4.0,3.0,4.0,Have certificate,Full,7.85,Hồ Chí Minh,Tân Bình
25692,160.0,8.0,5.5,Bắc,Đông,3.0,4.0,5.0,,,6.5,Đà Nẵng,Ngũ Hành Sơn
586,42.0,3.6,3.0,,,5.0,,,,Full,9.6,Hà Nội,Tây Hồ
3823,45.0,6.0,5.0,Tây,Tây,2.0,2.0,2.0,Sale contract,Basic,1.35,Bình Dương,Dĩ An
4777,59.6,3.5,15.0,,,1.0,1.0,1.0,Have certificate,Basic,6.0,Hà Nội,Gia Lâm
4782,53.0,4.1,3.0,,,,,,Have certificate,,6.45,Hà Nội,Bắc Từ Liêm
12184,42.0,3.65,1.8,,,5.0,4.0,4.0,Have certificate,,5.85,Hà Nội,Thanh Xuân
8058,40.0,4.2,3.5,,,,,,,,5.29,Hà Nội,Long Biên
21617,72.0,4.5,7.0,,,2.0,3.0,,Have certificate,Basic,6.9,Hồ Chí Minh,Gò Vấp
17640,102.5,5.0,5.5,Tây - Bắc,,1.0,3.0,1.0,Have certificate,,3.0,Đà Nẵng,Liên Chiểu
13879,92.0,4.0,20.0,,,1.0,1.0,1.0,,,9.0,Hồ Chí Minh,Tân Phú
23224,53.0,10.0,3.0,,,3.0,3.0,3.0,Have certificate,Basic,5.6,Hồ Chí Minh,Quận 10
11250,45.0,4.0,6.0,,,4.0,4.0,4.0,Have certificate,,6.9,Hồ Chí Minh,Bình Thạnh
30158,44.0,4.2,3.0,,,4.0,4.0,,Have certificate,Full,6.5,Hà Nội,Đống Đa
17336,33.0,4.0,3.0,,,5.0,4.0,3.0,Have certificate,Full,3.15,Hà Nội,Hoài Đức
25924,100.0,5.0,10.0,,,,2.0,1.0,Have certificate,,9.2,Hồ Chí Minh,Thủ Đức
15331,60.0,4.2,5.0,Tây,Tây,3.0,3.0,3.0,Have certificate,Basic,5.3,Hồ Chí Minh,Bình Tân
14130,35.0,3.5,3.0,,,5.0,7.0,4.0,Have certificate,Full,6.95,Hà Nội,Đống Đa
9212,50.0,4.5,2.5,,,5.0,6.0,4.0,Have certificate,Basic,5.5,Hà Nội,Hoàng Mai
14957,30.0,4.8,3.0,,,6.0,4.0,4.0,Have certificate,,5.45,Hà Nội,Tây Hồ
1052,44.5,4.0,3.75,Đông - Nam,Đông - Nam,3.0,3.0,3.0,Have certificate,Basic,2.45,Hà Nội,Quốc Oai
11821,40.0,4.5,3.5,,,4.0,4.0,,Have certificate,,4.0,Hà Nội,Hà Đông
17219,115.0,5.0,7.0,,,1.0,2.0,1.0,Have certificate,,5.5,Long An,Đức Hòa
9217,52.0,6.0,6.0,,,4.0,4.0,4.0,Have certificate,Basic,6.7,Hồ Chí Minh,Gò Vấp
20553,36.0,4.0,3.0,,,5.0,3.0,3.0,,,6.95,Hà Nội,Ba Đình
9483,32.0,4.0,8.0,,,2.0,4.0,3.0,Have certificate,Full,2.5,Hồ Chí Minh,Bình Tân
2265,39.0,3.0,3.0,,,5.0,,,Have certificate,,10.0,Hà Nội,Đống Đa
26245,63.0,5.0,4.0,Nam,,3.0,3.0,3.0,Have certificate,Basic,3.1,Hà Nội,Đông Anh
4014,150.0,5.0,12.0,,,3.0,,,,,6.15,Bình Dương,Thuận An
3785,44.0,4.0,5.0,,,2.0,,,,,4.1,Hồ Chí Minh,Tân Phú
7043,94.0,6.0,7.5,,,2.0,1.0,2.0,Have certificate,Basic,5.1,Đà Nẵng,Cẩm Lệ
28053,30.0,4.0,3.0,Nam,Nam,3.0,3.0,3.0,Have certificate,Full,2.95,Hà Nội,Hoài Đức
8045,118.25,6.0,16.5,,Đông - Nam,4.0,,,Sale contract,,7.5,Hà Nội,Mê Linh
7921,28.0,4.2,3.0,,,4.0,3.0,3.0,Have certificate,Full,4.8,Hà Nội,Đống Đa
18763,27.0,3.0,5.0,,,2.0,2.0,2.0,Sale contract,Basic,1.38,Hồ Chí Minh,Nhà Bè
25085,213.0,5.0,10.0,,,,2.0,1.0,Have certificate,Basic,2.65,Hồ Chí Minh,Bình Chánh
10513,90.0,7.0,16.0,,,,,,Have certificate,,6.0,Phú Thọ,Việt Trì
7480,32.0,4.1,3.0,,,,,,Have certificate,,4.6,Hà Nội,Bắc Từ Liêm
7547,32.0,4.2,3.5,,,4.0,2.0,3.0,,,3.65,Hà Nội,Long Biên
15156,81.0,5.4,8.0,Đông - Bắc,,3.0,3.0,3.0,Have certificate,,4.5,Hồ Chí Minh,Hóc Môn
13942,140.0,5.0,16.0,Tây - Bắc,Tây - Bắc,2.0,3.0,2.0,Have certificate,Basic,4.0,Phú Yên,Tuy Hòa
21747,60.0,5.0,22.0,Nam,Nam,3.0,3.0,3.0,Have certificate,,2.8,Bình Dương,Thuận An
7449,108.0,4.5,7.0,Đông - Nam,Đông - Nam,3.0,6.0,4.0,Have certificate,,7.0,Cần Thơ,Ninh Kiều
27712,90.0,5.0,8.0,,,1.0,3.0,2.0,Have certificate,Full,2.28,Bình Dương,Thủ Dầu Một
10383,132.0,4.0,5.0,,,,,,Have certificate,,9.75,Hồ Chí Minh,Bình Thạnh
431,114.0,5.0,8.0,,,4.0,,,Sale contract,,9.2,Bình Dương,Thủ Dầu Một
9886,48.0,4.0,3.0,,,6.0,5.0,5.0,Have certificate,Full,6.0,Hà Nội.,Cầu Giấy
8983,92.0,4.0,6.0,,,3.0,3.0,3.0,Have certificate,Basic,8.5,Hồ Chí Minh,Thủ Đức
2642,52.0,4.0,8.0,Tây - Bắc,,5.0,4.0,5.0,Have certificate,Full,5.8,Hồ Chí Minh,Quận 12
10211,80.0,5.0,54.0,,,6.0,,,Have certificate,,5.0,Bắc Ninh,Yên Phong
19467,154.0,5.0,8.0,Bắc,,,,,Have certificate,,3.5,Bình Dương,Thủ Dầu Một
15163,46.8,4.0,4.0,,,2.0,2.0,2.0,Have certificate,Basic,3.3,Hồ Chí Minh,Nhà Bè
9586,50.0,4.2,3.5,,,4.0,4.0,3.0,,,7.9,Hà Nội,Long Biên
21997,150.0,6.0,20.0,Đông - Nam,Đông - Nam,,,,,,2.5,Khánh Hòa,Ninh Hòa
22729,33.0,3.0,4.0,Đông,Đông,4.0,3.0,3.0,Have certificate,Full,4.99,Hồ Chí Minh,Tân Bình
26889,72.0,4.5,7.0,,,1.0,1.0,1.0,,,7.1,Hải Phòng,Lê Chân
22527,48.0,4.0,20.0,Đông - Nam,,5.0,,,Have certificate,Full,5.75,Hưng Yên,Văn Giang
18510,65.0,5.0,6.0,,,1.0,3.0,2.0,,,4.6,Hồ Chí Minh,Bình Tân
20634,56.0,4.0,7.0,,,5.0,5.0,5.0,Have certificate,Basic,7.39,Hồ Chí Minh,Tân Phú
7381,100.0,4.2,5.0,,,,2.0,1.0,Have certificate,Full,4.2,Hồ Chí Minh,Quận 12
15963,77.0,8.0,10.0,Đông - Bắc,Đông - Bắc,,2.0,2.0,Have certificate,Basic,3.5,Đà Nẵng,Liên Chiểu
25459,80.0,4.0,7.0,,,4.0,4.0,4.0,Have certificate,Full,8.9,Hồ Chí Minh,Tân Phú
12180,102.2,4.1,8.0,,,4.0,5.0,4.0,Have certificate,Full,9.5,Hồ Chí Minh,Quận 9
25871,48.0,4.3,6.0,,,1.0,2.0,1.0,Have certificate,Basic,2.83,Hà Nội,Đông Anh
887,42.0,4.5,2.0,Đông - Nam,Đông - Nam,4.0,3.0,3.0,Have certificate,Basic,7.9,Hà Nội,Đống Đa
2976,80.0,4.0,12.0,Tây,Tây,,4.0,4.0,Have certificate,Basic,9.2,Hồ Chí Minh,Quận 6
27728,80.0,4.3,5.0,,,,,,,,3.3,Hồ Chí Minh,Quận 7
3865,75.0,5.0,13.0,Tây - Nam,Tây - Nam,5.0,6.0,4.0,Sale contract,,8.5,Hưng Yên,Văn Giang
9266,35.0,3.6,3.5,,,5.0,,,Have certificate,,4.0,Hà Nội,Long Biên
12378,64.0,4.0,10.0,,,,,,Have certificate,,7.4,Hồ Chí Minh,Tân Phú
28113,58.0,5.0,8.0,,,,2.0,2.0,,,9.5,Hồ Chí Minh,Quận 9
6642,63.0,4.2,4.0,Tây - Bắc,,5.0,5.0,4.0,Have certificate,Full,9.15,Hà Nội,Long Biên
23847,125.0,5.0,8.0,,,3.0,3.0,4.0,,,7.8,Hồ Chí Minh,Quận 9
19565,46.5,3.5,4.0,Tây - Bắc,,2.0,3.0,3.0,,Full,4.98,Hồ Chí Minh,Tân Bình
23673,50.0,4.0,5.0,,,,3.0,,Have certificate,Full,4.9,Hồ Chí Minh,Bình Tân
15332,70.0,5.0,5.5,,,3.0,3.0,3.0,Have certificate,Full,5.6,Đà Nẵng,Hải Châu
28370,33.0,4.5,3.5,,,5.0,3.0,4.0,Have certificate,Basic,5.26,Hà Nội,Hoàng Mai
13274,117.0,5.2,7.0,Nam,,3.0,4.0,4.0,Have certificate,,9.7,Đồng Nai,Biên Hòa
27903,52.0,4.0,10.0,Tây - Nam,Tây - Nam,3.0,3.0,3.0,Have certificate,,3.2,Khánh Hòa,Nha Trang
22978,42.0,5.0,5.0,Đông - Bắc,Đông - Bắc,4.0,,,,,6.2,Hồ Chí Minh,Quận 11
14594,41.0,4.5,2.5,,,5.0,3.0,4.0,Have certificate,Full,6.85,Hà Nội,Đống Đa
24800,150.0,5.0,8.0,Đông - Nam,,,,,Have certificate,,6.5,Bình Dương,Thuận An
30061,60.0,5.0,12.0,,,4.0,6.0,5.0,Have certificate,,4.2,Hải Phòng,Kiến An
11580,55.0,5.0,7.0,Tây - Bắc,Tây - Bắc,5.0,6.0,5.0,Have certificate,Full,6.18,Hồ Chí Minh,Bình Tân
20740,60.0,5.0,5.0,,,3.0,4.0,,Have certificate,,4.5,Hồ Chí Minh,Quận 9
15862,80.79,5.0,9.0,,,,,,,,2.3,Khánh Hòa,Nha Trang
19225,35.0,3.5,3.0,,,5.0,,,Have certificate,Full,5.5,Hà Nội,Đống Đa
6238,40.0,4.2,3.0,,,5.0,4.0,,Have certificate,Full,8.0,Hà Nội,Đống Đa
12515,82.5,5.5,13.0,,,6.0,,,,,7.6,Hà Nội,Gia Lâm
13931,97.0,4.0,4.0,,,3.0,5.0,3.0,Have certificate,,5.9,Hồ Chí Minh,Quận 8
17898,70.0,5.0,5.5,,,2.0,3.0,3.0,,,4.9,Đà Nẵng,Hải Châu
16491,86.0,6.4,7.0,Bắc,Bắc,4.0,4.0,5.0,Have certificate,Full,8.3,Hồ Chí Minh,Nhà Bè
16304,100.0,5.0,15.0,,,3.0,,,Have certificate,,4.05,Thanh Hóa,Thanh Hóa
8463,38.0,4.0,3.0,,,5.0,4.0,5.0,Have certificate,Full,4.05,Hà Nội,Hoài Đức
19998,60.0,5.0,10.0,,,2.0,3.0,2.0,Have certificate,,3.35,Bình Dương,Dĩ An
132,81.0,8.0,8.0,Bắc,Bắc,1.0,1.0,1.0,,,5.8,Hồ Chí Minh,Gò Vấp
6803,65.0,4.2,3.0,,,5.0,9.0,,Have certificate,,9.9,Hà Nội,Đống Đa
12666,31.0,4.2,3.0,,,6.0,4.0,5.0,Have certificate,Full,7.5,Hà Nội,Hai Bà Trưng
6167,72.0,6.0,13.0,Đông - Bắc,,4.0,4.0,4.0,Have certificate,,4.7,Thanh Hóa.,Thanh Hóa
11462,33.0,3.0,8.0,Bắc,Bắc,3.0,2.0,3.0,Have certificate,Basic,1.98,Hồ Chí Minh,Quận 12
25864,84.0,4.0,4.0,Tây - Nam,,2.0,3.0,2.0,Have certificate,Full,3.39,Bình Dương,Thủ Dầu Một
22278,300.0,10.0,10.0,,,1.0,2.0,1.0,Have certificate,,2.6,Đồng Nai,Định Quán
3112,42.0,4.6,4.0,,,4.0,4.0,2.0,Have certificate,Full,6.85,Hà Nội,Hoài Đức
9793,50.0,4.2,4.5,,,6.0,4.0,5.0,Have certificate,Basic,6.5,Hà Nội,Hoàng Mai
21800,122.0,5.8,5.0,,,1.0,3.0,,Have certificate,,9.5,Lâm Đồng,Đà Lạt
17574,40.0,4.0,3.0,,,4.0,4.0,3.0,Have certificate,Basic,4.1,Hà Nội,Hoài Đức
1075,447.0,10.7,10.0,,,,,,Have certificate,,6.3,Bình Dương,Thuận An
23504,37.0,4.0,3.0,,,6.0,,,Have certificate,Full,5.6,Hà Nội,Cầu Giấy
4321,64.0,4.0,7.0,Tây - Bắc,,3.0,4.0,3.0,Have certificate,Basic,8.2,Hồ Chí Minh,Tân Phú
29125,26.0,3.0,2.0,,,3.0,2.0,2.0,Have certificate,,2.85,Hà Nội,Long Biên
23039,40.0,5.0,3.0,,,2.0,2.0,2.0,Have certificate,Basic,2.55,Đà Nẵng,Hải Châu
18806,75.0,5.0,5.0,Tây - Bắc,Tây - Bắc,1.0,3.0,3.0,Have certificate,Full,3.05,Đà Nẵng,Cẩm Lệ
29144,75.0,5.0,12.0,,,,,,Have certificate,,8.8,Hồ Chí Minh,Gò Vấp
11517,31.0,4.0,3.0,,,5.0,,,Have certificate,Full,5.0,Hà Nội,Thanh Xuân
1447,37.0,4.0,3.0,,,5.0,4.0,4.0,Have certificate,Full,6.1,Hà Nội,Ba Đình
29215,104.0,8.0,6.0,Đông - Nam,Nam,2.0,3.0,2.0,Have certificate,Basic,4.65,Hồ Chí Minh,Quận 12
28231,41.0,3.8,3.0,,,5.0,3.0,4.0,Have certificate,Full,4.8,Hà Nội,Hoàng Mai
21285,100.0,5.0,8.0,,,4.0,4.0,4.0,Sale contract,,7.1,Bình Dương,Thủ Dầu Một
19284,65.4,3.35,33.0,Tây - Nam,Tây - Nam,3.0,2.0,2.0,Have certificate,Full,6.75,Đà Nẵng,Hải Châu
8047,36.0,3.3,3.5,Nam,,5.0,4.0,3.0,Have certificate,Full,6.5,Hà Nội,Hoàng Mai
18596,35.0,5.0,4.5,Nam,,2.0,1.0,1.0,Have certificate,,2.48,Hồ Chí Minh,Bình Tân
6842,25.0,3.0,3.0,Đông - Nam,,5.0,3.0,4.0,Have certificate,,5.95,Hồ Chí Minh,Quận 1
29688,72.0,4.0,13.0,,,3.0,3.0,2.0,Have certificate,,8.7,Hồ Chí Minh,Tân Phú
16294,40.0,4.6,2.5,,,5.0,,,Have certificate,,5.6,Hà Nội,Nam Từ Liêm
24979,50.0,4.0,3.0,,,5.0,,,,Full,9.8,Hà Nội.,Nam Từ Liêm
20910,86.0,6.0,8.0,,,,,,,,5.3,Hồ Chí Minh,Quận 9
679,32.0,4.6,3.5,,,5.0,3.0,,,,3.85,Hà Nội,Long Biên
5832,61.0,4.1,3.0,,,4.0,4.0,3.0,Have certificate,Full,7.95,Hà Nội,Bắc Từ Liêm
16731,122.0,5.0,7.5,Tây - Nam,Tây - Nam,3.0,4.0,5.0,Have certificate,Full,7.7,Đà Nẵng,Ngũ Hành Sơn
21439,18.0,3.1,3.0,,,4.0,3.0,4.0,Have certificate,,2.58,Hà Nội,Đống Đa
30146,127.0,5.0,8.0,Nam,,2.0,2.0,2.0,Have certificate,Basic,4.7,Bình Dương,Thủ Dầu Một
5837,63.0,5.0,13.0,,,5.0,,,,,7.1,Hưng Yên,Văn Giang
23993,70.0,5.0,7.0,,,,,,Have certificate,,3.2,Bình Dương,Dĩ An
17824,51.2,5.2,7.0,Đông - Bắc,,3.0,3.0,4.0,Have certificate,Full,5.4,Khánh Hòa,Nha Trang
30100,100.0,5.0,8.0,,,,,,Have certificate,,6.3,Hồ Chí Minh,Quận 9
20852,30.0,4.6,3.0,,,5.0,3.0,3.0,Have certificate,,4.9,Hà Nội,Đống Đa
21325,93.0,4.2,7.0,,,3.0,3.0,3.0,,,8.5,Hải Phòng,Lê Chân
24407,75.0,4.2,3.0,,,3.0,,,,,8.82,Hà Nội,Đống Đa
12480,164.0,8.0,11.0,Bắc,Tây,3.0,,,,,9.97,Đồng Nai,Biên Hòa
26822,160.0,8.0,5.0,,,,3.0,2.0,Have certificate,,4.35,Đồng Nai,Biên Hòa
24974,114.0,5.0,8.0,Tây,Tây,,,,Sale contract,,9.7,Bình Dương,Thủ Dầu Một
13547,40.0,4.2,3.5,,,5.0,,,Have certificate,Full,7.8,Hà Nội,Long Biên
11529,65.2,7.91,3.0,Đông - Nam,Đông - Nam,3.0,3.0,3.0,Have certificate,Full,2.45,Hải Phòng,An Dương
18175,64.0,4.0,6.0,,,,6.0,,,,5.5,Hồ Chí Minh,Bình Tân
186,30.0,6.0,2.0,Đông,Đông,6.0,3.0,4.0,Have certificate,Basic,4.6,Hà Nội,Long Biên
1857,145.0,6.0,3.5,Đông - Bắc,Đông - Bắc,,4.0,3.0,Have certificate,,7.5,Đà Nẵng.,Hải Châu
20125,168.0,6.0,16.0,,,2.0,,,,,5.1,Bình Dương,Tân Uyên
14857,37.0,3.3,8.0,Đông - Nam,Đông - Nam,4.0,4.0,3.0,Have certificate,,8.8,Hồ Chí Minh,Quận 11
10517,82.0,4.0,8.0,,,3.0,3.0,4.0,Have certificate,Full,6.2,Hồ Chí Minh,Thủ Đức
20858,152.0,8.3,3.5,,,,3.0,3.0,Have certificate,Basic,9.1,Hồ Chí Minh,Thủ Đức
15549,108.8,5.44,13.0,,,4.0,4.0,5.0,Have certificate,Full,8.9,Khánh Hòa,Thành phố Nha Trang
26473,64.0,4.0,12.0,,,3.0,3.0,2.0,,,5.6,Hồ Chí Minh,Bình Tân
24922,78.0,6.0,5.5,,,2.0,3.0,2.0,Have certificate,Full,4.3,Đà Nẵng,Cẩm Lệ
20495,32.0,4.2,3.0,,,4.0,3.0,,Have certificate,,7.63,Hà Nội,Đống Đa
26389,35.0,7.0,3.0,Tây,Tây,5.0,9.0,9.0,Have certificate,,6.6,Hà Nội,Ba Đình
998,40.0,3.8,3.0,,,4.0,5.0,3.0,Have certificate,Full,5.2,Hà Nội,Nam Từ Liêm
25754,65.0,4.0,5.0,,,3.0,4.0,3.0,Have certificate,Basic,4.5,Hồ Chí Minh,Bình Tân
23327,35.0,4.0,3.2,,,,,,Have certificate,Full,3.68,Hà Nội,Thanh Trì
24847,65.0,8.0,3.5,,,,,,Have certificate,,5.5,Hồ Chí Minh,Gò Vấp
16951,40.0,4.6,3.0,Tây - Bắc,,2.0,2.0,2.0,Have certificate,,3.0,Hồ Chí Minh,Thủ Đức
19696,284.17,10.0,5.0,Đông - Nam,Đông - Bắc,1.0,5.0,3.0,Have certificate,Full,9.5,Lâm Đồng,Đà Lạt
27112,58.0,4.0,4.0,Bắc,Bắc,2.0,,,Have certificate,,4.8,Hồ Chí Minh,Tân Phú
26120,90.0,3.7,7.0,,,2.0,4.0,4.0,Have certificate,Full,6.8,Đà Nẵng,Sơn Trà
17644,58.8,4.2,10.0,Tây - Bắc,,4.0,4.0,5.0,,,5.75,Hồ Chí Minh,Quận 12
3891,120.0,5.0,12.0,,,2.0,3.0,3.0,Have certificate,,2.0,Bình Dương,Bến Cát
26952,26.0,4.0,3.0,Nam,,2.0,1.0,1.0,Have certificate,,3.65,Hà Nội,Hoàn Kiếm
8639,60.0,4.0,13.0,Đông - Nam,Đông - Nam,5.0,6.0,5.0,,Basic,8.0,Hưng Yên,Văn Giang
12253,45.9,3.0,6.0,,,3.0,3.0,3.0,Have certificate,Basic,9.5,Hồ Chí Minh,Phú Nhuận
1326,67.0,3.8,4.0,,,4.0,4.0,4.0,Have certificate,Full,7.5,Hồ Chí Minh,Tân Bình
29240,250.0,4.05,5.0,,,,4.0,3.0,Have certificate,,8.0,Hòa Bình,Hòa Bình
8529,100.0,5.0,13.0,Tây - Nam,,3.0,4.0,4.0,,,5.35,Khánh Hòa,Nha Trang
9355,40.0,3.7,3.0,,,5.0,3.0,4.0,Have certificate,Full,7.86,Hà Nội,Hai Bà Trưng
9236,45.0,4.0,5.0,,,3.0,3.0,2.0,Have certificate,Full,6.25,Hồ Chí Minh,Bình Thạnh
2363,10.0,4.1,5.0,,,3.0,2.0,2.0,Have certificate,,1.55,Hồ Chí Minh,Gò Vấp
12743,48.0,4.0,6.0,,,3.0,4.0,4.0,Have certificate,Full,5.9,Hồ Chí Minh,Tân Bình
6307,64.6,3.0,10.0,Bắc,Bắc,4.0,5.0,4.0,Have certificate,Basic,7.0,Hồ Chí Minh,Bình Thạnh
11798,70.0,4.1,5.0,,,3.0,4.0,3.0,Have certificate,Full,6.8,Hồ Chí Minh,Gò Vấp
9407,55.0,7.0,3.5,,,5.0,5.0,5.0,Have certificate,Full,9.3,Hà Nội,Long Biên
23485,35.0,4.0,3.0,,,5.0,3.0,4.0,Have certificate,Full,5.5,Hà Nội,Cầu Giấy
6687,45.0,4.0,3.0,,,4.0,4.0,3.0,Have certificate,Full,6.3,Hà Nội,Ba Đình
25428,85.0,5.0,10.0,,,,,,Have certificate,,2.5,Hồ Chí Minh,Bình Chánh
27669,129.0,8.5,5.0,Tây - Nam,,,,,Have certificate,Basic,4.5,Đồng Nai,Biên Hòa
21824,52.0,4.2,6.0,,,4.0,4.0,4.0,Have certificate,,7.0,Hồ Chí Minh,Quận 12
7407,70.0,5.0,5.0,,,3.0,5.0,5.0,Have certificate,Basic,8.2,Hồ Chí Minh,Tân Bình
10601,62.0,4.1,5.0,,,3.0,,,,,6.5,Hồ Chí Minh,Gò Vấp
7898,33.0,4.0,3.0,Tây - Nam,Tây - Nam,5.0,3.0,4.0,Have certificate,Full,4.6,Hà Nội,Long Biên
1632,59.0,4.0,3.75,,,3.0,3.0,3.0,Have certificate,Full,2.79,Hà Nội,Quốc Oai
3368,54.0,4.0,3.0,,,4.0,4.0,3.0,Have certificate,Full,7.5,Hà Nội,Thanh Xuân
8729,100.0,5.4,4.5,,,1.0,4.0,4.0,Have certificate,,3.15,Đà Nẵng,Thanh Khê
12342,90.0,9.3,11.0,,,3.0,3.0,3.0,Have certificate,Full,1.65,Thanh Hóa.,Đông Sơn
6423,70.0,4.2,3.5,,,4.0,4.0,4.0,Have certificate,Full,8.7,Hà Nội,Long Biên
14133,122.0,6.1,5.5,,,,,,Have certificate,,8.4,Đà Nẵng,Sơn Trà
13354,65.0,5.0,5.0,Tây - Bắc,,4.0,5.0,6.0,Have certificate,,5.05,Lào Cai,Sa Pa
12634,105.0,5.0,5.0,Bắc,Bắc,,2.0,1.0,Have certificate,,1.6,Đồng Nai,Trảng Bom
23919,65.0,7.0,7.0,Tây - Nam,Tây,3.0,3.0,4.0,Have certificate,Full,4.99,Hồ Chí Minh,Quận 12
2722,95.0,5.0,7.0,Tây - Nam,,2.0,3.0,2.0,Have certificate,,5.45,Đà Nẵng,Ngũ Hành Sơn
22615,52.6,5.0,7.0,,,3.0,5.0,6.0,Have certificate,Basic,5.39,Hồ Chí Minh,Bình Tân
18493,98.6,8.7,2.0,Đông - Bắc,Tây - Bắc,2.0,2.0,1.0,Have certificate,,1.65,Hải Phòng,Đồ Sơn
1866,44.0,6.0,4.5,Bắc,Bắc,5.0,4.0,3.0,Have certificate,Full,10.0,Hồ Chí Minh,Phú Nhuận
23595,30.0,4.0,4.0,,,5.0,3.0,5.0,Have certificate,Full,7.98,Hà Nội,Ba Đình
1768,45.0,4.23,12.0,,,,9.0,9.0,,,9.7,Hồ Chí Minh,Quận 4
21033,120.0,4.6,6.0,,,4.0,4.0,,Have certificate,,7.3,Hồ Chí Minh,Thủ Đức
23019,90.0,4.5,10.0,,,,2.0,2.0,Have certificate,,8.2,Hồ Chí Minh,Bình Tân
20171,130.8,5.0,8.0,Tây,,,,1.0,Sale contract,,6.0,Bà Rịa Vũng Tàu,Vũng Tàu
16549,57.0,5.0,7.0,,,4.0,,,Have certificate,Basic,7.2,Hồ Chí Minh,Quận 12
29539,54.0,4.0,6.0,,,3.0,4.0,,Have certificate,Full,4.75,Hồ Chí Minh.,Bình Tân
6172,113.0,5.0,8.0,Nam,,3.0,3.0,4.0,Have certificate,Full,5.6,Hồ Chí Minh,Hóc Môn
12830,100.0,5.0,48.0,,,3.0,4.0,3.0,Have certificate,Full,4.8,Bình Dương,Phú Giáo
12338,88.0,4.0,6.0,,,5.0,4.0,5.0,Have certificate,,7.0,Hồ Chí Minh,Bình Tân
1019,63.0,4.2,6.0,Đông,,4.0,4.0,5.0,Have certificate,Basic,7.1,Hồ Chí Minh,Tân Phú
2282,79.0,5.2,7.0,,,,2.0,1.0,Have certificate,,6.5,Đồng Nai,Biên Hòa
12991,88.0,4.3,5.0,,,,,,Have certificate,,10.0,Hồ Chí Minh,Quận 7
21591,34.0,3.5,3.0,Tây - Bắc,Tây - Bắc,3.0,3.0,3.0,Have certificate,Basic,1.99,Hà Nội,Hà Đông
14622,108.0,6.0,13.0,Đông - Bắc,,,,,Have certificate,,7.95,Khánh Hòa,Nha Trang
29683,46.0,4.08,5.0,,,2.0,3.0,,Have certificate,,5.2,Hồ Chí Minh,Quận 10
2708,80.0,4.0,8.0,,,4.0,5.0,4.0,Have certificate,Full,9.5,Hồ Chí Minh,Tân Bình
10291,91.0,4.1,5.0,,,2.0,2.0,2.0,Have certificate,,6.8,Hồ Chí Minh,Gò Vấp
29121,58.0,4.0,8.0,,,4.0,4.0,,Have certificate,Basic,10.0,Hồ Chí Minh,Bình Thạnh
21517,67.0,6.0,3.0,,,2.0,,,Have certificate,Full,6.3,Hồ Chí Minh,Gò Vấp
13198,125.0,5.0,8.0,,,,2.0,2.0,Have certificate,,6.9,Hồ Chí Minh,Quận 9
13367,50.0,3.3,3.0,,,4.0,4.0,3.0,Have certificate,,5.52,Hà Nội.,Nam Từ Liêm
28199,39.0,4.08,5.0,Tây - Nam,Tây - Nam,4.0,3.0,3.0,Have certificate,Full,9.8,Hồ Chí Minh,Quận 10
29100,70.0,5.0,5.0,,,2.0,3.0,2.0,Have certificate,,3.6,Bình Dương,Dĩ An
28713,28.0,3.2,6.0,,,2.0,,,Have certificate,,1.95,Hồ Chí Minh,Thủ Đức
13875,40.0,4.0,5.0,Đông - Nam,,4.0,3.0,4.0,Have certificate,Full,4.48,Hồ Chí Minh,Gò Vấp
18838,72.0,4.0,6.0,,,3.0,4.0,4.0,Have certificate,,6.48,Hồ Chí Minh,Bình Tân
1780,92.4,4.2,6.0,,,5.0,5.0,6.0,Have certificate,,8.79,Hồ Chí Minh,Tân Bình
19868,94.0,6.8,2.0,Nam,,4.0,4.0,6.0,Have certificate,Basic,5.75,Hải Phòng,Ngô Quyền
29601,68.0,4.0,10.0,,,3.0,4.0,4.0,Have certificate,Full,9.5,Hồ Chí Minh,Tân Phú
7434,32.0,4.8,3.0,,,6.0,3.0,5.0,Have certificate,Full,6.75,Hà Nội,Cầu Giấy
14246,73.0,4.9,3.0,,,1.0,2.0,1.0,Have certificate,Full,7.99,Hà Nội,Thanh Xuân
3938,64.0,4.0,5.0,Bắc,Bắc,4.0,6.0,3.0,Have certificate,Full,5.0,Hà Nội,Long Biên
22536,54.0,4.5,3.5,,,5.0,4.0,4.0,Have certificate,,7.7,Hà Nội,Hoàng Mai
13969,34.0,3.3,3.0,,,5.0,3.0,4.0,Have certificate,Full,5.25,Hà Nội,Nam Từ Liêm
8258,40.0,4.0,3.5,,,6.0,,,Have certificate,,6.5,Hà Nội,Hoàng Mai
7257,52.0,8.6,8.0,Đông - Bắc,,4.0,4.0,3.0,Have certificate,Full,7.2,Hồ Chí Minh,Quận 4
19523,130.0,5.8,12.0,,,3.0,,,,,5.2,Long An,Cần Giuộc
20351,51.0,4.14,8.0,,,3.0,4.0,4.0,Have certificate,Full,6.0,Hồ Chí Minh,Thủ Đức
26113,42.0,5.0,4.0,,,,3.0,2.0,Have certificate,,2.68,Hồ Chí Minh,Hóc Môn
1315,286.0,0.0,2.0,Đông - Nam,,,,,Have certificate,,3.7,Tây Ninh,Huyện Dương Minh Châu
10796,54.0,4.2,2.0,,,4.0,4.0,4.0,Have certificate,Full,5.0,Hà Nội,Long Biên
15405,59.0,5.9,5.0,Đông - Nam,Đông - Nam,3.0,3.0,3.0,Have certificate,Basic,2.25,Hải Phòng,Kiến An
1394,30.0,4.0,3.0,,,5.0,4.0,4.0,Have certificate,Basic,2.3,Hà Nội,Hà Đông
20611,31.0,3.2,3.0,,,5.0,3.0,4.0,Have certificate,,9.5,Hà Nội,Ba Đình
7531,45.0,4.0,2.5,Đông - Nam,,5.0,6.0,2.0,Have certificate,Full,9.0,Hà Nội,Hai Bà Trưng
26521,45.0,4.0,3.0,,,5.0,4.0,3.0,Have certificate,Full,6.0,Hà Nội,Cầu Giấy
3646,41.0,6.0,3.0,,,,,,Have certificate,Full,4.15,Hà Nội,Thanh Xuân
10407,53.0,4.0,8.0,,,3.0,4.0,3.0,Have certificate,,5.69,Hồ Chí Minh,Bình Tân
16584,69.1,4.0,4.0,Đông - Bắc,Đông - Bắc,3.0,3.0,4.0,Have certificate,Full,10.0,Hồ Chí Minh,Bình Thạnh
29320,56.0,15.0,20.0,,,2.0,3.0,2.0,Have certificate,Basic,5.95,Hồ Chí Minh,Quận 12
8129,94.0,4.6,8.0,,,3.0,4.0,4.0,Have certificate,Full,7.7,Hồ Chí Minh,Thủ Đức
8496,76.0,4.0,5.0,,,4.0,5.0,6.0,Have certificate,Full,7.8,Hồ Chí Minh,Gò Vấp
7573,40.0,4.5,4.0,Đông - Bắc,Đông - Bắc,5.0,4.0,4.0,Have certificate,Basic,5.8,Hà Nội,Long Biên
22800,50.0,4.0,3.0,,,3.0,3.0,3.0,Have certificate,Full,8.0,Hà Nội,Cầu Giấy
19352,102.5,5.0,5.5,Tây,,2.0,3.0,3.0,Have certificate,,8.0,Đà Nẵng,Sơn Trà
14933,72.0,4.0,6.0,,,2.0,2.0,3.0,Have certificate,Basic,3.8,Đồng Nai,Biên Hòa
3080,51.91,5.0,6.0,,,3.0,3.0,3.0,Have certificate,Full,5.1,Hồ Chí Minh,Nhà Bè
22598,56.0,4.0,6.0,Bắc,Bắc,5.0,5.0,4.0,Have certificate,Full,5.2,Hồ Chí Minh,Bình Tân
17857,78.0,6.0,5.0,,,1.0,1.0,1.0,Have certificate,,6.95,Hồ Chí Minh,Quận 7
14272,107.0,12.5,2.5,Tây - Nam,,,2.0,2.0,,,2.85,Cần Thơ,Ninh Kiều
12497,35.0,4.0,4.0,,,5.0,4.0,,Have certificate,Basic,5.75,Hà Nội,Hoàng Mai
7504,160.0,8.0,8.0,,,,,,,,8.5,Hồ Chí Minh,Quận 9
29869,64.0,4.3,5.0,,,,1.0,1.0,Have certificate,Full,5.0,Hồ Chí Minh,Quận 7
26820,73.0,4.2,3.0,Bắc,Bắc,1.0,2.0,1.0,Have certificate,Full,4.08,Hồ Chí Minh,Quận 9
29166,28.0,4.0,3.0,,,5.0,3.0,4.0,Have certificate,Full,4.3,Hà Nội,Hai Bà Trưng
16284,42.8,4.0,3.0,,,3.0,4.0,2.0,Have certificate,,7.2,Hà Nội,Hai Bà Trưng
24222,125.0,5.0,8.0,Tây,,,2.0,2.0,Have certificate,Basic,2.55,Đắk Lắk,Buôn Ma Thuột
18321,65.0,4.0,5.0,,,1.0,1.0,1.0,Have certificate,Basic,7.6,Hồ Chí Minh,Bình Thạnh
22378,33.0,3.3,3.0,,,2.0,2.0,2.0,Have certificate,,6.5,Hà Nội,Đống Đa
15005,48.0,4.0,3.0,,,4.0,4.0,,Have certificate,Full,7.5,Hà Nội,Ba Đình
21962,48.0,4.0,3.2,,,5.0,5.0,,Have certificate,Full,7.9,Hà Nội,Thanh Trì
6282,61.0,5.6,10.0,,,1.0,3.0,2.0,Have certificate,,2.6,Đồng Nai,Biên Hòa
26610,36.0,8.3,5.0,Tây,Tây,3.0,3.0,3.0,Have certificate,Full,5.99,Hồ Chí Minh,Gò Vấp
25295,45.0,5.0,5.0,Đông - Bắc,,3.0,2.0,3.0,,,5.4,Hồ Chí Minh.,Quận 2
14170,30.0,6.8,2.0,,,4.0,3.0,3.0,Have certificate,Basic,3.4,Hà Nội,Long Biên
14193,63.0,5.0,13.0,,,,,,,,7.79,Hưng Yên,Văn Giang
4074,19.0,3.3,3.0,,,3.0,2.0,2.0,Have certificate,Full,3.5,Hà Nội,Đống Đa
2357,50.0,4.0,3.0,,,4.0,4.0,3.0,Have certificate,Full,6.6,Hồ Chí Minh,Bình Thạnh
9600,210.0,7.0,10.0,,,,,,,,9.5,Hồ Chí Minh,Thủ Đức
28080,84.1,4.0,16.0,Đông - Bắc,Đông - Bắc,4.0,4.0,5.0,Have certificate,Full,8.5,Hồ Chí Minh,Thủ Đức
4524,50.0,3.8,4.0,Tây,Tây - Bắc,4.0,4.0,3.0,Have certificate,Full,5.88,Hà Nội,Hoàng Mai
5518,74.0,5.0,3.0,,,5.0,4.0,5.0,Have certificate,Full,7.7,Hồ Chí Minh,Tân Bình
8166,50.0,4.0,3.0,,,5.0,6.0,4.0,Have certificate,,6.75,Hà Nội,Ba Đình
29540,120.0,6.0,20.0,Đông - Bắc,Đông - Bắc,2.0,4.0,3.0,Sale contract,,5.3,Bình Thuận,Phan Thiết
21234,37.0,4.0,6.0,,,2.0,2.0,2.0,Have certificate,,4.2,Hồ Chí Minh,Tân Bình
4790,70.0,5.0,4.0,,,3.0,,,,,4.7,Hà Nội,Gia Lâm
6987,80.0,5.0,8.0,,,,3.0,4.0,Have certificate,Full,2.75,Bình Dương,Thủ Dầu Một
5595,55.0,5.0,3.0,,,5.0,,,Have certificate,Full,9.9,Hà Nội,Cầu Giấy
27395,85.0,5.0,12.0,Đông - Bắc,,2.0,3.0,2.0,Have certificate,Full,2.8,Đồng Nai,Biên Hòa
2517,59.0,4.0,8.0,,,4.0,4.0,5.0,Have certificate,Full,8.6,Hồ Chí Minh,Quận 9
22460,80.0,5.0,12.0,,,3.0,,,Have certificate,,2.0,Bình Dương,Bến Cát
24301,50.0,4.0,3.5,,,5.0,,,,,6.9,Hà Nội,Hoàng Mai
9804,80.0,5.0,5.0,,,3.0,3.0,3.0,Have certificate,Basic,9.9,Hồ Chí Minh,Tân Bình
18102,33.0,3.35,3.0,Đông - Bắc,Đông - Bắc,3.0,3.0,3.0,Have certificate,Basic,2.4,Hà Nội,Huyện Chương Mỹ
3961,48.0,6.0,4.0,Tây - Nam,Tây - Nam,3.0,3.0,3.0,Have certificate,Basic,2.9,Khánh Hòa,Nha Trang
28953,21.7,4.0,3.0,,,,,,Have certificate,,5.7,Hà Nội,Hai Bà Trưng
22827,94.0,6.0,6.0,,,5.0,5.0,5.0,Have certificate,,10.0,Hồ Chí Minh,Tân Phú
22837,130.0,8.0,4.0,,,3.0,3.0,2.0,Have certificate,Full,4.57,Hồ Chí Minh,Hóc Môn
15009,55.0,3.5,10.0,Tây - Bắc,Tây - Bắc,4.0,3.0,3.0,Have certificate,Full,9.5,Hà Nội,Hà Đông
21153,45.0,4.7,4.0,,,,3.0,3.0,Have certificate,Full,2.3,Hà Nội,Đông Anh
29463,162.0,9.0,14.0,Đông - Nam,Đông - Nam,3.0,4.0,4.0,Sale contract,,7.95,Nghệ An,Vinh
11271,65.0,4.5,5.0,Đông - Bắc,Đông - Bắc,4.0,4.0,5.0,Have certificate,Basic,6.3,Hải Phòng,Hải An
5307,34.0,5.3,3.0,,,2.0,2.0,2.0,Have certificate,Full,2.47,Hồ Chí Minh,Bình Tân
16215,70.0,4.0,3.0,,,4.0,,,,,7.9,Hà Nội,Hai Bà Trưng
24196,100.0,4.0,3.5,,,3.0,3.0,2.0,Have certificate,,6.5,Hà Nội,Hoàng Mai
28298,66.0,4.0,2.5,,,3.0,3.0,3.0,Have certificate,,4.9,Hà Nội,Long Biên
21602,54.0,7.0,3.5,,,5.0,,,Have certificate,,10.0,Hà Nội,Long Biên
30131,75.0,4.0,6.0,,,3.0,3.0,,Have certificate,,5.49,Hồ Chí Minh,Tân Bình
2613,81.5,5.25,13.5,,,,,,,,4.0,Lạng Sơn,Lạng Sơn
18706,28.0,2.7,3.0,Tây - Bắc,,4.0,3.0,2.0,Have certificate,Full,3.68,Hà Nội,Đống Đa
7597,37.0,4.2,4.0,,,5.0,4.0,4.0,Have certificate,Full,5.5,Hà Nội,Đống Đa
11423,156.0,6.0,5.0,,,1.0,,,Have certificate,,9.8,Hồ Chí Minh,Quận 7
24441,135.0,12.0,7.0,,,5.0,5.0,5.0,Have certificate,Full,9.5,Quảng Ninh,Hạ Long
17177,89.3,5.0,10.0,,,4.0,3.0,4.0,,,7.7,Hồ Chí Minh,Bình Chánh
1541,72.0,4.1,6.0,,,2.0,,,,,7.3,Hồ Chí Minh,Gò Vấp
1461,90.0,4.0,3.5,,,,1.0,1.0,Have certificate,,9.2,Hà Nội,Hà Đông
7593,64.0,4.0,10.0,,,3.0,3.0,3.0,Have certificate,Full,5.69,Hồ Chí Minh,Bình Tân
64,85.0,6.0,16.0,,,3.0,4.0,4.0,Have certificate,,5.9,Bình Dương,Tân Uyên
19798,200.0,10.0,16.0,Đông - Nam,,2.0,3.0,3.0,Sale contract,,5.9,Bình Thuận,Phan Thiết
22050,40.0,4.0,4.0,Đông,,2.0,2.0,2.0,Have certificate,,3.05,Hồ Chí Minh,Quận 8
21633,40.0,4.0,3.0,,,5.0,6.0,7.0,Have certificate,Full,6.0,Hà Nội,Đống Đa
17633,30.0,4.35,3.0,,,6.0,3.0,4.0,Have certificate,Full,4.6,Hà Nội,Quận Long Biên
28275,165.0,4.2,22.0,,,,5.0,2.0,Have certificate,Full,9.8,Hồ Chí Minh,Quận 12
4222,91.0,6.0,12.5,,,2.0,2.0,,,,3.2,Bà Rịa Vũng Tàu,Bà Rịa
13159,76.0,4.0,10.0,Đông,Đông,1.0,1.0,2.0,Have certificate,,3.9,Cà Mau,Cà Mau
13892,31.0,3.4,3.0,,,5.0,3.0,4.0,Have certificate,,5.59,Hà Nội,Cầu Giấy
5469,100.0,5.0,8.0,,,4.0,4.0,4.0,Sale contract,,7.1,Bình Dương,Thủ Dầu Một
4425,50.0,4.5,3.0,,,4.0,4.0,,Have certificate,Full,7.3,Hà Nội,Cầu Giấy
21167,65.0,4.4,6.0,Đông,Đông,4.0,3.0,3.0,Have certificate,Basic,7.1,Hồ Chí Minh,Tân Phú
23319,37.1,5.42,2.5,Đông - Nam,Đông - Nam,6.0,3.0,4.0,Have certificate,Full,6.2,Hà Nội,Long Biên
6306,60.0,5.0,12.0,,,3.0,4.0,4.0,Have certificate,,2.3,Bình Dương,Thuận An
22818,70.0,4.5,5.5,Đông,,3.0,3.0,3.0,Have certificate,Full,5.7,Đà Nẵng,Hải Châu
20567,41.0,3.0,3.0,,,2.0,2.0,2.0,Have certificate,,4.2,Hồ Chí Minh,Gò Vấp
23147,32.0,4.2,3.5,,,5.0,3.0,4.0,Sale contract,,3.75,Hà Nội,Long Biên
5064,27.0,4.0,5.0,Đông - Nam,Đông - Nam,4.0,4.0,3.0,Have certificate,Full,5.4,Hà Nội,Thanh Xuân
12638,39.0,2.8,3.0,,,2.0,2.0,2.0,Have certificate,Full,4.78,Hồ Chí Minh,Bình Thạnh
4431,38.0,4.4,3.5,,,4.0,3.0,4.0,Have certificate,Full,4.75,Hà Nội,Hoàng Mai
13186,87.3,5.2,6.0,Nam,,1.0,2.0,2.0,,,2.45,Khánh Hòa,Nha Trang
29176,30.0,4.0,3.0,,,4.0,3.0,3.0,Have certificate,Basic,3.1,Hà Nội,Hoài Đức
22399,79.0,56.0,3.0,,,1.0,3.0,2.0,Have certificate,,7.99,Hồ Chí Minh,Phú Nhuận
14099,389.0,5.0,12.0,,,,,,Have certificate,Basic,5.0,Bình Dương,Bến Cát
17681,35.0,3.5,3.5,,,2.0,2.0,2.0,Have certificate,Full,4.68,Hồ Chí Minh,Bình Thạnh
4225,40.0,4.0,3.5,,,4.0,3.0,4.0,Have certificate,Full,2.28,Hà Nội,Hà Đông
6451,40.0,7.2,3.0,Nam,Nam,4.0,4.0,4.0,Have certificate,Basic,4.4,Hà Nội,Nam Từ Liêm
30089,35.0,4.0,3.0,,,4.0,2.0,3.0,Have certificate,Full,4.59,Hà Nội,Đống Đa
28821,68.0,4.7,3.0,Đông,,2.0,3.0,2.0,Have certificate,Full,6.7,Đà Nẵng,Ngũ Hành Sơn
19676,150.0,5.0,10.0,Bắc,,,7.0,7.0,Have certificate,,1.85,Bình Dương,Bến Cát
19563,62.4,5.2,4.0,,,3.0,3.0,4.0,Have certificate,,5.19,Hồ Chí Minh,Quận 1
19789,75.0,8.0,6.0,,,3.0,3.0,3.0,Have certificate,,2.8,Đà Nẵng,Liên Chiểu
18391,47.0,4.0,4.0,,,2.0,,,Have certificate,Basic,5.2,Hồ Chí Minh,Quận 1
11782,46.0,4.3,5.0,,,2.0,3.0,2.0,Have certificate,,5.0,Hồ Chí Minh,Quận 7
18995,76.0,4.0,8.0,,,3.0,4.0,5.0,Have certificate,Full,6.3,Hồ Chí Minh,Bình Tân
17077,51.0,6.0,6.0,,,2.0,3.0,3.0,Have certificate,Full,5.6,Hồ Chí Minh.,Bình Thạnh
13685,42.0,3.7,4.0,,,4.0,4.0,4.0,,,9.5,Hồ Chí Minh,Quận 3
22490,30.0,4.0,3.0,,,5.0,3.0,4.0,Have certificate,Basic,5.8,Hà Nội,Hai Bà Trưng
20183,64.0,5.0,13.0,,,3.0,3.0,3.0,Have certificate,,3.1,Bình Dương,Thuận An
977,38.4,3.2,6.0,,,3.0,4.0,3.0,Have certificate,Full,3.6,Hồ Chí Minh,Nhà Bè
18607,107.1,6.3,12.0,Nam,Nam,3.0,,,Sale contract,,3.8,Đồng Nai,Nhơn Trạch
4730,65.0,5.0,13.0,,,,,,,,9.5,Hưng Yên,Văn Giang
11217,55.0,3.0,5.0,Tây - Nam,,4.0,4.0,3.0,Have certificate,Full,7.6,Hà Nội,Tây Hồ
22749,81.3,5.0,18.0,,,5.0,,,Have certificate,,10.0,Hà Nội,Thường Tín
25202,50.0,4.0,7.0,,,4.0,4.0,4.0,Have certificate,Full,4.7,Hồ Chí Minh,Bình Tân
20795,42.0,3.5,3.0,,,5.0,3.0,4.0,Have certificate,Full,5.2,Hà Nội,Hai Bà Trưng
29639,91.8,4.3,5.0,,,3.0,4.0,5.0,,,7.9,Hồ Chí Minh,Quận 7
7717,49.0,3.6,2.5,,,4.0,3.0,3.0,Have certificate,Basic,5.68,Hà Nội,Hai Bà Trưng
14580,63.5,3.5,16.0,,,1.0,1.0,,Have certificate,,6.9,Hồ Chí Minh,Tân Phú
22165,204.0,5.8,5.0,,,,,,,,7.0,Lâm Đồng,Đà Lạt
16335,84.0,5.0,13.0,,,,,,,,10.0,Hưng Yên,Huyện Văn Giang
8604,68.0,4.0,7.0,Bắc,,,2.0,,Have certificate,Basic,2.5,Hồ Chí Minh,Hóc Môn
10322,35.0,4.8,3.0,,,2.0,2.0,2.0,Have certificate,,2.35,Hồ Chí Minh,Quận 8
14047,70.0,5.5,4.5,Tây,,2.0,3.0,2.0,Have certificate,,2.7,Bình Dương,Dĩ An
27025,80.0,4.0,3.0,Tây - Nam,,5.0,,,,,9.8,Hà Nội,Hoài Đức
2845,34.0,3.6,2.5,,,5.0,3.0,4.0,Have certificate,Full,3.4,Hà Nội,Bắc Từ Liêm
15402,68.0,4.2,6.0,,,5.0,6.0,6.0,Have certificate,Full,6.09,Hồ Chí Minh,Quận 12
4054,38.0,6.3,3.0,,,4.0,3.0,3.0,Have certificate,Full,5.95,Hà Nội,Thanh Xuân
21390,240.0,6.8,10.0,,,,2.0,2.0,,,9.8,Đồng Nai,Biên Hòa
25986,42.0,6.9,5.0,Tây,Tây,6.0,3.0,5.0,Have certificate,,9.8,Hà Nội,Hoàng Mai
12476,76.0,5.0,8.0,,,,,,,,6.2,Hồ Chí Minh,Quận 9
5562,49.0,4.3,5.0,,,,,,,,6.0,Hồ Chí Minh,Quận 7
2696,50.0,4.0,5.0,Đông - Nam,,5.0,4.0,6.0,Have certificate,Full,8.9,Hà Nội,Hoàng Mai
21918,75.0,5.0,5.0,Đông,,4.0,3.0,5.0,Have certificate,Basic,3.7,Hải Phòng,An Dương
19317,97.0,5.0,4.0,Tây - Bắc,Tây - Bắc,1.0,3.0,1.0,Have certificate,Full,3.5,Bình Dương,Thuận An
20591,44.6,4.48,3.5,,,6.0,3.0,4.0,Have certificate,Full,9.6,Hà Nội,Long Biên
12293,100.0,5.0,8.0,Đông - Nam,,2.0,,,,,1.5,Lào Cai,Sa Pa
796,89.0,4.0,12.0,,,1.0,3.0,2.0,Have certificate,Basic,1.25,Đồng Nai,Biên Hòa
23238,45.0,4.1,5.0,,,5.0,5.0,4.0,Have certificate,Full,7.3,Hồ Chí Minh,Gò Vấp
16758,57.5,4.2,6.0,,,3.0,4.0,5.0,Have certificate,Full,5.6,Hồ Chí Minh,Quận 12
16594,55.2,4.6,5.0,,,3.0,3.0,4.0,Have certificate,,3.8,Hồ Chí Minh,Tân Bình
4818,50.0,4.0,8.0,Đông,Đông,3.0,3.0,3.0,Have certificate,,4.0,Hồ Chí Minh,Tân Phú
17251,45.0,5.0,6.0,,,1.0,2.0,1.0,Have certificate,Basic,6.9,Hà Nội,Long Biên
24669,40.0,4.0,12.0,,,3.0,3.0,3.0,Have certificate,Full,5.6,Hồ Chí Minh,Tân Phú
23148,61.0,5.0,4.0,,,2.0,2.0,3.0,Have certificate,Full,7.2,Hồ Chí Minh,Tân Bình
15130,36.0,3.35,3.0,,,4.0,4.0,3.0,Have certificate,Basic,3.78,Hà Nội.,Hoài Đức
10301,42.01,3.56,3.0,,,2.0,2.0,2.0,Have certificate,,3.2,Hồ Chí Minh,Quận 7
28702,35.0,4.23,4.0,,,3.0,4.0,3.0,Have certificate,Full,3.5,Hồ Chí Minh,Quận 4
12478,52.0,6.5,6.0,Tây - Bắc,,4.0,4.0,4.0,Have certificate,Basic,8.0,Hồ Chí Minh,Thủ Đức
26657,36.0,4.1,3.0,Tây - Nam,Đông,1.0,2.0,1.0,Have certificate,Full,2.17,Hồ Chí Minh,Hóc Môn
1312,60.0,4.0,13.0,,,3.0,4.0,4.0,Have certificate,Basic,3.2,Bình Dương,Thuận An
25063,89.0,4.9,13.0,Tây - Nam,,3.0,4.0,4.0,Have certificate,,9.0,Vĩnh Phúc,Vĩnh Yên
16009,30.0,3.23,3.5,Đông - Nam,Đông - Nam,5.0,3.0,4.0,Have certificate,Full,4.15,Hà Nội,Hà Đông
17827,33.0,4.0,2.2,Tây - Bắc,Tây - Bắc,5.0,3.0,4.0,Have certificate,Basic,4.15,Hà Nội,Hoài Đức
16432,60.0,4.5,4.0,,,5.0,5.0,4.0,Have certificate,Full,9.5,Hà Nội,Bắc Từ Liêm
18409,92.0,4.0,5.0,,,4.0,4.0,5.0,,,7.41,Hồ Chí Minh,Gò Vấp
21589,80.0,4.3,5.0,,,,2.0,,Have certificate,,7.3,Hồ Chí Minh,Quận 7
15076,59.0,4.1,5.0,,,4.0,4.0,,Have certificate,,8.15,Hồ Chí Minh,Gò Vấp
26858,35.0,5.7,4.0,,,5.0,3.0,4.0,Have certificate,Full,8.2,Hà Nội,Hai Bà Trưng
19656,160.0,8.0,14.0,Đông - Nam,,3.0,4.0,4.0,Sale contract,,6.5,Đồng Nai,Biên Hòa
6375,75.0,5.0,12.0,Đông - Nam,,3.0,4.0,4.0,Have certificate,,3.85,Hải Phòng,Thủy Nguyên
26172,32.0,4.0,3.0,,,4.0,3.0,4.0,Have certificate,Full,5.8,Hà Nội,Hai Bà Trưng
15576,30.0,4.2,3.0,,,5.0,3.0,,Have certificate,Full,6.2,Hà Nội,Đống Đa
14851,90.0,4.5,4.0,,,2.0,4.0,5.0,Have certificate,,4.29,Hồ Chí Minh,Quận 12
24113,300.0,6.4,12.0,,,,3.0,2.0,Have certificate,,6.9,Bình Dương,Thuận An
28647,47.0,4.0,5.0,,,4.0,5.0,5.0,Have certificate,,7.0,Hồ Chí Minh,Quận 10
5429,23.0,4.5,6.0,Tây - Nam,,3.0,2.0,2.0,Have certificate,Basic,2.15,Hồ Chí Minh,Quận 6
7594,43.0,4.5,3.0,,,6.0,6.0,5.0,Have certificate,Full,6.2,Hà Nội.,Thanh Xuân
7133,95.0,5.0,5.0,,,3.0,4.0,3.0,,,3.28,Bình Dương,Thủ Dầu Một
13803,51.0,4.5,15.0,,,4.0,3.0,2.0,Have certificate,,9.5,Hải Phòng,Lê Chân
6666,46.0,4.6,6.0,,,2.0,3.0,2.0,Have certificate,Full,7.05,Hồ Chí Minh,Tân Bình
26012,56.0,4.0,6.0,,,4.0,5.0,,,,5.9,Hồ Chí Minh,Bình Tân
29041,70.0,5.0,4.0,Đông - Nam,Đông - Nam,1.0,2.0,2.0,Have certificate,Full,4.4,Hồ Chí Minh,Thủ Đức
24732,33.0,4.0,3.3,Đông - Nam,Đông - Nam,3.0,3.0,3.0,Have certificate,Basic,1.58,Hà Nội,Thanh Oai
3584,52.0,5.0,3.5,,,5.0,4.0,,,,6.8,Hà Nội,Hoàng Mai
1464,50.0,8.0,4.0,Đông - Nam,Đông - Nam,5.0,3.0,4.0,Have certificate,Full,4.5,Hà Nội,Long Biên
8382,60.0,4.0,5.0,,,3.0,4.0,4.0,Have certificate,,6.9,Hồ Chí Minh,Gò Vấp
12127,160.0,8.0,10.0,Tây - Nam,Tây - Nam,2.0,2.0,2.0,Have certificate,Full,7.2,Bà Rịa Vũng Tàu,Đất Đỏ
20765,55.0,4.0,3.0,Đông - Bắc,Đông - Bắc,4.0,4.0,3.0,,,6.5,Hà Nội.,Nam Từ Liêm
16006,52.0,4.0,6.0,,,5.0,5.0,6.0,Have certificate,,7.4,Hồ Chí Minh,Tân Bình
16835,43.0,9.5,10.5,Tây - Nam,,3.0,3.0,3.0,Have certificate,,7.0,Đà Nẵng,Thanh Khê
4264,64.0,4.0,6.0,,,2.0,3.0,4.0,,,6.2,Hồ Chí Minh,Tân Phú
9916,36.0,4.0,4.0,,,2.0,2.0,2.0,Have certificate,Full,4.45,Hồ Chí Minh,Gò Vấp
20797,32.0,3.7,3.0,Tây - Nam,Tây - Nam,6.0,5.0,5.0,Have certificate,Full,5.3,Hà Nội,Nam Từ Liêm
11008,55.0,4.0,15.0,,,3.0,3.0,2.0,Have certificate,,8.3,Hà Nội,Hoàng Mai
19443,80.0,4.0,13.0,,,,1.0,1.0,Have certificate,Full,8.0,Hồ Chí Minh,Tân Phú
26780,41.0,8.0,4.0,,,,2.0,2.0,,Full,1.3,Đồng Nai,Nhơn Trạch
28286,69.75,4.5,6.0,Tây - Bắc,Đông - Nam,2.0,2.0,2.0,Have certificate,Basic,1.79,Kiên Giang,Rạch Giá
29650,201.0,5.2,6.0,,,1.0,2.0,1.0,Have certificate,Basic,3.65,Đồng Nai,Biên Hòa
29749,80.0,4.0,10.0,,,4.0,4.0,,Have certificate,,9.5,Hồ Chí Minh,Tân Phú
16112,50.0,4.0,3.5,,,4.0,4.0,4.0,Have certificate,Full,8.8,Hà Nội,Hoàng Mai
4376,31.0,4.0,5.0,Đông - Bắc,Đông - Bắc,3.0,3.0,3.0,Have certificate,Full,5.75,Hồ Chí Minh,Bình Thạnh
26760,225.0,5.5,18.0,,,2.0,3.0,3.0,,Full,9.7,Bình Dương,Dĩ An
16329,106.0,5.0,15.0,,,3.0,9.0,,Have certificate,Full,4.5,Thanh Hóa,Thanh Hóa
11584,60.0,4.0,3.0,Tây,Tây,2.0,3.0,2.0,Have certificate,Full,3.45,Hồ Chí Minh,Quận 12
3006,60.0,4.0,6.0,,,4.0,4.0,5.0,,,8.7,Hồ Chí Minh,Thủ Đức
9474,95.0,5.0,6.0,,,2.0,3.0,2.0,,,7.7,Hồ Chí Minh,Gò Vấp
14255,77.9,7.35,6.0,,,4.0,3.0,3.0,Have certificate,Basic,7.8,Hồ Chí Minh,Thủ Đức
2110,115.0,5.0,6.0,,,2.0,3.0,2.0,Have certificate,,2.5,Bà Rịa Vũng Tàu,Long Điền
10313,60.0,3.52,2.0,,,4.0,5.0,3.0,Have certificate,Basic,7.98,Hà Nội,Đống Đa
22759,44.0,4.0,3.0,,,2.0,2.0,3.0,Have certificate,,4.4,Hồ Chí Minh,Bình Thạnh
1324,47.0,4.25,4.0,,,1.0,2.0,,Have certificate,,1.5,Tiền Giang,Mỹ Tho
27883,30.0,4.0,3.5,,,5.0,3.0,3.0,Have certificate,Basic,4.2,Hà Nội,Hoàng Mai
16858,98.0,5.25,2.5,Tây - Bắc,,,2.0,1.0,,,1.0,Quảng Nam,Tam Kỳ
29786,48.0,5.0,13.0,,,,,,Have certificate,Basic,5.8,Hưng Yên,Văn Giang
26582,52.0,4.0,6.0,Tây - Bắc,Tây - Bắc,3.0,3.0,3.0,Have certificate,Full,2.63,Hà Nội,Chương Mỹ
1944,100.0,3.8,13.0,Đông - Nam,Đông - Nam,1.0,3.0,1.0,Have certificate,,4.75,Khánh Hòa,Nha Trang
15176,72.0,4.0,7.0,Đông,Đông,3.0,4.0,3.0,Have certificate,,6.5,Hồ Chí Minh,Bình Tân
25947,52.0,5.0,6.0,,,3.0,3.0,3.0,Have certificate,Full,4.8,Hồ Chí Minh,Quận 9
5779,30.0,4.0,3.0,,,5.0,4.0,4.0,Have certificate,Full,5.1,Hà Nội,Cầu Giấy
3250,42.0,7.0,6.0,,,5.0,3.0,3.0,Have certificate,Basic,6.58,Hà Nội,Hoàng Mai
22554,146.0,8.0,30.0,Tây - Bắc,,4.0,6.0,5.0,Have certificate,Full,8.0,Hải Phòng,An Dương
18277,40.0,4.0,4.0,Đông,,3.0,6.0,6.0,,,4.8,Hồ Chí Minh.,Bình Tân
6078,35.5,4.23,4.0,,,3.0,3.0,3.0,,,3.9,Hồ Chí Minh,Quận 4
17962,80.0,5.0,8.0,Tây - Bắc,Tây - Bắc,2.0,3.0,2.0,Have certificate,Full,7.0,Bà Rịa Vũng Tàu,Vũng Tàu
15921,88.0,5.5,17.0,,,,,,Sale contract,,7.0,Hưng Yên,Yên Mỹ
19681,49.0,5.0,5.5,,,,,,,,5.1,Đà Nẵng,Hải Châu
29341,66.1,4.0,3.0,,,4.0,8.0,4.0,Have certificate,Full,6.6,Hà Nội,Hai Bà Trưng
19178,35.0,4.0,5.0,,,2.0,2.0,2.0,Have certificate,,4.2,Hồ Chí Minh,Bình Thạnh
13081,32.0,5.75,15.0,,,2.0,2.0,2.0,Have certificate,,1.4,Bình Định,Quy Nhơn
27913,40.0,4.0,3.0,,,4.0,3.0,3.0,,,6.2,Hà Nội,Hà Đông
30164,107.0,4.1,5.0,Tây - Bắc,,,,,Have certificate,,6.8,Hồ Chí Minh,Gò Vấp
19734,60.0,5.0,10.0,,,2.0,3.0,2.0,Have certificate,Basic,3.35,Bình Dương,Dĩ An
5614,81.0,5.0,5.5,,,3.0,3.0,3.0,Have certificate,Full,4.76,Đà Nẵng,Liên Chiểu
10126,48.0,5.0,6.0,,,1.0,,1.0,Have certificate,Basic,2.47,Đà Nẵng,Liên Chiểu
498,78.0,6.0,7.0,,,,,,Have certificate,,7.0,Thái Bình,Thái Bình
9060,72.0,4.2,6.0,,,2.0,,,,,6.7,Hồ Chí Minh,Tân Phú
9949,100.0,5.0,8.0,,,1.0,1.0,1.0,,,6.9,Hồ Chí Minh,Thủ Đức
2054,40.0,6.0,3.0,,,4.0,5.0,4.0,,,8.5,Hà Nội,Ba Đình
14737,119.5,5.0,10.0,Nam,Bắc,2.0,4.0,4.0,Have certificate,Full,9.7,Bình Dương,Thủ Dầu Một
7780,160.0,8.0,7.0,,,,4.0,3.0,Sale contract,,6.1,Đồng Nai,Biên Hòa
8778,24.0,3.5,4.0,,,4.0,3.0,4.0,Have certificate,Full,3.79,Hồ Chí Minh,Phú Nhuận
27286,85.3,5.0,9.0,Đông - Bắc,Đông - Bắc,3.0,3.0,2.0,Have certificate,Basic,4.89,Khánh Hòa,Nha Trang
9398,20.4,3.4,6.0,,,3.0,2.0,2.0,Have certificate,Basic,2.7,Hồ Chí Minh,Quận 6
6834,35.0,4.2,3.0,,,5.0,3.0,4.0,Have certificate,Full,6.75,Hà Nội,Đống Đa
22796,36.0,4.0,3.0,Đông,Đông,4.0,2.0,3.0,Sale contract,Basic,6.0,Hà Nội,Hai Bà Trưng
9829,36.0,4.0,4.0,Đông,,4.0,3.0,4.0,Have certificate,,5.25,Hồ Chí Minh,Tân Phú
21941,84.0,7.0,5.0,,,2.0,2.0,2.0,Have certificate,Basic,5.3,Hồ Chí Minh,Quận 12
9307,40.0,4.0,5.0,,,4.0,2.0,2.0,Have certificate,,5.0,Hà Nội,Tây Hồ
24130,45.0,7.0,4.0,,,4.0,4.0,3.0,Have certificate,Basic,7.0,Hà Nội,Đống Đa
6587,95.0,5.0,5.0,Đông,,,3.0,2.0,Have certificate,Full,4.35,Đắk Lắk,Buôn Ma Thuột
26104,32.0,4.15,2.0,Tây - Bắc,Tây - Bắc,5.0,3.0,4.0,Have certificate,Basic,3.85,Hà Nội.,Nam Từ Liêm
26065,25.0,5.9,3.0,,,4.0,2.0,3.0,Have certificate,Full,3.45,Hà Nội,Đống Đa
18522,129.0,5.0,7.0,,,,2.0,,Have certificate,,6.1,Bình Dương,Dĩ An
19882,36.0,4.0,3.0,,,5.0,5.0,3.0,Have certificate,Full,6.85,Hà Nội,Thanh Xuân
23299,69.0,4.5,8.0,Đông - Bắc,Đông - Bắc,2.0,3.0,2.0,Have certificate,Full,3.65,Bình Dương,Dĩ An
14505,91.0,7.0,12.0,Nam,Nam,1.0,2.0,2.0,Have certificate,Basic,8.3,Hồ Chí Minh,Tân Phú
1806,120.0,6.0,15.0,,,4.0,6.0,6.0,Have certificate,,2.46,Bắc Giang.,Lạng Giang
24087,100.0,4.2,12.0,,,2.0,3.0,3.0,Have certificate,,8.79,Hồ Chí Minh,Bình Tân
494,30.0,4.2,3.0,,,5.0,3.0,3.0,Have certificate,Full,6.4,Hà Nội,Hà Đông
24516,80.0,5.0,13.5,,,5.0,6.0,7.0,Have certificate,,4.8,Thanh Hóa.,Thanh Hóa
1152,31.4,3.1,5.0,,,3.0,3.0,2.0,Have certificate,,2.1,Hà Nội.,Chương Mỹ
5029,89.0,5.0,22.0,,,,2.0,1.0,Have certificate,,7.1,Bình Dương,Dĩ An
5887,70.0,7.0,8.0,,,2.0,3.0,3.0,Have certificate,Full,6.2,Hồ Chí Minh,Thủ Đức
1497,74.0,5.0,10.0,Tây - Bắc,Tây - Bắc,4.0,4.0,5.0,Have certificate,,9.9,Hồ Chí Minh,Quận 2
20341,55.0,3.4,6.0,,,2.0,3.0,4.0,,,4.85,Hồ Chí Minh,Gò Vấp
25415,47.0,6.0,10.0,Tây - Nam,,4.0,3.0,3.0,Have certificate,Full,4.8,Khánh Hòa,Nha Trang
16510,45.0,4.2,3.0,,,5.0,3.0,4.0,Have certificate,Basic,6.9,Hà Nội,Tây Hồ
17720,50.0,4.0,3.0,,,5.0,3.0,4.0,Have certificate,,9.2,Hà Nội,Hai Bà Trưng
6454,71.0,5.0,12.0,,,,2.0,1.0,Have certificate,,1.45,Hồ Chí Minh,Hóc Môn
4002,56.0,4.1,6.0,,,1.0,2.0,2.0,Have certificate,Basic,6.0,Hồ Chí Minh,Gò Vấp
15452,55.0,4.2,3.0,,,4.0,4.0,5.0,Have certificate,Basic,7.5,Hà Nội,Đống Đa
4210,54.0,4.5,3.5,,,3.0,3.0,3.0,Have certificate,Basic,9.5,Hà Nội,Hà Đông
1701,39.0,7.0,3.0,,,3.0,3.0,3.0,Have certificate,Full,7.8,Hà Nội,Hoàng Mai
5167,42.0,5.0,3.0,,,5.0,6.0,4.0,Have certificate,,6.7,Hà Nội,Hai Bà Trưng
18539,60.0,7.0,12.0,Đông - Bắc,Tây - Nam,1.0,2.0,1.0,Have certificate,Full,1.45,Bình Dương,Bến Cát
25645,49.0,5.0,4.0,,,3.0,3.0,3.0,Have certificate,Full,5.6,Hà Nội,Hoàng Mai
24185,117.0,6.0,16.5,,,,,,Have certificate,,7.4,Hà Nội.,Mê Linh
4183,173.0,8.0,16.0,,,,2.0,,Have certificate,,5.5,Bà Rịa Vũng Tàu,Đất Đỏ
10893,52.0,4.2,3.5,,,5.0,2.0,3.0,Have certificate,,7.3,Hà Nội,Long Biên
26723,70.0,4.0,6.0,,,2.0,5.0,3.0,Have certificate,,8.0,Hồ Chí Minh,Bình Tân
2218,42.0,4.0,6.0,,,3.0,,,,,6.8,Hồ Chí Minh,Tân Bình
13831,51.0,4.6,6.0,Nam,Nam,6.0,4.0,5.0,Have certificate,Full,6.5,Hồ Chí Minh,Gò Vấp
28423,58.8,4.8,5.0,Bắc,Bắc,3.0,4.0,4.0,Have certificate,,5.1,Hồ Chí Minh,Quận 12
10423,93.0,4.0,4.0,,,4.0,4.0,4.0,Have certificate,Full,7.5,Hồ Chí Minh,Gò Vấp
20148,36.0,4.0,5.0,,,3.0,2.0,3.0,Have certificate,Full,4.65,Hồ Chí Minh,Tân Phú
7224,59.0,5.2,3.5,,,3.0,3.0,3.0,Have certificate,Full,7.9,Hà Nội,Long Biên
24627,50.0,3.5,10.0,Tây - Bắc,Tây - Bắc,4.0,3.0,3.0,,,7.5,Hà Nội,Hà Đông
8590,105.0,5.0,4.0,,,2.0,4.0,4.0,Have certificate,,6.0,Hồ Chí Minh,Quận 7
6218,90.0,4.5,6.0,,,1.0,2.0,,Have certificate,,3.95,Hồ Chí Minh,Quận 12
1230,88.0,5.5,25.0,,,5.0,,,Sale contract,,9.6,Hưng Yên,Yên Mỹ
2515,45.0,4.08,5.0,,,2.0,2.0,3.0,Have certificate,,8.6,Hồ Chí Minh,Quận 10
29631,42.8,4.0,6.0,,,3.0,3.0,,Have certificate,Full,6.7,Hồ Chí Minh,Tân Bình
26097,60.0,5.0,7.0,,,4.0,4.0,6.0,Have certificate,Full,5.5,Bình Dương,Dĩ An
22753,71.0,4.0,6.0,,,5.0,4.0,5.0,Have certificate,Full,9.99,Hồ Chí Minh,Gò Vấp
13676,54.0,4.0,4.0,Tây - Nam,Tây - Nam,3.0,3.0,4.0,Have certificate,,4.9,Hồ Chí Minh,Gò Vấp
12276,68.0,4.2,8.0,Đông - Nam,Đông - Nam,3.0,3.0,3.0,,,6.0,Hồ Chí Minh,Quận 12
24471,60.0,5.0,3.0,,,3.0,3.0,2.0,Have certificate,Full,6.6,Hà Nội,Tây Hồ
26965,45.65,4.2,3.0,Đông - Nam,,2.0,3.0,2.0,Have certificate,Full,5.2,Hồ Chí Minh,Quận 11
6710,45.0,4.0,3.0,,,6.0,3.0,,,,9.1,Hà Nội,Cầu Giấy
9970,30.0,3.0,6.0,,,1.0,1.0,1.0,Have certificate,,1.88,Hồ Chí Minh,Quận 12
1767,80.0,4.0,12.0,,,2.0,3.0,3.0,Have certificate,Basic,9.3,Hồ Chí Minh,Tân Phú
22851,68.0,4.5,6.0,,,2.0,2.0,2.0,Have certificate,Full,8.3,Hồ Chí Minh,Tân Bình
14745,38.0,3.6,3.0,,,6.0,4.0,4.0,Have certificate,Full,6.8,Hà Nội,Cầu Giấy
11841,43.0,4.0,3.0,,,5.0,5.0,5.0,Have certificate,Full,7.0,Hà Nội,Đống Đa
13171,35.0,4.0,3.2,,,5.0,,,,,2.9,Hà Nội,Thanh Trì
13124,90.5,3.7,7.0,,,2.0,4.0,4.0,Have certificate,Basic,6.8,Đà Nẵng,Sơn Trà
5345,62.5,5.0,13.0,Đông - Nam,Đông - Nam,5.0,4.0,4.0,Sale contract,,7.5,Hưng Yên,Văn Giang
9224,105.0,7.5,6.0,,,,,,Have certificate,,9.0,Hồ Chí Minh,Thủ Đức
21507,100.0,5.0,3.5,,,5.0,,,,,8.7,Hà Nội,Long Biên
9142,45.0,4.0,3.0,,,5.0,,,,,8.2,Hà Nội,Cầu Giấy
28900,31.0,3.7,2.0,,,5.0,3.0,4.0,Have certificate,Full,5.0,Hà Nội,Hà Đông
7116,35.0,4.0,3.0,,,5.0,3.0,4.0,Have certificate,Full,5.9,Hà Nội,Cầu Giấy
6035,40.0,3.55,4.0,,,1.0,2.0,2.0,Have certificate,,3.2,Hồ Chí Minh,Quận 8
9643,40.0,4.0,3.5,,,6.0,,,Have certificate,,6.5,Hà Nội,Hà Đông
27317,180.0,7.2,13.0,Tây - Nam,,3.0,,,,,7.05,Hải Phòng,Dương Kinh
1234,63.0,5.0,6.0,Đông - Bắc,Đông - Bắc,2.0,2.0,1.0,Have certificate,Basic,4.15,Hồ Chí Minh,Thủ Đức
9981,48.8,4.0,5.0,,,2.0,3.0,2.0,Have certificate,,6.4,Hồ Chí Minh,Gò Vấp
11255,60.0,7.2,6.0,,,,,1.0,Have certificate,,3.0,Bắc Giang.,Việt Yên
26057,30.0,4.0,3.0,,,5.0,3.0,,Have certificate,,5.3,Hà Nội,Ba Đình
9048,92.0,5.0,13.0,Đông - Nam,Đông - Nam,3.0,3.0,3.0,Have certificate,,4.2,Vĩnh Phúc,Vĩnh Yên
11327,60.0,5.0,8.0,,,5.0,4.0,3.0,Have certificate,Full,7.5,Hồ Chí Minh,Quận 9
23893,44.6,5.0,9.0,,,2.0,2.0,2.0,Have certificate,Full,1.7,Khánh Hòa,Nha Trang
1418,85.0,5.0,5.5,,,,,,,,5.4,Đà Nẵng,Thanh Khê
3628,43.0,4.0,4.0,,,3.0,4.0,4.0,Have certificate,,6.89,Hồ Chí Minh,Tân Bình
28167,30.0,4.0,3.2,Đông - Nam,Tây - Bắc,4.0,3.0,3.0,,,3.7,Hà Nội,Thanh Trì
22426,57.0,3.4,6.0,,,6.0,6.0,5.0,,,6.95,Hồ Chí Minh,Tân Phú
15722,60.0,4.0,12.0,Đông - Bắc,Đông - Bắc,5.0,4.0,5.0,Have certificate,Basic,6.3,Hồ Chí Minh,Quận 12
625,45.0,4.0,3.75,,,3.0,4.0,3.0,Have certificate,Basic,1.95,Hà Nội,Quốc Oai
3892,70.0,5.0,18.0,Nam,Nam,5.0,5.0,4.0,Have certificate,,10.0,Hà Nội,Thường Tín
19784,300.0,15.0,24.0,,,4.0,,,Have certificate,,6.9,Quảng Ninh,Vân Đồn
11784,35.0,4.0,3.0,,,2.0,3.0,3.0,,,3.6,Hà Nội,Hà Đông
11572,210.0,5.0,20.0,Nam,Nam,1.0,2.0,2.0,Have certificate,Basic,2.85,Đồng Nai,Trảng Bom
14238,68.0,4.2,3.0,,,4.0,4.0,5.0,Have certificate,Full,10.0,Hà Nội,Đống Đa
29862,35.0,5.0,3.0,,,5.0,,,Have certificate,,6.0,Hà Nội,Tây Hồ
30157,60.0,4.0,4.0,Đông - Nam,,3.0,3.0,4.0,Have certificate,Full,5.5,Hồ Chí Minh.,Thủ Đức
18041,76.5,4.5,15.0,Tây,,3.0,4.0,4.0,Have certificate,Full,4.7,Bình Dương,Thuận An
23985,50.0,4.0,3.5,,,4.0,5.0,4.0,Have certificate,Full,7.65,Hà Nội,Hai Bà Trưng
5483,42.0,43.0,4.0,,,3.0,4.0,4.0,Have certificate,Full,5.8,Hà Nội,Thanh Xuân
30129,298.0,4.0,20.0,Tây - Nam,,1.0,1.0,1.0,Have certificate,,3.6,Long An,Đức Hòa
19752,35.0,4.7,2.5,Đông,Đông,5.0,3.0,3.0,Have certificate,Full,6.85,Hà Nội,Đống Đa
11401,31.0,4.2,3.5,,,5.0,3.0,4.0,,,5.45,Hà Nội,Long Biên
22433,64.0,4.0,5.0,Đông,,3.0,3.0,,Have certificate,,5.2,Hồ Chí Minh,Quận 9
3439,85.0,5.0,5.5,Đông - Bắc,,3.0,3.0,3.0,Have certificate,Full,6.45,Đà Nẵng,Liên Chiểu
24034,75.0,5.0,13.0,Tây - Bắc,,3.0,4.0,3.0,Have certificate,,6.2,Khánh Hòa,Nha Trang
22212,48.0,4.0,6.0,,,3.0,4.0,3.0,Have certificate,,5.7,Hồ Chí Minh,Bình Tân
13760,100.0,6.0,16.0,,,3.0,4.0,4.0,,,3.3,Bình Dương,Tân Uyên
24629,100.0,15.0,24.0,,,,5.0,5.0,,,5.6,Quảng Ninh,Vân Đồn
24935,60.0,4.0,10.0,,,5.0,4.0,4.0,Have certificate,Basic,9.5,Hồ Chí Minh,Tân Bình
18949,76.0,5.0,3.5,,,4.0,4.0,3.0,Have certificate,Basic,8.3,Hà Nội,Hà Đông
16548,26.0,4.0,3.0,,,3.0,2.0,2.0,Have certificate,Full,4.2,Hà Nội,Hoàn Kiếm
27718,40.0,4.1,3.0,,,5.0,4.0,4.0,Have certificate,Full,6.86,Hà Nội,Bắc Từ Liêm
8518,56.0,4.0,7.0,,,4.0,4.0,5.0,Have certificate,,7.3,Hồ Chí Minh,Thủ Đức
21311,78.0,8.0,10.0,Đông - Bắc,Đông - Bắc,4.0,4.0,4.0,Have certificate,Full,6.5,Hồ Chí Minh,Quận 9
2565,45.0,5.0,3.0,,,5.0,4.0,,Have certificate,Full,7.2,Hà Nội,Ba Đình
27023,158.0,4.0,4.0,,,2.0,2.0,2.0,Sale contract,,8.5,Hồ Chí Minh,Quận 8
22075,50.0,5.0,7.0,,,2.0,2.0,2.0,Have certificate,,2.3,Bình Dương,Thuận An
5733,45.0,4.0,3.5,,,4.0,,,Have certificate,Full,9.8,Hà Nội,Hà Đông
27572,68.0,4.0,6.0,Đông - Bắc,Đông - Bắc,1.0,2.0,2.0,Have certificate,Basic,5.9,Hồ Chí Minh,Tân Phú
29513,90.0,5.0,15.0,,,4.0,4.0,6.0,Have certificate,,10.0,Hồ Chí Minh,Quận 7
5506,42.0,4.0,6.0,,,4.0,3.0,3.0,Have certificate,Full,6.5,Hồ Chí Minh,Quận 11
898,32.0,4.0,3.2,,,2.0,2.0,,,,2.35,Hà Nội,Thanh Trì
21670,88.0,4.0,12.0,,,2.0,3.0,3.0,Have certificate,Basic,8.0,Hồ Chí Minh,Quận 8
29223,70.8,5.0,5.5,,,,2.0,1.0,Have certificate,Full,3.65,Đà Nẵng,Thanh Khê
10573,63.0,5.0,13.0,,,5.0,,,Sale contract,,7.3,Hưng Yên,Văn Giang
19844,49.8,6.0,4.0,Tây - Bắc,,3.0,3.0,3.0,Have certificate,,3.4,Khánh Hòa,Nha Trang
8938,40.0,4.0,4.5,,,6.0,4.0,4.0,Have certificate,Full,8.7,Hà Nội,Bắc Từ Liêm
27098,64.0,4.6,3.0,,,,,,,,7.0,Hà Nội,Tây Hồ
23066,100.0,5.0,8.0,,,3.0,4.0,,Have certificate,,9.8,Bình Dương,Thủ Dầu Một
3247,30.0,4.0,6.0,,,5.0,3.0,4.0,Have certificate,Basic,5.65,Hà Nội,Thanh Xuân
11869,36.0,4.0,4.0,,,4.0,4.0,3.0,Have certificate,,3.0,Hồ Chí Minh,Bình Tân
8642,100.0,6.85,11.5,,,1.0,2.0,2.0,Have certificate,Basic,5.5,Quảng Nam,Hội An
12732,92.0,4.0,6.0,,,3.0,3.0,3.0,Have certificate,,9.2,Hồ Chí Minh,Bình Tân
22966,45.0,3.6,6.0,Tây - Bắc,Tây - Bắc,2.0,2.0,2.0,Have certificate,Full,7.2,Hồ Chí Minh,Tân Bình
10049,31.0,4.0,3.0,Đông - Nam,,5.0,3.0,4.0,Have certificate,Full,2.95,Hà Nội,Hoài Đức
5031,58.0,4.5,5.0,,,3.0,4.0,4.0,Have certificate,Full,6.4,Hồ Chí Minh,Quận 6
14652,55.0,3.7,4.0,,,3.0,4.0,4.0,,,8.0,Hồ Chí Minh,Quận 3
12943,75.0,5.0,60.0,Đông - Bắc,Đông - Bắc,4.0,4.0,5.0,Have certificate,,9.5,Hồ Chí Minh,Bình Chánh
22475,40.0,4.0,5.0,,,4.0,,,Have certificate,Full,6.75,Hà Nội,Hai Bà Trưng
17705,68.5,5.0,5.0,,,3.0,4.0,4.0,Have certificate,Full,2.98,Hồ Chí Minh,Quận 5
29130,61.0,5.0,4.0,Tây,Tây,,2.0,1.0,Have certificate,,2.09,Bình Dương,Thuận An
6584,40.0,4.0,3.0,,,5.0,6.0,4.0,Have certificate,Full,7.9,Hà Nội,Đống Đa
13580,176.3,6.0,6.0,Đông - Bắc,,1.0,3.0,2.0,Have certificate,Basic,1.38,Đồng Nai,Vĩnh Cửu
1331,50.0,6.0,4.0,,,6.0,4.0,5.0,Have certificate,Full,9.8,Hà Nội,Long Biên
25004,120.0,5.0,5.5,,,3.0,5.0,3.0,Have certificate,Full,4.5,Đà Nẵng,Cẩm Lệ
18340,105.0,30.0,30.0,Tây - Nam,Tây - Nam,3.0,3.0,4.0,Have certificate,,7.2,Hồ Chí Minh,Quận 9
24846,40.0,4.1,5.0,Tây - Nam,,2.0,2.0,2.0,Have certificate,Full,3.65,Hồ Chí Minh,Gò Vấp
15467,90.0,7.0,10.5,Đông - Nam,Đông - Nam,2.0,2.0,1.0,Have certificate,Basic,7.15,Đà Nẵng.,Thanh Khê
8837,53.2,5.0,6.0,,,4.0,4.0,5.0,Have certificate,Full,2.5,Hồ Chí Minh,Quận 12
5539,100.0,5.0,10.5,Tây - Nam,Tây - Nam,1.0,3.0,1.0,Have certificate,Basic,4.4,Đà Nẵng,Cẩm Lệ
13878,26.0,3.0,3.0,,,4.0,3.0,3.0,Have certificate,Full,3.86,Hà Nội,Đống Đa
5527,29.0,4.0,3.0,,,4.0,2.0,3.0,Have certificate,Basic,5.0,Hồ Chí Minh,Bình Thạnh
29022,40.0,4.2,3.5,,,5.0,,,Have certificate,,6.3,Hà Nội,Long Biên
24126,64.0,4.0,6.0,Đông,Đông,3.0,3.0,4.0,Have certificate,Basic,6.3,Hồ Chí Minh,Bình Tân
25936,50.1,4.0,7.0,Tây - Nam,Tây - Nam,4.0,4.0,5.0,Have certificate,Basic,4.45,Hồ Chí Minh,Quận 12
26887,81.0,4.5,12.0,,,3.0,,,,,5.2,Hải Phòng,Hải An
15550,338.9,5.0,31.5,Tây - Bắc,,2.0,1.0,1.0,,,2.3,Bình Dương,Phú Giáo
20896,45.0,4.0,7.0,,,5.0,4.0,4.0,Have certificate,,9.0,Hồ Chí Minh,Tân Bình
7534,100.0,5.0,9.0,,,3.0,3.0,4.0,Sale contract,,3.9,Khánh Hòa,Nha Trang
23352,72.3,4.5,5.0,Tây - Nam,,3.0,3.0,4.0,Have certificate,Full,6.2,Khánh Hòa,Nha Trang
17216,72.5,4.0,6.0,Nam,Nam,4.0,4.0,5.0,Have certificate,Basic,7.4,Hồ Chí Minh,Gò Vấp
29543,30.0,5.0,6.0,,,2.0,2.0,2.0,Have certificate,,1.39,Hồ Chí Minh,Nhà Bè
4865,37.0,4.2,3.5,,,,,,,,8.89,Hà Nội,Long Biên
5355,50.0,4.3,6.0,,,3.0,3.0,,Have certificate,,3.8,Đà Nẵng,Hải Châu
14822,35.0,5.0,3.0,Nam,Nam,4.0,4.0,3.0,Have certificate,,5.48,Hà Nội,Hai Bà Trưng
10860,100.0,5.0,14.0,Đông - Nam,Đông - Nam,3.0,3.0,3.0,Have certificate,Basic,4.3,Vĩnh Phúc,Vĩnh Yên
19493,64.0,4.0,3.0,,,3.0,2.0,2.0,Have certificate,,9.5,Hà Nội.,Nam Từ Liêm
1484,67.5,4.5,3.75,Tây,Tây,2.0,3.0,2.0,Have certificate,Full,9.5,Đà Nẵng,Ngũ Hành Sơn
26017,31.0,3.7,4.0,,,2.0,2.0,2.0,Have certificate,,4.0,Hồ Chí Minh,Quận 3
6956,64.7,3.5,6.0,,,1.0,,,Have certificate,,4.55,Hồ Chí Minh,Thủ Đức
307,180.0,5.0,15.0,,,,,,Have certificate,,10.0,Thanh Hóa.,Thanh Hóa
15545,62.3,7.55,4.0,Tây,,5.0,9.0,9.0,Have certificate,,7.7,Hồ Chí Minh,Quận 8
3433,58.8,4.1,5.0,,,3.0,4.0,4.0,Have certificate,Full,2.25,Hồ Chí Minh,Thủ Đức
15073,67.0,5.1,4.0,,,2.0,3.0,2.0,Have certificate,Full,4.44,Hồ Chí Minh,Bình Tân
25832,35.0,4.6,5.0,,,5.0,4.0,4.0,Have certificate,Basic,8.2,Hà Nội,Hà Đông
8809,36.0,4.6,3.5,,,5.0,4.0,4.0,Have certificate,Full,5.38,Hà Nội,Hoàng Mai
20747,79.0,5.6,4.0,,,3.0,3.0,,Have certificate,Basic,8.0,Hồ Chí Minh,Phú Nhuận
20690,32.0,4.1,3.0,Đông - Nam,,5.0,3.0,3.0,Have certificate,Full,6.0,Hà Nội,Hai Bà Trưng
20870,64.0,4.0,10.0,Đông,Đông,5.0,4.0,5.0,Have certificate,Full,6.85,Hồ Chí Minh,Bình Tân
22100,60.0,5.0,12.0,,,3.0,4.0,4.0,,,3.7,Bình Dương,Thuận An
1478,75.0,4.1,12.0,,,2.0,,,,,7.3,Hồ Chí Minh,Gò Vấp
8431,40.0,4.1,5.0,,,3.0,4.0,4.0,Have certificate,Full,4.6,Hồ Chí Minh,Gò Vấp
4942,75.0,5.0,13.0,Đông,Đông,4.0,6.0,7.0,Have certificate,Basic,4.2,Bắc Ninh,Từ Sơn
6574,28.0,4.2,3.0,,,5.0,3.0,,Have certificate,,4.05,Hà Nội,Đống Đa
8817,38.0,4.0,3.0,,,5.0,,,Have certificate,Full,7.2,Hà Nội,Cầu Giấy
30038,87.0,4.1,5.0,,,4.0,4.0,5.0,Have certificate,Full,9.4,Hồ Chí Minh,Gò Vấp
13416,32.0,3.0,3.0,Đông - Bắc,Đông - Bắc,4.0,4.0,4.0,Have certificate,Basic,6.5,Hà Nội,Đống Đa
3477,45.0,5.5,2.0,,,5.0,4.0,4.0,,,6.2,Hà Nội,Thanh Xuân
24212,30.0,4.2,2.0,,,5.0,3.0,4.0,Have certificate,Basic,4.33,Hà Nội,Long Biên
9501,113.5,5.0,7.5,,,3.0,3.0,4.0,Have certificate,Full,7.5,Đà Nẵng,Cẩm Lệ
1139,129.0,5.0,8.0,,,2.0,,,Have certificate,Full,2.5,Bình Dương,Thủ Dầu Một
5808,70.0,5.0,5.5,,,3.0,3.0,4.0,Have certificate,Full,6.85,Đà Nẵng,Hải Châu
12404,35.0,5.0,2.5,Đông - Nam,Đông - Nam,4.0,4.0,4.0,Have certificate,Basic,3.8,Hà Nội,Hoài Đức
17458,126.0,4.5,7.0,,,,,,Have certificate,,9.0,Hải Phòng.,Lê Chân
14282,85.0,5.0,8.0,,,3.0,4.0,6.0,Have certificate,Full,9.4,Hồ Chí Minh,Nhà Bè
3279,120.0,7.5,14.25,,,5.0,,,Sale contract,,6.0,Kiên Giang,Phú Quốc
27151,40.0,3.5,3.0,,,3.0,4.0,2.0,Have certificate,Full,3.3,Hà Nội,Gia Lâm
8187,35.2,3.2,5.0,,,4.0,4.0,4.0,Have certificate,Full,7.35,Hồ Chí Minh,Phú Nhuận
9537,76.0,4.0,9.0,,,2.0,4.0,4.0,,,8.0,Hồ Chí Minh,Bình Tân
14955,28.0,3.0,3.0,,,4.0,4.0,3.0,Have certificate,Full,4.5,Hà Nội,Hai Bà Trưng
12879,57.0,4.0,5.0,Đông - Nam,,3.0,3.0,2.0,Have certificate,,5.8,Hồ Chí Minh,Thủ Đức
15134,47.4,5.0,5.0,Đông - Bắc,Đông - Bắc,4.0,4.0,4.0,Have certificate,Basic,7.5,Hà Nội,Long Biên
11426,46.0,3.2,2.5,,,4.0,5.0,3.0,,,5.85,Hà Nội,Long Biên
20483,29.0,3.5,5.0,Tây - Bắc,Tây - Bắc,4.0,3.0,4.0,Have certificate,Full,7.15,Hồ Chí Minh,Phú Nhuận
2243,54.0,4.5,6.0,,,2.0,2.0,2.0,,,2.78,Hồ Chí Minh,Bình Tân
14752,50.0,4.5,4.0,,,1.0,1.0,1.0,Have certificate,,8.9,Hà Nội,Cầu Giấy
30075,35.0,4.0,3.0,,,5.0,3.0,,Have certificate,,5.6,Hà Nội,Ba Đình
1790,90.0,5.0,10.0,Đông - Nam,Đông - Nam,,,,Sale contract,,10.0,Bình Dương,Thủ Dầu Một
4439,110.0,5.0,15.0,Nam,Nam,3.0,4.0,5.0,Sale contract,,5.5,Hải Phòng,Thủy Nguyên
4447,110.0,5.0,15.0,Nam,Nam,3.0,4.0,5.0,Sale contract,,5.55,Hải Phòng,Thủy Nguyên
22349,50.0,4.0,2.0,,,4.0,4.0,5.0,Have certificate,Full,8.85,Hà Nội,Thanh Xuân
11411,40.0,4.0,3.0,,,4.0,,,Have certificate,,6.79,Hà Nội,Hai Bà Trưng
8568,52.0,5.0,8.0,,,4.0,6.0,6.0,Have certificate,,4.6,Hồ Chí Minh,Quận 9
22517,83.0,4.0,4.0,,,,,,Have certificate,,10.0,Hồ Chí Minh,Phú Nhuận
27612,62.0,5.0,3.0,,,4.0,4.0,3.0,Have certificate,,9.3,Hà Nội,Đống Đa
29089,104.5,5.0,12.0,Đông - Nam,Đông - Nam,2.0,3.0,2.0,Have certificate,Full,5.8,Bình Dương,Thuận An
20443,152.0,0.0,2.0,,,1.0,1.0,1.0,Have certificate,,3.0,Lâm Đồng,Bảo Lâm
24754,42.0,4.2,3.0,,,4.0,4.0,3.0,Have certificate,Full,6.9,Hà Nội,Tây Hồ
25979,80.0,5.0,20.0,,,3.0,4.0,5.0,Have certificate,Full,7.0,Hồ Chí Minh,Bình Chánh
5418,63.0,5.0,8.0,,,1.0,,,Have certificate,,4.35,Hồ Chí Minh,Bình Tân
11116,60.0,4.5,10.0,Đông,,2.0,2.0,2.0,Have certificate,Basic,4.59,Hà Nội,Đông Anh
14916,50.0,8.0,6.0,,,3.0,3.0,3.0,,,5.0,Hồ Chí Minh,Tân Bình
1423,43.0,4.0,2.5,,,4.0,4.0,3.0,,,3.9,Hà Nội,Hai Bà Trưng
29772,40.0,3.4,6.0,,,4.0,4.0,3.0,Have certificate,Full,8.15,Hà Nội,Cầu Giấy
1611,100.0,5.0,8.0,,,,,,Have certificate,,6.5,Hồ Chí Minh,Quận 9
11233,35.0,3.5,3.5,Đông - Nam,,5.0,4.0,4.0,Have certificate,,6.65,Hà Nội,Hà Đông
21533,68.0,6.0,13.0,Tây - Nam,Tây - Nam,4.0,4.0,4.0,Have certificate,Basic,9.5,Hải Phòng,Lê Chân
2672,120.0,6.0,15.0,,,,,,,,7.1,Bắc Ninh,Từ Sơn
26926,28.0,3.3,3.5,,,5.0,7.0,,,,4.95,Hà Nội,Hà Đông
20135,100.0,6.2,5.5,Đông,Đông,3.0,4.0,5.0,,,6.7,Đà Nẵng,Sơn Trà
7967,90.0,4.5,8.0,,,2.0,2.0,2.0,Have certificate,Full,7.6,Hồ Chí Minh,Tân Phú
6523,44.0,4.5,5.0,,,2.0,,,Have certificate,,6.8,Hồ Chí Minh,Tân Bình
12227,17.0,2.3,12.0,,,2.0,1.0,1.0,Have certificate,Basic,2.88,Hồ Chí Minh,Quận 8
14836,80.9,5.0,7.0,,,3.0,4.0,3.0,Have certificate,Basic,5.2,Bình Dương,Dĩ An
20156,30.0,4.0,3.0,,,5.0,,,Have certificate,,4.78,Hà Nội,Nam Từ Liêm
21944,40.0,3.25,8.5,,,5.0,3.0,3.0,Have certificate,,8.4,Hà Nội,Hà Đông
7631,82.4,6.7,4.0,,,4.0,4.0,4.0,Have certificate,Full,3.45,Hải Phòng,Huyện An Dương
25503,55.0,4.5,6.0,,,2.0,3.0,2.0,Have certificate,,4.3,Hồ Chí Minh,Thủ Đức
18939,82.0,4.0,6.0,,,3.0,,,,Full,9.5,Hồ Chí Minh,Thủ Đức
25026,35.0,4.0,2.0,,,5.0,5.0,5.0,Have certificate,Full,4.4,Hà Nội,Thanh Trì
10334,62.0,5.0,10.0,Tây - Bắc,,,2.0,1.0,,,1.45,Khánh Hòa,Thành phố Nha Trang
2255,74.6,5.0,3.0,,,2.0,4.0,4.0,Have certificate,Full,1.28,Khánh Hòa,Nha Trang
26102,95.0,5.0,4.5,,,2.0,5.0,3.0,,,5.8,Hồ Chí Minh,Quận 9
13449,40.0,4.0,3.5,,,4.0,4.0,,Have certificate,,6.1,Hà Nội,Hà Đông
11732,112.0,15.0,15.0,Tây - Bắc,Tây - Bắc,5.0,5.0,6.0,Have certificate,,7.6,Thanh Hóa.,Thanh Hóa
19430,59.0,4.6,6.0,,,2.0,,,,,4.4,Hồ Chí Minh,Thủ Đức
11151,45.0,4.0,3.0,,,4.0,4.0,4.0,Have certificate,Full,7.2,Hà Nội,Thanh Xuân
5626,45.0,4.5,4.0,,,4.0,5.0,3.0,,Full,8.7,Hồ Chí Minh,Phú Nhuận
9847,60.75,4.5,5.0,Đông - Bắc,,5.0,4.0,4.0,Have certificate,Full,6.6,Hồ Chí Minh,Quận 11
29287,83.0,4.5,4.0,,,2.0,3.0,2.0,Have certificate,Basic,4.6,Hồ Chí Minh,Bình Tân
1097,16.0,4.0,6.0,Đông - Bắc,,2.0,1.0,1.0,Have certificate,,2.2,Hồ Chí Minh,Quận 6
10965,44.0,4.5,3.0,,,5.0,4.0,4.0,Have certificate,Full,5.68,Hà Nội,Cầu Giấy
23857,64.0,4.2,4.0,Tây - Nam,Tây - Nam,3.0,4.0,4.0,Have certificate,Full,6.85,Hồ Chí Minh,Gò Vấp
2355,45.0,4.1,6.0,,,5.0,3.0,4.0,Have certificate,Full,5.0,Hà Nội,Hai Bà Trưng
21054,80.0,8.0,6.0,Đông,Đông,2.0,3.0,4.0,Have certificate,Full,6.5,Hồ Chí Minh,Nhà Bè
17691,39.0,4.5,6.0,,,6.0,3.0,5.0,Have certificate,Full,6.2,Hồ Chí Minh,Tân Bình
24420,24.0,3.7,4.0,,,5.0,4.0,4.0,Have certificate,,5.99,Hồ Chí Minh,Quận 3
17413,120.0,4.3,5.0,,,,,,Have certificate,,8.5,Hồ Chí Minh,Quận 7
2152,35.0,4.0,3.2,,,5.0,,,Have certificate,,3.35,Hà Nội,Thanh Trì
6464,50.0,4.0,3.0,,,5.0,,,,,4.55,Hà Nội,Nam Từ Liêm
16396,45.0,5.0,5.0,,,6.0,3.0,6.0,Have certificate,,8.25,Hà Nội,Long Biên
5734,41.2,6.0,3.0,Tây - Bắc,Tây - Bắc,2.0,3.0,2.0,Have certificate,Full,6.35,Hồ Chí Minh,Quận 7
8759,61.0,5.0,8.0,,,2.0,2.0,2.0,Have certificate,Full,5.4,Hồ Chí Minh,Quận 9
4427,40.0,3.3,5.0,Tây,Đông,5.0,4.0,4.0,Have certificate,Full,5.9,Hà Nội,Thanh Trì
13675,164.0,5.0,12.0,Đông - Bắc,,2.0,3.0,3.0,Have certificate,Basic,6.2,Bình Dương,Thuận An
5328,64.0,4.2,8.0,,,4.0,4.0,4.0,Have certificate,,6.7,Hồ Chí Minh,Quận 12
17575,85.0,8.4,3.0,Bắc,Bắc,1.0,1.0,1.0,Have certificate,,5.9,Đà Nẵng,Ngũ Hành Sơn
22913,58.03,4.07,6.0,,,2.0,,,,,4.1,Hồ Chí Minh,Bình Tân
17392,77.0,4.5,7.0,,,4.0,4.0,5.0,Have certificate,,8.6,Hải Phòng.,Lê Chân
5999,28.0,4.0,3.0,,,5.0,4.0,,Have certificate,Full,4.95,Hà Nội,Hai Bà Trưng
12996,129.0,7.0,18.0,,,2.0,2.0,2.0,,,5.9,Hồ Chí Minh,Hóc Môn
14140,93.0,5.0,5.5,,,2.0,3.0,2.0,,Full,4.5,Đà Nẵng,Cẩm Lệ
945,35.0,4.0,3.5,,,5.0,3.0,3.0,Have certificate,Full,5.45,Hà Nội,Hoài Đức
27810,40.0,3.5,3.0,,,6.0,3.0,5.0,Have certificate,Full,6.4,Hà Nội,Tây Hồ
24080,82.0,6.1,3.0,,,2.0,2.0,1.0,Have certificate,Basic,6.5,Hà Nội,Hoàng Mai
6825,30.0,3.2,3.0,,,5.0,,,Have certificate,,4.98,Hà Nội,Ba Đình
22005,74.0,4.2,6.0,,,4.0,3.0,4.0,Have certificate,Basic,8.8,Hồ Chí Minh,Quận 7
16244,42.0,3.5,3.1,,,4.0,4.0,3.0,Have certificate,Basic,4.45,Hà Nội,Hoài Đức
7465,90.0,5.0,5.0,Tây - Nam,,3.0,4.0,4.0,Have certificate,Full,9.2,Hồ Chí Minh,Quận 9
4122,72.0,4.3,5.0,,,,,,,,9.5,Hồ Chí Minh,Quận 7
1498,85.0,45.0,5.0,,,5.0,8.0,8.0,Have certificate,Full,8.0,Hồ Chí Minh,Thủ Đức
265,135.0,9.0,12.0,,,3.0,,,,,7.55,Bắc Ninh,Từ Sơn
29527,100.0,5.0,13.0,Nam,Nam,3.0,3.0,3.0,Sale contract,Full,5.75,Khánh Hòa,Thành phố Nha Trang
28672,40.0,4.0,4.0,Đông,,3.0,6.0,6.0,,,4.8,Hồ Chí Minh,Bình Tân
13412,130.0,4.2,6.0,,,2.0,,1.0,,,3.2,Hồ Chí Minh,Quận 12
7681,48.5,4.2,3.0,,,5.0,4.0,4.0,Have certificate,Basic,7.86,Hà Nội,Đống Đa
26939,80.0,3.5,10.0,Tây - Nam,Tây - Nam,2.0,4.0,4.0,Have certificate,Full,8.5,Khánh Hòa,Nha Trang
30054,49.0,5.0,9.0,,,2.0,2.0,2.0,Have certificate,,2.8,Khánh Hòa,Nha Trang
14298,25.0,4.0,2.0,,,5.0,3.0,3.0,Have certificate,Full,4.05,Hà Nội,Hoàng Mai
11343,43.0,6.2,3.0,,,1.0,2.0,1.0,Have certificate,Basic,3.8,Hà Nội,Bắc Từ Liêm
28084,33.0,4.0,3.0,Tây,Tây,5.0,4.0,4.0,Have certificate,Full,2.98,Hà Nội,Hoài Đức
14541,78.0,6.0,13.0,Đông - Nam,Đông - Nam,5.0,5.0,5.0,,,9.77,Hưng Yên,Văn Giang
12862,58.5,4.5,4.0,,,5.0,5.0,5.0,,Full,8.5,Hồ Chí Minh.,Gò Vấp
27815,56.0,4.0,6.0,Tây - Bắc,Tây - Bắc,3.0,3.0,3.0,Have certificate,Full,4.5,Hồ Chí Minh,Bình Tân
12322,117.0,4.5,30.0,,,,2.0,1.0,Have certificate,Basic,9.2,Bà Rịa Vũng Tàu,Vũng Tàu
21041,63.5,6.0,9.0,,,,,,Have certificate,Full,2.5,Yên Bái,Yên Bái
20901,33.0,4.0,5.0,Đông - Bắc,Đông - Bắc,5.0,3.0,4.0,Have certificate,Full,3.2,Hà Nội,Hoài Đức
22425,30.0,4.0,3.0,,,4.0,4.0,3.0,Have certificate,Basic,2.8,Hà Nội,Hoài Đức
9167,73.0,5.0,8.0,Đông,Đông,2.0,3.0,1.0,Have certificate,Full,3.25,Bình Dương,Thuận An
22763,35.0,3.0,3.0,Tây,Tây,2.0,2.0,2.0,Have certificate,Basic,3.58,Hồ Chí Minh,Tân Bình
21545,105.0,5.0,7.5,,,3.0,4.0,3.0,,,7.8,Đà Nẵng,Thanh Khê
29952,42.0,4.0,3.0,,,3.0,3.0,3.0,,,3.45,Hà Nội,Hoài Đức
7972,67.0,42.0,7.0,Tây - Bắc,Tây - Bắc,3.0,3.0,3.0,Have certificate,Full,4.1,Thái Bình,Thái Bình
9041,72.0,4.0,5.0,Đông - Bắc,Đông - Bắc,2.0,3.0,2.0,Have certificate,Basic,3.0,Đồng Nai,Biên Hòa
14861,90.0,4.0,6.0,Đông - Bắc,,3.0,3.0,3.0,Have certificate,,6.0,Hồ Chí Minh,Quận 9
18638,68.0,4.2,6.0,Đông - Bắc,,4.0,5.0,4.0,Have certificate,Basic,7.7,Hồ Chí Minh,Gò Vấp
10033,87.0,9.0,6.0,,,4.0,5.0,5.0,Have certificate,Full,6.5,Hồ Chí Minh,Nhà Bè
9157,44.0,4.0,4.0,,,2.0,3.0,3.0,Have certificate,Basic,6.35,Hồ Chí Minh,Quận 8
24042,60.0,4.0,6.0,Nam,Bắc,3.0,4.0,4.0,Have certificate,,8.2,Hồ Chí Minh,Tân Phú
3867,56.0,4.2,3.0,,,5.0,,,Have certificate,,9.3,Hà Nội,Tây Hồ
20102,55.0,4.2,3.0,,,5.0,,,Have certificate,,8.0,Hà Nội,Quận Long Biên
22161,60.0,4.2,3.5,,,3.0,,,Have certificate,,7.89,Hà Nội,Long Biên
11289,60.0,4.0,6.0,Đông,,2.0,2.0,2.0,Have certificate,Basic,3.0,Bình Dương,Dĩ An
29218,100.0,4.0,6.0,,,3.0,,,,,9.2,Hồ Chí Minh,Tân Bình
10208,125.0,5.0,6.0,,,2.0,3.0,2.0,Have certificate,,5.3,Đà Nẵng,Ngũ Hành Sơn
22421,85.0,5.0,7.0,Tây - Nam,,3.0,4.0,4.0,Have certificate,Full,4.95,Hồ Chí Minh,Hóc Môn
23794,34.0,3.5,5.0,,,5.0,4.0,3.0,Have certificate,Full,6.7,Hà Nội,Hà Đông
5302,50.0,5.0,4.0,Tây - Nam,Tây - Nam,4.0,4.0,3.0,Have certificate,,6.5,Hồ Chí Minh,Gò Vấp
3422,55.0,4.6,6.0,,,4.0,5.0,4.0,Have certificate,,7.2,Hồ Chí Minh,Tân Bình
20089,52.0,4.0,12.0,,,5.0,5.0,5.0,Have certificate,Full,5.0,Hồ Chí Minh,Quận 12
21237,64.0,4.0,10.0,Bắc,Bắc,3.0,3.0,3.0,Have certificate,Full,5.65,Hồ Chí Minh,Bình Tân
5748,44.0,4.55,10.5,Đông - Nam,,4.0,3.0,3.0,Have certificate,,8.5,Đà Nẵng,Hải Châu
526,42.5,8.5,4.0,Tây,,4.0,3.0,3.0,Have certificate,Full,5.95,Hồ Chí Minh,Gò Vấp
24850,50.0,11.0,3.5,,,3.0,2.0,2.0,Have certificate,,7.2,Hà Nội,Hà Đông
5633,52.6,4.0,7.0,,,3.0,3.0,3.0,Have certificate,Full,3.8,Đà Nẵng,Thanh Khê
27818,50.0,48.0,5.0,,,5.0,3.0,5.0,Have certificate,Basic,6.6,Hồ Chí Minh,Thủ Đức
23213,79.8,5.7,15.0,Tây - Nam,,3.0,3.0,,Have certificate,,5.5,Cần Thơ,Cái Răng
9637,47.0,4.5,4.0,Tây - Nam,Tây - Nam,3.0,3.0,3.0,Have certificate,Full,2.8,Hà Nội,Quốc Oai
3661,44.0,5.0,5.0,Bắc,,4.0,3.0,4.0,Have certificate,,7.39,Hồ Chí Minh,Gò Vấp
23563,48.0,4.0,10.0,Đông - Bắc,,4.0,4.0,3.0,Have certificate,Full,3.2,Hải Phòng,Hồng Bàng
22970,150.0,5.0,62.0,Đông,,3.0,2.0,2.0,Have certificate,,3.65,Bình Dương,Bến Cát
10776,55.0,5.0,4.0,,,3.0,4.0,4.0,Have certificate,Full,7.5,Hồ Chí Minh,Phú Nhuận
9487,30.0,4.0,4.0,,,3.0,3.0,4.0,Have certificate,Basic,7.15,Hồ Chí Minh,Phú Nhuận
7148,40.0,5.2,5.0,,,7.0,3.0,5.0,Have certificate,Full,9.25,Hà Nội,Long Biên
18390,37.0,4.3,3.5,,,5.0,3.0,4.0,Have certificate,Basic,5.0,Hà Nội,Long Biên
17554,57.4,4.0,7.0,,,3.0,3.0,3.0,Have certificate,Basic,4.83,Hồ Chí Minh,Quận 12
22115,595.0,12.0,5.0,Tây - Bắc,Đông - Nam,,2.0,1.0,Have certificate,Full,3.0,Lâm Đồng,Bảo Lộc
26862,47.0,4.2,4.0,Đông,Đông,2.0,2.0,2.0,Have certificate,Basic,4.15,Hồ Chí Minh,Bình Tân
17146,45.0,4.2,3.0,,,5.0,,,Have certificate,,9.5,Hà Nội,Thanh Xuân
13964,38.5,4.2,3.0,,,5.0,3.0,4.0,Have certificate,Full,7.48,Hà Nội,Đống Đa
4727,56.0,5.0,13.0,,,,,,,,6.1,Hưng Yên,Văn Giang
15956,45.0,3.6,2.5,,,5.0,6.0,4.0,Have certificate,Full,6.1,Hà Nội,Cầu Giấy
15210,35.0,4.2,3.5,,,5.0,4.0,4.0,Have certificate,Full,6.3,Hà Nội,Hà Đông
28260,40.0,4.0,4.0,,,3.0,2.0,2.0,Have certificate,Basic,3.64,Hồ Chí Minh,Tân Phú
23816,90.0,5.5,8.0,Đông,Đông,3.0,4.0,4.0,Have certificate,Full,4.4,Đồng Nai,Biên Hòa
19058,85.0,5.0,20.0,Tây,Tây,3.0,5.0,5.0,Have certificate,Full,7.95,Hồ Chí Minh,Quận 9
15355,171.0,8.4,7.0,Bắc,,,,,Have certificate,,9.8,Hải Phòng,Lê Chân
25435,33.0,3.0,2.0,Đông - Nam,Đông - Nam,4.0,4.0,4.0,Have certificate,Full,4.3,Hà Nội,Hoàng Mai
25034,80.0,4.0,6.0,,,4.0,8.0,9.0,Have certificate,,8.35,Hồ Chí Minh,Bình Tân
11712,36.0,3.5,3.0,,,5.0,6.0,7.0,Have certificate,Full,7.85,Hà Nội,Cầu Giấy
26401,90.0,4.5,6.0,,,3.0,5.0,5.0,Have certificate,Full,5.8,Hồ Chí Minh,Thủ Đức
7276,90.0,5.0,20.0,Tây - Bắc,Đông - Nam,3.0,4.0,4.0,Sale contract,Basic,7.0,Hồ Chí Minh,Bình Chánh
24383,82.6,4.2,6.0,,,4.0,6.0,5.0,Have certificate,Full,7.3,Hồ Chí Minh,Quận 12
24122,54.0,4.6,6.0,,,3.0,3.0,3.0,Have certificate,Basic,5.65,Hồ Chí Minh,Thủ Đức
4065,35.0,4.0,4.0,,,5.0,4.0,4.0,Have certificate,,7.4,Hà Nội,Tây Hồ
28947,80.4,6.0,6.0,,,1.0,,,Have certificate,Basic,9.0,Hồ Chí Minh,Bình Thạnh
13083,33.0,4.0,3.0,Đông - Nam,Đông - Nam,4.0,3.0,3.0,,Basic,2.5,Hà Nội,Hà Đông
29048,45.0,4.7,6.0,,,4.0,6.0,6.0,Have certificate,Full,5.65,Hồ Chí Minh,Gò Vấp
13413,130.0,4.2,6.0,,,,,1.0,Have certificate,,3.2,Hồ Chí Minh,Quận 12
12715,36.0,4.0,3.5,,,,,,,,5.4,Hà Nội,Hà Đông
29464,55.0,4.2,6.0,Tây - Nam,,3.0,2.0,3.0,Have certificate,Full,4.5,Hồ Chí Minh,Quận 12
7752,32.0,4.2,3.0,Bắc,,,,,Have certificate,,5.25,Hà Nội,Tây Hồ
10183,180.0,4.0,8.0,Tây - Bắc,Tây - Bắc,2.0,5.0,2.0,Have certificate,,4.5,Khánh Hòa,Ninh Hòa
22663,50.0,4.0,3.0,Đông - Nam,,5.0,6.0,4.0,Have certificate,Full,7.5,Hà Nội,Hai Bà Trưng
7712,78.0,5.5,3.0,Đông - Bắc,,,2.0,2.0,Have certificate,,4.0,Hồ Chí Minh,Thủ Đức
9510,45.0,6.0,2.0,Nam,Nam,4.0,3.0,3.0,Have certificate,Full,5.3,Hà Nội,Hà Đông
7495,36.0,3.0,2.0,,,3.0,4.0,3.0,Have certificate,,2.69,Hồ Chí Minh,Quận 6
28121,35.0,3.5,3.5,,,4.0,4.0,,Have certificate,Full,9.2,Hà Nội,Hà Đông
14396,67.5,45.0,6.0,,,,,,Have certificate,,6.95,Hà Nội,Chương Mỹ
547,100.0,5.0,7.5,Đông - Nam,Đông - Nam,3.0,3.0,4.0,Have certificate,,7.95,Đà Nẵng,Cẩm Lệ
20637,33.0,4.0,3.0,,,3.0,3.0,2.0,Have certificate,Basic,1.69,Hà Nội,Hà Đông
28674,60.0,5.0,5.0,,,2.0,3.0,2.0,Have certificate,,4.8,Đà Nẵng,Hải Châu
17461,46.0,4.6,4.0,,,3.0,4.0,3.0,Have certificate,Basic,3.4,Hà Nội,Hoài Đức
18022,100.0,5.0,8.0,,,,2.0,,Have certificate,,1.65,Bà Rịa Vũng Tàu,Đất Đỏ
2880,98.0,4.0,5.0,,,,,,Have certificate,,7.8,Hồ Chí Minh,Bình Thạnh
10673,34.0,4.0,2.0,Tây - Nam,Tây - Nam,5.0,3.0,4.0,Have certificate,Full,3.34,Hà Nội,Hà Đông
22434,59.0,5.0,8.0,Tây - Bắc,,4.0,4.0,5.0,,,8.7,Hồ Chí Minh,Quận 9
8450,100.0,5.2,8.0,Tây,Tây,2.0,3.0,2.0,Have certificate,Full,3.85,Đồng Nai,Biên Hòa
24517,43.0,4.5,4.0,,,,7.0,4.0,Have certificate,Full,6.3,Hồ Chí Minh,Tân Bình
18570,95.0,5.0,8.0,,,4.0,5.0,5.0,Have certificate,Full,8.0,Hồ Chí Minh,Quận 12
2597,30.0,7.0,15.0,Đông,,3.0,2.0,2.0,Have certificate,Full,6.3,Đà Nẵng,Hải Châu
9703,40.0,5.0,7.0,,,,,,Have certificate,,1.3,Hồ Chí Minh,Hóc Môn
8215,25.0,4.0,3.0,,,5.0,3.0,4.0,Have certificate,Full,4.8,Hà Nội,Hai Bà Trưng
27926,121.0,5.0,10.0,,,3.0,3.0,3.0,Have certificate,,3.73,Hồ Chí Minh,Bình Chánh
14615,35.0,4.0,3.0,,,5.0,3.0,4.0,Have certificate,Full,6.0,Hà Nội,Bắc Từ Liêm
21977,30.0,5.9,3.0,,,5.0,3.0,,Have certificate,,5.39,Hà Nội,Bắc Từ Liêm
12104,64.0,4.0,6.0,,,4.0,,,,,7.7,Hồ Chí Minh,Tân Phú
16012,96.0,4.8,10.0,,,4.0,6.0,7.0,Have certificate,Full,8.0,Hồ Chí Minh,Thủ Đức
23674,40.0,3.5,3.5,,,4.0,4.0,3.0,Have certificate,Full,9.0,Hà Nội,Hà Đông
24705,70.73,5.0,46.0,Tây - Bắc,Tây - Bắc,2.0,2.0,2.0,Have certificate,,3.65,Khánh Hòa,Nha Trang
15515,30.0,4.2,3.5,,,5.0,3.0,4.0,Have certificate,,6.15,Hà Nội,Long Biên
11524,103.0,5.0,4.0,,Đông - Nam,1.0,,,Have certificate,,5.15,Hồ Chí Minh.,Quận 2
29343,73.0,4.0,5.0,,,3.0,5.0,5.0,Have certificate,Full,7.3,Hồ Chí Minh,Gò Vấp
9663,65.0,4.0,8.0,,,3.0,4.0,4.0,Have certificate,Full,7.2,Hồ Chí Minh,Thủ Đức
12037,93.72,5.0,10.0,,,2.0,3.0,3.0,Have certificate,,3.2,Hồ Chí Minh,Bình Chánh
19710,54.0,4.0,6.0,,,3.0,3.0,2.0,Have certificate,Basic,4.79,Hồ Chí Minh,Bình Tân
26105,148.0,6.0,10.0,,,,2.0,3.0,,,5.65,Hồ Chí Minh,Hóc Môn
3553,100.0,5.0,12.0,Đông - Bắc,Đông - Bắc,2.0,3.0,3.0,Sale contract,,2.8,Bình Thuận,Phan Thiết
28755,75.0,5.0,12.0,,,3.0,3.0,3.0,Have certificate,,6.8,Hồ Chí Minh,Quận 9
20540,90.0,5.5,6.0,Đông - Nam,Đông - Nam,6.0,6.0,6.0,Have certificate,Full,8.1,Hà Nội,Thanh Trì
13775,27.0,4.0,3.0,,,5.0,4.0,4.0,Have certificate,Full,4.9,Hà Nội,Thanh Xuân
14165,33.6,2.8,4.0,,,3.0,4.0,3.0,,,4.9,Hồ Chí Minh,Quận 3
22815,20.0,4.0,3.0,,,2.0,1.0,1.0,Have certificate,,1.85,Hồ Chí Minh,Quận 4
30122,70.0,4.5,5.5,Tây - Nam,Tây - Nam,4.0,3.0,4.0,Have certificate,Full,4.95,Đà Nẵng,Quận Liên Chiểu
26197,37.0,4.6,3.0,,,5.0,3.0,4.0,Have certificate,Full,7.9,Hà Nội,Bắc Từ Liêm
23574,38.0,3.7,3.0,,,3.0,3.0,3.0,Have certificate,,1.6,Hà Nội,Thanh Oai
29509,65.0,4.0,4.0,,,5.0,4.0,6.0,Have certificate,Full,6.99,Hồ Chí Minh,Phú Nhuận
5152,79.5,4.1,5.0,Tây,,4.0,4.0,3.0,Have certificate,,7.5,Hồ Chí Minh,Gò Vấp
4243,123.0,5.0,7.0,Tây - Bắc,,,3.0,3.0,Have certificate,Full,8.66,Hồ Chí Minh,Hóc Môn
22356,50.0,5.0,12.0,Tây - Nam,,4.0,4.0,4.0,Have certificate,Full,6.3,Hồ Chí Minh,Quận 12
1408,38.0,3.8,3.0,Tây - Nam,,1.0,2.0,1.0,Have certificate,,2.69,Hồ Chí Minh,Quận 12
11518,50.5,4.8,4.0,Đông - Nam,,4.0,4.0,4.0,Have certificate,Full,7.5,Hồ Chí Minh,Phú Nhuận
10471,90.0,8.0,12.0,,,,,,,,5.8,Hồ Chí Minh,Tân Phú
26681,60.0,4.15,15.0,,,5.0,7.0,7.0,Sale contract,,4.5,Hà Nam,Phủ Lý
6496,60.0,11.0,3.0,,,5.0,4.0,5.0,Have certificate,Full,8.9,Hà Nội,Ba Đình
10135,135.0,6.0,9.0,,,,,,Sale contract,,8.5,Quảng Ninh,Hạ Long
29422,43.0,5.0,3.0,,,6.0,4.0,4.0,Have certificate,Basic,7.4,Hà Nội,Hoàng Mai
15333,38.0,3.7,5.0,,,5.0,,,Have certificate,,8.1,Hà Nội.,Hoàng Mai
3526,60.0,5.0,3.0,,,5.0,4.0,4.0,,,6.8,Hà Nội,Thanh Xuân
10286,75.0,7.0,5.0,Đông - Nam,Đông - Nam,1.0,2.0,1.0,Have certificate,Basic,1.15,Khánh Hòa,Diên Khánh
11686,45.0,5.2,10.0,,,5.0,4.0,4.0,Have certificate,Full,6.5,Hà Nội,Thanh Trì
4428,96.0,4.8,20.0,,,2.0,3.0,2.0,Have certificate,Full,2.4,Đồng Nai,Biên Hòa
4173,54.0,4.3,5.0,,,3.0,5.0,5.0,Have certificate,,4.9,Hồ Chí Minh,Quận 7
21667,35.0,4.0,3.0,,,5.0,5.0,4.0,Have certificate,,4.35,Hà Nội.,Nam Từ Liêm
16239,72.0,5.2,3.0,,,3.0,4.0,4.0,Have certificate,Full,8.6,Hà Nội,Bắc Từ Liêm
22455,121.5,4.5,7.0,Đông - Nam,,,4.0,2.0,Have certificate,Full,8.25,Hồ Chí Minh,Hóc Môn
4271,52.3,5.27,3.5,Nam,Nam,3.0,2.0,2.0,Have certificate,Full,7.0,Khánh Hòa,Nha Trang
13578,100.0,5.0,10.0,Đông - Nam,Đông - Nam,,,,Have certificate,,6.2,Hồ Chí Minh,Bình Tân
2644,95.0,5.2,7.0,,,,2.0,,Have certificate,,3.0,Đồng Nai,Biên Hòa
23002,37.0,3.0,3.2,,,3.0,3.0,3.0,Have certificate,,5.5,Hà Nội,Thanh Trì
26246,43.8,3.8,9.0,,,2.0,2.0,2.0,,,3.5,Khánh Hòa,Nha Trang
24436,132.8,4.95,6.0,,,,8.0,8.0,Have certificate,Basic,6.8,Hồ Chí Minh,Thủ Đức
591,60.0,4.2,3.5,,,4.0,,,Have certificate,Full,8.4,Hà Nội,Long Biên
3583,30.0,4.0,3.5,,,5.0,3.0,,Have certificate,,4.45,Hà Nội,Hà Đông
10698,66.1,5.0,5.0,,,2.0,3.0,2.0,Have certificate,Basic,2.15,Bình Dương,Thuận An
24549,30.0,4.2,3.0,,,4.0,3.0,3.0,Have certificate,Basic,6.9,Hà Nội,Đống Đa
11058,31.0,5.9,3.5,,,5.0,,,,,5.79,Hà Nội,Long Biên
20763,150.0,8.7,6.0,,,2.0,9.0,9.0,Have certificate,Basic,9.5,Đà Nẵng,Sơn Trà
26013,62.0,4.0,5.0,,,3.0,3.0,2.0,Have certificate,,5.58,Hồ Chí Minh,Quận 10
26955,66.0,4.0,7.0,,,4.0,4.0,4.0,Have certificate,Full,6.3,Hồ Chí Minh,Bình Tân
19428,70.0,4.6,12.0,Tây - Nam,,2.0,2.0,2.0,Have certificate,,8.5,Hồ Chí Minh,Thủ Đức
24865,35.0,4.0,3.0,,,5.0,3.0,3.0,Have certificate,Full,7.0,Hà Nội,Ba Đình
25722,40.0,4.2,3.5,,,5.0,3.0,4.0,Have certificate,Full,5.4,Hà Nội,Long Biên
21298,44.0,4.4,3.0,,,5.0,4.0,,Have certificate,Full,8.8,Hà Nội,Ba Đình
4971,37.0,4.0,3.0,,,4.0,3.0,3.0,Have certificate,Full,7.8,Hà Nội,Thanh Xuân
11903,151.5,10.0,10.0,,,,7.0,7.0,Have certificate,,4.3,Bình Dương,Thuận An
18545,52.0,4.4,6.0,,,2.0,3.0,2.0,Have certificate,,4.15,Hồ Chí Minh,Bình Tân
20168,53.0,4.0,6.0,,,2.0,2.0,2.0,Have certificate,Full,4.8,Hồ Chí Minh,Tân Phú
25353,46.1,5.0,2.6,Đông - Bắc,,,,,Have certificate,,1.8,Khánh Hòa,Nha Trang
16279,87.0,5.0,5.0,,,,,,Have certificate,,2.15,Bình Dương,Dĩ An
22743,35.0,3.65,3.0,,,6.0,4.0,4.0,Have certificate,Basic,5.8,Hà Nội,Long Biên
7607,44.0,4.0,3.0,,,2.0,2.0,2.0,Have certificate,Full,3.69,Hồ Chí Minh,Quận 7
19054,24.1,4.0,3.0,,,2.0,2.0,1.0,Have certificate,Full,2.85,Hồ Chí Minh,Quận 7
29729,213.0,6.0,3.0,Tây - Nam,Tây - Nam,3.0,7.0,7.0,Have certificate,Full,7.2,Quảng Nam,Hội An
237,60.0,6.0,5.0,,,3.0,3.0,2.0,Have certificate,Basic,2.95,Bình Dương,Thuận An
25461,28.0,4.0,3.5,Đông - Nam,,5.0,,,Have certificate,Full,4.25,Hà Nội,Hoàng Mai
17657,78.6,4.8,6.0,,,4.0,4.0,5.0,Have certificate,Full,9.2,Hồ Chí Minh,Quận 7
20478,75.0,5.0,6.0,Đông,,5.0,,,Have certificate,,6.7,Hồ Chí Minh,Thủ Đức
21616,45.0,5.0,5.0,Tây,Tây,4.0,4.0,3.0,Have certificate,Basic,3.0,Hải Phòng,Hải An
28573,35.0,3.8,2.0,Bắc,Bắc,7.0,3.0,6.0,Have certificate,Full,9.3,Hà Nội.,Nam Từ Liêm
11311,30.0,3.2,3.0,,,5.0,4.0,4.0,Have certificate,Full,4.6,Hà Nội,Hai Bà Trưng
246,40.0,4.5,3.0,,,4.0,4.0,4.0,Have certificate,Basic,1.95,Hà Nội,Huyện Chương Mỹ
30221,31.0,3.0,3.0,,,3.0,4.0,3.0,,Basic,3.98,Hồ Chí Minh,Gò Vấp
17674,48.0,4.0,6.0,,,5.0,4.0,,Have certificate,Full,9.5,Hồ Chí Minh,Phú Nhuận
19299,37.0,4.0,3.0,,,5.0,6.0,,Have certificate,Basic,5.0,Hà Nội,Hoàn Kiếm
9613,33.0,4.9,5.0,Tây - Bắc,Tây - Bắc,5.0,3.0,3.0,Have certificate,Full,7.45,Hà Nội,Thanh Xuân
25811,43.0,4.08,4.0,Tây - Nam,,2.0,2.0,1.0,Have certificate,Full,2.35,Hà Nội,Đông Anh
4162,75.5,6.0,6.0,,,5.0,6.0,7.0,Have certificate,Full,8.88,Hồ Chí Minh,Quận 7
18921,45.0,3.8,3.0,,,5.0,4.0,4.0,Have certificate,Full,6.5,Hà Nội,Nam Từ Liêm
4897,144.5,8.5,12.0,,,3.0,,,Sale contract,,4.85,Đồng Nai,Nhơn Trạch
24033,80.0,4.0,7.5,Tây - Nam,,3.0,3.0,3.0,Have certificate,Full,8.5,Đà Nẵng,Hải Châu
6380,42.0,4.2,3.0,,,6.0,5.0,4.0,Have certificate,Basic,6.5,Hà Nội,Tây Hồ
10773,80.0,4.0,6.0,,,5.0,5.0,5.0,Have certificate,,5.5,Hồ Chí Minh.,Bình Tân
9543,52.0,4.0,13.0,,Đông - Nam,5.0,,,Have certificate,,6.4,Hưng Yên,Văn Giang
4548,62.5,5.0,13.0,Đông,Đông,,,,Sale contract,,7.3,Hưng Yên,Văn Giang
13880,84.0,4.3,4.0,,,5.0,7.0,5.0,Have certificate,Basic,9.0,Hồ Chí Minh,Thủ Đức
8443,53.0,4.1,5.0,,,2.0,,,Have certificate,Full,4.8,Hồ Chí Minh,Gò Vấp
262,24.3,2.38,3.5,,,,,,Have certificate,,7.2,Hà Nội,Hà Đông
3976,41.0,4.2,3.5,,,5.0,3.0,4.0,Have certificate,Full,5.85,Hà Nội,Long Biên
15522,30.0,5.0,5.0,,,3.0,3.0,4.0,Have certificate,Full,4.65,Hồ Chí Minh,Tân Bình
6530,147.0,5.0,6.0,,,1.0,3.0,1.0,Have certificate,,2.0,Đồng Nai,Long Khánh
1485,60.0,4.1,5.0,,,2.0,2.0,2.0,,,9.5,Hồ Chí Minh,Gò Vấp
616,167.0,10.0,3.0,Đông - Nam,Đông - Nam,,3.0,1.0,Have certificate,Full,3.75,Khánh Hòa,Nha Trang
11165,68.0,4.1,5.0,,,3.0,4.0,4.0,,,6.8,Hồ Chí Minh,Gò Vấp
23578,19.5,3.0,5.0,,,3.0,3.0,2.0,Sale contract,,1.78,Hồ Chí Minh,Quận 7
25733,103.0,7.0,3.0,,,1.0,2.0,2.0,Have certificate,,5.5,Hồ Chí Minh,Quận 7
26937,70.0,5.1,3.5,Tây - Nam,,2.0,3.0,2.0,Have certificate,Basic,2.89,Thừa Thiên Huế,Huế
25035,60.0,4.0,3.0,,,5.0,,,Have certificate,,9.3,Hà Nội,Hai Bà Trưng
16676,30.0,3.8,2.5,,,5.0,4.0,4.0,Have certificate,Basic,3.1,Hà Nội,Hoài Đức
11546,80.0,6.0,10.0,Nam,Nam,2.0,2.0,2.0,Have certificate,,7.5,Hồ Chí Minh,Thủ Đức
28241,50.0,4.2,3.0,,,5.0,5.0,,Have certificate,,9.3,Hà Nội,Tây Hồ
12192,56.0,5.0,6.0,Đông,Đông,3.0,3.0,2.0,Have certificate,Full,2.2,Long An,Đức Hòa
22223,75.0,5.0,8.0,Đông - Nam,,2.0,4.0,4.0,Have certificate,,8.95,Hồ Chí Minh,Gò Vấp
27741,45.0,6.0,3.5,,,5.0,3.0,3.0,Have certificate,Basic,4.85,Hà Nội,Long Biên
29567,100.0,4.3,4.0,,,2.0,2.0,3.0,Have certificate,,8.5,Hồ Chí Minh,Quận 11
28856,99.0,4.2,7.0,Nam,,,1.0,1.0,Have certificate,Basic,6.19,Hồ Chí Minh,Quận 12
25412,24.8,4.0,4.0,,,2.0,3.0,2.0,Have certificate,Full,4.9,Hồ Chí Minh,Quận 1
3239,69.0,5.0,3.0,,,3.0,3.0,4.0,Have certificate,Basic,8.5,Hà Nội,Nam Từ Liêm
1999,80.0,4.0,6.0,,,2.0,4.0,2.0,Have certificate,Basic,10.0,Hồ Chí Minh,Tân Bình
23924,88.0,5.0,6.0,,,2.0,3.0,3.0,Have certificate,,4.9,Hồ Chí Minh,Nhà Bè
9457,170.0,5.1,15.0,,,,,,Have certificate,,5.86,Cần Thơ,Cái Răng
22355,44.8,3.2,4.0,,,3.0,4.0,3.0,Have certificate,Full,6.7,Hồ Chí Minh,Quận 8
10834,105.0,5.0,4.4,Đông - Nam,Đông - Nam,,3.0,2.0,,,2.5,Bình Dương,Thủ Dầu Một
6274,55.8,4.0,6.0,Đông - Bắc,Đông - Bắc,2.0,2.0,2.0,Have certificate,Basic,3.95,Hồ Chí Minh,Quận 12
7846,100.0,5.0,12.0,,,,,,Have certificate,,3.95,Long An,Tân An
17436,36.0,4.0,6.0,,,5.0,4.0,4.0,Have certificate,,5.55,Hồ Chí Minh,Tân Phú
1608,35.0,4.0,3.5,Tây - Nam,Tây - Nam,3.0,3.0,3.0,Have certificate,Basic,2.4,Hà Nội,Chương Mỹ
20882,80.0,12.0,12.0,,,2.0,4.0,,Have certificate,Basic,6.18,Hồ Chí Minh,Bình Tân
15636,80.0,5.0,42.0,Tây - Bắc,,6.0,5.0,5.0,Have certificate,,4.9,Bắc Ninh,Yên Phong
20636,48.0,4.0,10.0,Tây,Tây,1.0,1.0,1.0,Have certificate,,6.85,Hồ Chí Minh,Quận 6
10931,40.0,4.0,6.0,,,4.0,4.0,2.0,Have certificate,Full,4.6,Hồ Chí Minh,Quận 6
23960,40.0,4.0,12.0,Đông - Nam,,3.0,3.0,3.0,Have certificate,Full,3.7,Hải Phòng,Hồng Bàng
8159,205.0,10.0,15.0,Đông,Đông,1.0,2.0,2.0,Have certificate,Basic,1.2,Khánh Hòa,Diên Khánh
16397,32.0,4.0,2.5,,,4.0,3.0,3.0,Have certificate,Basic,3.5,Hà Nội,Hà Đông
14690,45.0,4.1,3.5,,,4.0,3.0,3.0,Have certificate,Full,3.9,Hà Nội,Hoàng Mai
1154,105.6,5.0,6.0,,,3.0,4.0,4.0,Have certificate,,10.0,Hồ Chí Minh,Nhà Bè
18213,72.0,5.0,6.0,Tây,,3.0,3.0,4.0,,,5.7,Đà Nẵng,Liên Chiểu
20338,210.0,6.0,16.0,,,,,,Have certificate,,1.2,Bình Dương,Tân Uyên
15742,38.0,4.0,6.0,,,6.0,3.0,5.0,Have certificate,Full,10.0,Hà Nội,Hà Đông
15894,100.0,10.0,12.0,,,3.0,4.0,4.0,,Full,5.1,Bình Dương,Thuận An
4995,47.0,10.0,5.0,Bắc,Bắc,3.0,3.0,3.0,Have certificate,Basic,2.68,Hà Nội,Huyện Quốc Oai
24062,37.0,3.6,2.0,Tây - Bắc,Bắc,5.0,3.0,3.0,Have certificate,Full,5.65,Hà Nội,Hà Đông
17274,71.0,4.5,15.0,Đông,Đông,4.0,3.0,3.0,Have certificate,Full,5.95,Hải Phòng,Hải An
26634,56.5,5.0,12.0,Bắc,Bắc,4.0,4.0,4.0,Have certificate,,6.1,Hồ Chí Minh,Bình Chánh
6677,90.0,4.1,5.0,,,2.0,4.0,4.0,,,10.0,Hồ Chí Minh,Gò Vấp
22939,51.0,3.6,6.0,,,,4.0,6.0,Have certificate,,1.0,Hồ Chí Minh,Tân Bình
12560,33.5,3.5,4.0,,,5.0,5.0,3.0,,,7.6,Hồ Chí Minh,Phú Nhuận
24724,54.0,4.1,4.5,Đông - Bắc,Đông - Bắc,5.0,5.0,3.0,Have certificate,Full,7.5,Hồ Chí Minh,Gò Vấp
18660,55.0,5.0,8.0,,,3.0,,,Have certificate,Full,8.2,Hồ Chí Minh,Phú Nhuận
2662,34.0,4.2,3.5,,,5.0,3.0,,Have certificate,,5.5,Hà Nội,Long Biên
5212,41.0,4.0,5.0,Đông - Nam,,3.0,3.0,3.0,Have certificate,Full,7.45,Hồ Chí Minh,Bình Thạnh
27234,43.0,4.2,3.5,,,4.0,4.0,2.0,Have certificate,Basic,6.35,Hà Nội,Long Biên
26051,64.0,4.0,6.0,,,4.0,4.0,5.0,,Full,7.35,Hồ Chí Minh,Tân Bình
24217,35.0,3.7,4.0,,,,,,,,6.7,Hồ Chí Minh,Quận 3
27208,59.0,4.2,3.5,,,5.0,3.0,,Have certificate,Full,6.99,Hà Nội,Hoàng Mai
11631,70.0,4.0,6.0,,,4.0,4.0,4.0,Have certificate,Full,9.5,Hồ Chí Minh,Tân Bình
15607,63.4,4.4,9.0,Tây - Nam,Tây - Nam,4.0,3.0,4.0,Have certificate,Full,9.0,Khánh Hòa,Nha Trang
25212,90.0,5.2,7.0,,,4.0,4.0,4.0,Have certificate,Basic,5.99,Đồng Nai,Biên Hòa
5491,40.0,4.2,3.0,,,5.0,3.0,4.0,Have certificate,Full,7.5,Hà Nội,Tây Hồ
7722,50.0,4.0,3.0,Tây - Nam,,,2.0,1.0,Have certificate,,2.17,Hồ Chí Minh,Hóc Môn
8074,201.0,6.7,12.0,Đông - Bắc,Đông - Bắc,2.0,3.0,3.0,Have certificate,Full,4.6,Bình Dương,Thủ Dầu Một
21384,72.0,4.0,3.0,,,3.0,4.0,3.0,Have certificate,,7.8,Hồ Chí Minh,Bình Thạnh
26515,76.0,4.1,10.0,,,3.0,4.0,4.0,Have certificate,Full,7.7,Hồ Chí Minh,Gò Vấp
10583,50.0,4.1,3.0,,,5.0,,,Have certificate,Full,5.8,Hà Nội,Bắc Từ Liêm
1896,37.0,4.0,9.0,,,5.0,3.0,4.0,Have certificate,Basic,3.7,Hà Nội,Hoài Đức
20578,78.0,6.0,13.0,Tây - Bắc,Tây - Bắc,5.0,,,Sale contract,,9.3,Hưng Yên,Văn Giang
23923,120.0,6.25,45.0,Nam,,,,,Sale contract,,8.3,Đồng Nai,Long Thành
29936,96.0,4.1,20.0,Tây - Nam,,5.0,8.0,9.0,Have certificate,,9.8,Hồ Chí Minh,Gò Vấp
5976,57.0,3.6,5.0,,,2.0,2.0,2.0,Have certificate,Basic,6.5,Hồ Chí Minh,Quận 8
24671,140.0,4.2,8.0,,,3.0,5.0,5.0,Have certificate,Full,7.7,Hồ Chí Minh,Quận 12
19652,72.0,5.0,10.0,,,2.0,3.0,2.0,,,1.2,Hồ Chí Minh,Bình Chánh
16419,52.0,4.0,7.0,,,4.0,4.0,4.0,Have certificate,Full,5.0,Hồ Chí Minh,Bình Tân
14132,68.0,4.1,5.0,,,,,,,,8.8,Hồ Chí Minh,Gò Vấp
10492,36.0,4.0,5.0,,,3.0,4.0,,Have certificate,,4.7,Hồ Chí Minh,Quận 7
20234,63.0,4.5,16.0,,,,3.0,2.0,Have certificate,,1.59,Bình Dương,Tân Uyên
7147,70.0,4.5,4.0,,,5.0,,,Have certificate,,4.0,Hà Nội,Đông Anh
29493,30.7,3.7,4.0,,,3.0,,,Have certificate,,4.2,Hồ Chí Minh,Quận 3
24889,65.0,5.0,4.0,,,1.0,3.0,2.0,,,1.55,Hồ Chí Minh,Bình Chánh
9216,60.0,4.6,6.0,,,3.0,,,Have certificate,,5.5,Hồ Chí Minh,Thủ Đức
18827,157.3,4.5,10.0,Tây - Nam,,2.0,4.0,2.0,Have certificate,,2.8,Bình Dương,Dĩ An
6220,36.0,4.0,4.0,,,5.0,5.0,5.0,Have certificate,Full,9.0,Hồ Chí Minh,Quận 1
712,165.0,5.0,15.0,,,,,,,,7.3,Hải Phòng,Thủy Nguyên
11785,75.0,5.0,25.0,Đông,Đông,2.0,4.0,3.0,Have certificate,Basic,1.8,Bình Dương,Bàu Bàng
23460,172.0,6.0,16.0,,,,4.0,5.0,Have certificate,,8.8,Bình Dương,Tân Uyên
6340,70.0,3.9,20.0,Đông - Nam,,2.0,3.0,3.0,Have certificate,Full,8.5,Bà Rịa Vũng Tàu,Vũng Tàu
18836,45.0,4.0,3.2,,,3.0,3.0,3.0,Have certificate,,3.29,Hà Nội,Thanh Trì
13017,112.0,5.2,7.0,Đông,,2.0,3.0,3.0,Have certificate,Full,3.99,Đồng Nai,Biên Hòa
18286,35.0,4.5,3.0,,,5.0,,,Have certificate,Full,8.9,Hà Nội,Cầu Giấy
27864,67.5,4.0,4.0,,,,,,Have certificate,,2.7,Bình Dương,Dĩ An
19036,37.0,3.8,4.0,,,4.0,3.0,3.0,Have certificate,Full,3.75,Hà Nội,Hà Đông
19846,88.0,4.5,12.0,Đông,Đông,4.0,4.0,3.0,Have certificate,Basic,3.59,Hải Phòng,An Dương
24634,18.0,4.6,6.0,,,2.0,,,,,2.45,Hồ Chí Minh,Thủ Đức
11532,30.0,3.7,4.0,,,2.0,2.0,2.0,Have certificate,Full,2.8,Hồ Chí Minh,Quận 3
6183,30.0,4.2,6.0,,,,2.0,2.0,,,1.33,Hồ Chí Minh,Quận 12
20402,46.0,4.6,4.0,,,,,,,Full,3.75,Hồ Chí Minh,Gò Vấp
27527,63.0,5.0,12.0,,,5.0,6.0,6.0,,Basic,8.8,Hồ Chí Minh,Nhà Bè
12247,78.0,4.3,2.0,,,1.0,1.0,1.0,Have certificate,,7.8,Hà Nội,Hoàng Mai
23371,100.0,5.0,14.0,Tây - Nam,,3.0,4.0,4.0,Have certificate,Full,4.8,Khánh Hòa,Nha Trang
18457,160.0,8.0,7.0,,,3.0,3.0,4.0,,,6.1,Đồng Nai,Biên Hòa
7684,50.0,4.0,5.0,,,6.0,3.0,4.0,Have certificate,Full,8.19,Hồ Chí Minh,Bình Thạnh
29733,47.4,5.0,3.0,,,2.0,2.0,2.0,Have certificate,,1.9,Khánh Hòa,Nha Trang
18633,65.0,4.5,12.0,,,3.0,3.0,2.0,Have certificate,Full,9.5,Hà Nội,Bắc Từ Liêm
12149,67.5,4.5,15.0,,,4.0,,,Sale contract,,4.4,Hải Phòng,Kiến An
24822,67.0,4.0,5.0,,,3.0,4.0,5.0,Have certificate,,6.29,Hồ Chí Minh,Gò Vấp
270,177.0,6.1,7.0,,,2.0,3.0,4.0,Have certificate,Basic,5.46,Hồ Chí Minh,Hóc Môn
12197,50.0,4.8,6.0,,,4.0,4.0,5.0,Have certificate,Full,9.9,Hồ Chí Minh,Bình Thạnh
21885,100.0,5.0,4.0,Tây,,1.0,2.0,,,,2.8,Bình Dương,Thủ Dầu Một
2908,95.0,5.0,15.0,Đông - Nam,,4.0,,,Have certificate,,4.8,Cần Thơ,Cái Răng
26410,22.0,4.2,3.0,,,3.0,2.0,3.0,Have certificate,Full,3.88,Hà Nội,Đống Đa
1967,303.0,11.4,4.0,Đông - Bắc,,2.0,3.0,2.0,Have certificate,Full,7.5,Hải Phòng,Hồng Bàng
11363,48.0,4.0,3.0,,,5.0,5.0,4.0,Have certificate,Full,6.5,Hà Nội,Nam Từ Liêm
10143,30.0,5.0,3.0,,,5.0,4.0,4.0,Have certificate,Full,4.45,Hà Nội,Hoàng Mai
20080,60.7,4.23,6.0,,,4.0,4.0,4.0,Have certificate,,6.6,Hồ Chí Minh,Thủ Đức
12898,80.0,5.0,7.0,,,3.0,3.0,3.0,Sale contract,,2.55,Long An,Đức Hòa
16089,95.0,4.0,6.0,,,3.0,3.0,3.0,Have certificate,Full,7.7,Hồ Chí Minh,Thủ Đức
18950,61.76,4.0,3.0,,,2.0,3.0,3.0,Have certificate,Full,5.55,Hồ Chí Minh,Tân Phú
11583,60.0,5.0,13.0,Tây - Bắc,,5.0,,,,,7.5,Hưng Yên,Văn Giang
12379,100.0,4.6,5.0,,,3.0,3.0,4.0,Have certificate,Full,7.7,Hồ Chí Minh,Thủ Đức
22964,45.0,4.2,3.5,,,6.0,,,,,8.25,Hà Nội,Long Biên
8264,35.0,4.2,3.0,,,6.0,,,Have certificate,Full,7.5,Hà Nội,Tây Hồ
2285,72.0,5.0,3.5,,,2.0,3.0,1.0,Have certificate,,2.1,Bình Dương,Thủ Dầu Một
6683,42.0,3.8,3.0,,,5.0,3.0,3.0,,,5.6,Hà Nội,Đống Đa
24462,53.0,4.0,6.0,,,4.0,4.0,3.0,Have certificate,Basic,7.8,Hồ Chí Minh,Quận 11
29905,46.0,4.2,3.5,,,3.0,3.0,,Have certificate,,7.0,Hà Nội,Long Biên
24316,100.0,5.0,5.0,Tây - Nam,,4.0,1.0,1.0,Have certificate,Basic,3.2,Kiên Giang,Rạch Giá
23097,15.22,3.7,4.5,,,,1.0,1.0,Have certificate,Basic,1.95,Hồ Chí Minh,Phú Nhuận
22094,60.0,4.2,5.0,Đông - Bắc,Đông - Bắc,3.0,4.0,5.0,Have certificate,,6.3,Hồ Chí Minh,Quận 12
21723,100.0,6.0,8.0,,,2.0,3.0,2.0,Have certificate,,2.0,Đồng Nai,Biên Hòa
9101,42.0,4.4,3.5,,,5.0,4.0,4.0,,,4.96,Hà Nội,Long Biên
15820,48.0,4.6,12.0,,,2.0,2.0,2.0,Have certificate,Basic,8.0,Hồ Chí Minh,Gò Vấp
615,55.0,4.0,15.0,,,5.0,6.0,,Have certificate,Basic,8.5,Hà Nội,Long Biên
27702,66.0,4.2,6.0,,,3.0,3.0,4.0,Have certificate,,4.55,Hồ Chí Minh,Quận 12
11390,22.0,3.0,4.0,,,3.0,2.0,2.0,Have certificate,Basic,2.89,Hồ Chí Minh,Quận 8
26208,39.0,3.0,4.0,,,3.0,,,Have certificate,,9.7,Hồ Chí Minh,Quận 5
26312,10.0,4.0,4.0,Đông - Bắc,,1.0,1.0,1.0,Have certificate,Full,1.25,Hồ Chí Minh,Phú Nhuận
17836,40.0,4.0,3.5,Bắc,Đông,6.0,3.0,4.0,Have certificate,Basic,7.5,Hà Nội,Long Biên
27019,69.0,4.0,10.0,Đông,,3.0,4.0,4.0,,,4.2,Bình Dương,Dĩ An
13181,100.0,5.0,7.5,,,,,,,,5.9,Đà Nẵng,Cẩm Lệ
1971,54.0,4.1,5.0,,,2.0,3.0,2.0,Have certificate,,4.9,Hồ Chí Minh,Gò Vấp
14926,27.0,2.8,3.0,,,5.0,3.0,5.0,Have certificate,Full,5.95,Hà Nội,Đống Đa
1192,69.0,5.6,2.0,Đông - Nam,Đông - Nam,2.0,3.0,2.0,Have certificate,,2.3,Đồng Nai,Biên Hòa
19101,94.5,4.0,6.0,,,2.0,2.0,2.0,Have certificate,Full,9.0,Hồ Chí Minh,Bình Thạnh
21473,40.0,4.2,3.0,,,5.0,6.0,4.0,Have certificate,,5.9,Hà Nội,Đống Đa
13059,31.0,4.08,5.0,,,2.0,2.0,2.0,Have certificate,,4.5,Hồ Chí Minh,Quận 10
8060,52.0,4.0,4.0,,,3.0,3.0,4.0,Have certificate,Full,7.2,Hồ Chí Minh,Tân Bình
3663,80.0,8.0,8.0,,,4.0,5.0,4.0,Have certificate,Full,9.0,Hồ Chí Minh,Tân Bình
26821,33.0,4.0,6.0,,,4.0,3.0,4.0,Have certificate,Basic,7.2,Hồ Chí Minh,Quận 11
12233,100.0,4.6,5.5,,,3.0,4.0,,Have certificate,,7.85,Đà Nẵng,Sơn Trà
10468,68.0,16.0,16.0,Đông - Bắc,Tây - Nam,,2.0,2.0,,,3.1,Hồ Chí Minh,Bình Tân
26616,75.0,5.0,8.0,,,3.0,5.0,5.0,Have certificate,Full,6.3,Hồ Chí Minh,Bình Tân
14507,65.0,4.2,12.0,Nam,Nam,2.0,3.0,2.0,Have certificate,Full,9.3,Hồ Chí Minh,Tân Phú
27971,51.7,4.0,8.0,,,2.0,2.0,2.0,Have certificate,,4.85,Hồ Chí Minh,Quận 9
24592,85.0,5.0,5.0,Đông - Nam,Đông - Nam,2.0,4.0,3.0,Have certificate,Basic,7.7,Hồ Chí Minh,Quận 2
14526,32.0,4.0,3.5,,,5.0,3.0,4.0,Have certificate,Basic,3.35,Hà Nội,Hà Đông
22041,78.0,4.0,12.0,Tây - Bắc,Tây - Bắc,2.0,3.0,3.0,Have certificate,Basic,7.0,Hồ Chí Minh,Bình Tân
15162,44.0,4.0,2.8,Tây - Nam,,4.0,4.0,4.0,Have certificate,Full,4.7,Hà Nội,Thanh Trì
3632,65.0,52.0,3.5,,,3.0,2.0,3.0,Have certificate,,8.6,Hà Nội,Long Biên
5177,37.6,4.7,4.0,,,4.0,5.0,4.0,Have certificate,,7.8,Hồ Chí Minh,Quận 1
5129,107.1,6.3,12.0,,,3.0,3.0,4.0,Sale contract,Full,3.8,Đồng Nai,Nhơn Trạch
17002,37.0,4.0,12.0,,,4.0,3.0,3.0,Have certificate,Full,5.6,Hồ Chí Minh,Tân Phú
8478,68.0,4.0,3.5,,,4.0,4.0,4.0,Have certificate,Full,9.5,Hà Nội,Hà Đông
12274,70.0,4.0,6.0,,,,3.0,3.0,,,5.5,Hồ Chí Minh,Tân Phú
5101,30.0,4.0,3.0,Nam,,4.0,3.0,3.0,Have certificate,,5.1,Hà Nội,Thanh Xuân
25767,35.0,4.5,5.0,,,2.0,2.0,2.0,Have certificate,Full,3.95,Hồ Chí Minh,Gò Vấp
1946,108.0,4.5,6.0,,,3.0,3.0,3.0,Have certificate,Full,5.99,Hồ Chí Minh,Quận 9
4064,45.0,4.0,3.0,,,5.0,,,Have certificate,,9.0,Hà Nội,Đống Đa
7160,61.0,4.23,6.0,Đông - Bắc,,4.0,4.0,4.0,Have certificate,Basic,6.5,Hồ Chí Minh,Thủ Đức
23931,100.0,6.0,16.0,,,3.0,2.0,2.0,Sale contract,,3.1,Bình Dương,Tân Uyên
16256,79.0,4.5,7.5,Đông - Bắc,,3.0,5.0,3.0,Have certificate,Basic,5.65,Đà Nẵng,Thanh Khê
12114,67.5,4.5,15.0,Tây - Nam,Tây - Nam,4.0,,,Have certificate,,4.59,Hải Phòng,Kiến An
24937,37.0,3.3,3.5,Đông - Bắc,Tây - Bắc,4.0,4.0,2.0,Have certificate,Full,6.9,Hà Nội,Hà Đông
27603,38.0,3.3,3.5,,,3.0,4.0,3.0,Have certificate,Full,4.2,Hồ Chí Minh,Gò Vấp
19609,81.0,4.0,4.0,Đông - Bắc,Đông - Bắc,2.0,3.0,1.0,Have certificate,,1.6,Đồng Tháp,Sa Đéc
16587,40.0,3.5,2.3,,,5.0,3.0,4.0,Have certificate,Full,5.6,Hà Nội,Hoàng Mai
14506,77.0,4.0,16.0,Đông,,3.0,4.0,4.0,Have certificate,,7.75,Khánh Hòa,Nha Trang
1898,78.8,4.5,5.5,Đông - Nam,Đông - Nam,3.0,4.0,4.0,Have certificate,,6.8,Đà Nẵng,Sơn Trà
24260,100.0,5.0,8.0,Bắc,Bắc,2.0,3.0,2.0,Have certificate,Full,3.6,Đồng Nai,Biên Hòa
28064,90.0,6.0,3.5,,,4.0,,,,,8.2,Hà Nội,Hoàng Mai
12527,47.0,4.0,3.5,,,4.0,,,Have certificate,,7.4,Hà Nội,Hà Đông
27218,100.0,5.0,6.0,,,2.0,3.0,2.0,Have certificate,Full,4.55,Hồ Chí Minh,Nhà Bè
25278,31.0,4.0,3.0,,,3.0,3.0,3.0,Have certificate,Full,5.75,Hồ Chí Minh,Bình Thạnh
28194,90.0,5.0,7.5,,,3.0,3.0,4.0,Have certificate,Full,4.8,Đà Nẵng,Liên Chiểu
26928,166.0,5.0,6.0,Đông - Nam,Đông - Nam,2.0,3.0,3.0,Have certificate,,4.1,Hồ Chí Minh,Nhà Bè
87,85.0,7.5,13.5,,,4.0,4.0,6.0,Have certificate,,4.2,Bà Rịa Vũng Tàu,Phú Mỹ
19208,60.0,4.4,3.0,Bắc,Bắc,3.0,3.0,3.0,Have certificate,,1.79,Hải Phòng,An Dương
24608,37.0,5.0,3.0,,,4.0,3.0,4.0,Have certificate,Full,9.8,Hà Nội,Thanh Xuân
2534,216.0,6.0,20.5,,,,9.0,,,Full,10.0,Thanh Hóa,Sầm Sơn
7045,176.5,20.0,20.0,,,1.0,2.0,1.0,Have certificate,,8.8,Bình Dương,Dĩ An
7363,120.0,6.0,26.0,Đông,,3.0,,,Have certificate,,7.3,Bắc Ninh,Từ Sơn
16599,60.0,6.0,3.0,,,5.0,6.0,6.0,Have certificate,,7.0,Hà Nội,Tây Hồ
228,75.0,5.0,7.5,,,4.0,,,Have certificate,,4.35,Thanh Hóa,Thanh Hóa
29249,79.2,4.0,5.0,,,3.0,2.0,,Have certificate,Full,7.6,Hồ Chí Minh,Bình Thạnh
6170,82.0,5.0,18.0,,,5.0,,,Have certificate,,9.9,Hà Nội,Thường Tín
29253,10.0,4.0,6.0,,,3.0,2.0,2.0,Have certificate,Full,1.2,Hồ Chí Minh,Tân Bình
12290,81.8,4.0,5.0,,,1.0,2.0,2.0,Have certificate,Full,2.65,Bình Dương,Thuận An
13916,90.0,5.0,7.5,Tây - Bắc,Tây - Bắc,3.0,4.0,4.0,Have certificate,,6.5,Đà Nẵng,Liên Chiểu
17323,35.0,4.0,3.0,,,5.0,5.0,4.0,Have certificate,Full,3.6,Hà Nội,Hoài Đức
20557,264.0,10.0,6.0,,,3.0,5.0,4.0,Have certificate,Full,8.0,Đồng Nai,Biên Hòa
27499,66.0,4.0,3.0,,,4.0,8.0,4.0,Have certificate,Basic,6.6,Hà Nội,Hai Bà Trưng
18686,38.5,4.1,1.5,,,4.0,3.0,3.0,Have certificate,Full,6.5,Hà Nội,Bắc Từ Liêm
7016,52.0,5.0,6.0,,,3.0,4.0,,Have certificate,Full,6.2,Hồ Chí Minh,Nhà Bè
20873,30.0,4.0,3.0,Đông,,5.0,4.0,4.0,,,4.2,Hà Nội,Hoài Đức
26087,90.0,4.0,6.0,,,2.0,3.0,3.0,Have certificate,,6.8,Hồ Chí Minh,Tân Phú
10397,41.0,4.0,3.2,Đông - Bắc,,5.0,4.0,5.0,Have certificate,Full,3.95,Hà Nội,Thanh Trì
2866,90.0,5.5,17.0,,,,,,Sale contract,,7.0,Hưng Yên,Yên Mỹ
29363,36.0,8.0,6.0,,,5.0,5.0,4.0,Have certificate,Full,9.1,Hồ Chí Minh,Tân Bình
16281,72.0,5.0,5.0,Tây - Nam,,,3.0,,Have certificate,,2.7,Bình Dương,Dĩ An
5619,60.0,5.0,5.0,Đông - Nam,,4.0,4.0,4.0,Have certificate,Basic,8.7,Hà Nội,Ba Đình
13869,61.0,4.0,4.0,,,2.0,2.0,2.0,Have certificate,,7.1,Hồ Chí Minh,Phú Nhuận
13629,100.0,8.0,20.0,,,,,,Have certificate,,5.0,Thanh Hóa.,Hoằng Hóa
23047,54.0,4.1,6.0,,,2.0,2.0,2.0,,,4.5,Hồ Chí Minh,Gò Vấp
28834,40.0,4.0,3.0,,,4.0,4.0,3.0,,,4.5,Hà Nội.,Nam Từ Liêm
476,160.0,8.0,13.0,Đông - Bắc,,3.0,4.0,4.0,,,6.2,Đồng Nai,Biên Hòa
4722,60.0,4.0,8.0,Đông - Bắc,Đông - Bắc,4.0,4.0,5.0,Have certificate,Full,8.6,Hồ Chí Minh,Quận 7
23292,73.0,5.1,7.5,Đông - Nam,,,,,Have certificate,,5.79,Đà Nẵng,Sơn Trà
1938,58.0,4.5,8.0,,,2.0,4.0,3.0,Have certificate,Full,5.4,Hồ Chí Minh,Quận 9
12115,100.0,5.5,6.0,,,,1.0,1.0,Have certificate,Basic,3.5,Lâm Đồng,Đức Trọng
11840,228.0,6.75,10.0,,,3.0,3.0,4.0,Have certificate,,5.0,Bà Rịa Vũng Tàu,Đất Đỏ
6601,46.0,4.0,11.0,Đông - Nam,,,4.0,,,,9.2,Hà Nội,Hà Đông
17746,82.0,4.5,5.5,,,,,,Sale contract,,4.4,Hải Phòng,An Dương
2599,30.0,4.1,2.5,Đông,Đông,4.0,3.0,3.0,Have certificate,,2.75,Hà Nội,Bắc Từ Liêm
14454,120.0,6.0,55.0,Tây - Bắc,Tây - Bắc,4.0,6.0,5.0,Have certificate,,4.57,Đắk Lắk.,Buôn Ma Thuột
8565,36.0,4.0,3.0,,,5.0,6.0,4.0,Have certificate,Full,4.45,Hà Nội,Hoài Đức
7334,100.0,3.2,6.0,,,2.0,3.0,3.0,Have certificate,Basic,7.99,Hồ Chí Minh,Tân Phú
11409,30.0,4.75,3.0,,,5.0,3.0,3.0,Have certificate,Full,4.6,Hà Nội,Quận Hà Đông
7604,120.0,10.0,3.5,Đông - Nam,,3.0,,,,,4.8,Hà Nội,Đông Anh
20147,65.0,3.5,16.0,Tây - Bắc,,2.0,2.0,2.0,Have certificate,,6.5,Khánh Hòa,Nha Trang
9862,52.0,4.0,6.0,,,5.0,4.0,5.0,Have certificate,,7.55,Hồ Chí Minh,Gò Vấp
5704,145.0,5.0,6.0,,,,3.0,3.0,Sale contract,Basic,3.5,Hồ Chí Minh,Nhà Bè
7748,60.0,4.0,7.0,Đông,,5.0,,,Have certificate,,6.3,Hồ Chí Minh,Bình Tân
1680,64.0,4.0,8.0,Đông,Đông,3.0,4.0,4.0,Have certificate,Full,7.5,Hồ Chí Minh,Gò Vấp
13649,81.0,4.15,5.5,Đông - Bắc,Đông - Bắc,1.0,2.0,1.0,Have certificate,,6.5,Hồ Chí Minh,Thủ Đức
9894,48.0,4.0,8.0,,,3.0,3.0,3.0,Have certificate,Basic,5.5,Hồ Chí Minh,Quận 8
25454,35.0,3.3,2.8,Tây - Nam,Tây - Nam,3.0,4.0,3.0,Have certificate,Full,1.85,Hà Nội,Chương Mỹ
5600,45.0,5.0,4.0,Tây - Bắc,,,2.0,1.0,,,2.1,Hồ Chí Minh,Bình Chánh
30030,115.0,5.0,30.0,Tây,,,,,Have certificate,Full,5.7,Hồ Chí Minh,Quận 9
15,30.0,4.1,5.0,Đông - Nam,,2.0,2.0,2.0,Have certificate,Full,3.79,Hồ Chí Minh,Gò Vấp
6411,40.0,4.8,4.0,,,5.0,6.0,4.0,Have certificate,Full,5.5,Hà Nội,Long Biên
5350,35.0,4.0,25.0,,,5.0,3.0,4.0,Have certificate,Basic,6.15,Hà Nội,Tây Hồ
2994,160.0,8.0,19.0,Tây,,3.0,4.0,4.0,Sale contract,,7.25,Đồng Nai,Biên Hòa
26642,65.0,4.5,13.0,Tây,Tây,5.0,,,,,7.3,Hưng Yên,Văn Giang
9377,45.0,3.5,2.0,Bắc,,5.0,3.0,4.0,Have certificate,Full,5.95,Hà Nội,Hai Bà Trưng
17187,50.0,5.0,7.0,,,4.0,3.0,4.0,Have certificate,,5.4,Hồ Chí Minh,Quận 12
565,62.0,10.0,3.0,,,4.0,4.0,3.0,Have certificate,,9.5,Hà Nội,Ba Đình
23421,41.0,4.0,3.0,,,5.0,,,Have certificate,,7.7,Hà Nội,Thanh Xuân
17345,39.0,6.0,6.0,Đông - Nam,Đông - Nam,4.0,3.0,3.0,Have certificate,Full,4.35,Hà Nội,Hai Bà Trưng
25872,200.0,8.0,7.0,,,2.0,3.0,2.0,Sale contract,,5.6,Bà Rịa Vũng Tàu,Xuyên Mộc
20426,110.0,5.0,5.0,,,,,1.0,Have certificate,,1.2,Long An,Đức Hòa
23991,35.0,3.8,3.5,,,5.0,3.0,3.0,Have certificate,Full,4.5,Hà Nội,Long Biên
6187,20.0,2.6,2.0,,,5.0,3.0,4.0,Have certificate,Basic,4.35,Hà Nội,Hai Bà Trưng
7343,100.0,5.0,8.0,Tây - Bắc,Tây - Bắc,2.0,3.0,2.0,Have certificate,Full,4.8,Bình Dương,Dĩ An
16849,58.0,6.0,10.0,,,1.0,1.0,1.0,Have certificate,Basic,6.15,Hồ Chí Minh,Gò Vấp
6576,60.0,5.0,5.0,Tây,Tây,4.0,7.0,8.0,Have certificate,Full,10.0,Đà Nẵng,Ngũ Hành Sơn
20161,161.0,8.0,13.0,Bắc,,,2.0,,Have certificate,Full,6.8,Bình Thuận,Phan Thiết
2870,63.0,4.5,20.0,,,5.0,6.0,5.0,Have certificate,Full,6.0,Hưng Yên,Văn Giang
28365,53.0,5.0,10.0,,,5.0,5.0,5.0,Have certificate,,6.9,Hà Nội,Long Biên
19309,30.0,6.8,5.0,,,2.0,2.0,2.0,Have certificate,Basic,3.6,Hồ Chí Minh,Bình Thạnh
20566,42.9,4.0,6.0,Đông - Nam,,4.0,4.0,3.0,Have certificate,,9.2,Hồ Chí Minh,Tân Bình
14300,47.3,4.3,30.0,Đông,,2.0,3.0,2.0,Have certificate,Full,6.4,Đắk Lắk,Buôn Ma Thuột
28757,32.0,4.5,4.0,Tây,Tây,4.0,4.0,3.0,Have certificate,Full,3.3,Hà Nội,Thanh Trì
21758,70.0,4.4,5.0,Nam,Nam,1.0,3.0,2.0,Have certificate,Full,3.55,Đồng Nai,Biên Hòa
23061,74.1,12.0,25.0,Tây,Tây,2.0,3.0,3.0,Have certificate,Basic,7.9,Hồ Chí Minh,Bình Chánh
22269,50.0,3.5,3.0,,,2.0,2.0,2.0,Have certificate,,4.49,Hồ Chí Minh,Phú Nhuận
25282,160.0,8.0,13.0,,,,4.0,4.0,Sale contract,,4.45,Bình Thuận,Phan Thiết
25442,65.0,4.1,5.0,,,3.0,3.0,3.0,Have certificate,,6.6,Hồ Chí Minh,Gò Vấp
2374,56.0,4.0,6.0,,,5.0,,,Have certificate,Basic,6.1,Hồ Chí Minh,Bình Tân
6317,45.0,4.0,3.0,,,4.0,,,,,7.2,Hà Nội,Cầu Giấy
6326,250.0,10.0,7.0,Đông - Nam,Đông - Nam,,3.0,3.0,Have certificate,Full,3.49,Lâm Đồng,Bảo Lộc
6716,100.0,5.0,7.5,Tây - Nam,,3.0,3.0,4.0,Have certificate,,6.0,Đà Nẵng,Cẩm Lệ
24547,39.0,3.6,3.0,,,4.0,2.0,2.0,Have certificate,Basic,5.3,Hà Nội,Hoàng Mai
10036,32.5,4.0,3.0,,,5.0,3.0,4.0,Have certificate,Full,7.9,Hà Nội,Ba Đình
10908,102.0,4.2,3.5,,,5.0,,,Have certificate,Full,9.85,Hà Nội,Long Biên
28342,45.0,6.0,2.5,,,4.0,3.0,3.0,Have certificate,Full,8.6,Hà Nội,Ba Đình
29073,24.0,4.0,3.0,,,4.0,3.0,3.0,Have certificate,Full,3.1,Hà Nội,Hai Bà Trưng
6731,60.0,5.0,5.0,,,2.0,2.0,2.0,Have certificate,Basic,3.5,Bình Dương,Dĩ An
19170,32.0,3.3,4.5,Tây - Nam,Tây - Nam,6.0,3.0,4.0,Have certificate,Full,6.7,Hà Nội,Long Biên
18221,68.0,5.9,7.0,Bắc,Đông,,3.0,3.0,Have certificate,,6.95,Khánh Hòa,Nha Trang
26831,35.0,5.0,8.0,,,,2.0,1.0,,,1.1,Hồ Chí Minh,Quận 9
3684,45.0,5.0,3.0,,,5.0,7.0,7.0,Have certificate,Full,6.5,Hà Nội.,Nam Từ Liêm
16340,125.0,8.0,6.0,,,3.0,4.0,,,,7.5,Hồ Chí Minh,Thủ Đức
23329,40.0,8.0,5.0,,,4.0,3.0,4.0,Have certificate,Full,5.8,Hồ Chí Minh,Gò Vấp
8024,48.0,4.0,6.0,,,2.0,3.0,2.0,Have certificate,,6.4,Hồ Chí Minh,Gò Vấp
29875,120.0,5.0,7.0,Nam,Nam,,,,Sale contract,,7.2,Quảng Ninh,Cẩm Phả
29307,35.0,4.0,4.0,,,3.0,3.0,2.0,Have certificate,Basic,1.88,Hồ Chí Minh,Bình Tân
22346,128.0,8.0,6.0,Tây - Bắc,,,4.0,3.0,Have certificate,,7.9,Cần Thơ,Ninh Kiều
21080,41.0,4.1,25.0,,,3.0,4.0,2.0,Have certificate,Basic,7.6,Hà Nội.,Nam Từ Liêm
9550,75.0,5.0,6.0,Đông - Bắc,Đông - Bắc,4.0,5.0,5.0,Have certificate,,9.5,Bà Rịa Vũng Tàu,Vũng Tàu
21619,72.0,4.1,5.0,,,3.0,4.0,4.0,Have certificate,,6.55,Hồ Chí Minh,Gò Vấp
777,580.0,0.0,2.0,,,,2.0,2.0,Have certificate,Full,3.0,Lâm Đồng,Bảo Lâm
29235,64.0,4.0,4.0,,,2.0,3.0,3.0,Have certificate,Full,7.9,Hồ Chí Minh,Tân Bình
28068,60.0,4.0,12.0,,,3.0,4.0,4.0,Have certificate,Basic,3.3,Bình Dương,Thuận An
22194,46.0,4.0,3.0,,,4.0,4.0,3.0,Have certificate,Basic,7.8,Hà Nội,Hà Đông
11403,105.0,5.0,5.0,,,,2.0,2.0,Have certificate,,6.5,Hồ Chí Minh,Quận 7
20033,80.0,5.0,12.0,,,2.0,2.0,2.0,Have certificate,,1.73,Bình Dương,Bến Cát
11873,64.0,4.0,4.0,,,2.0,4.0,3.0,Have certificate,,9.5,Hồ Chí Minh,Tân Bình
1089,62.0,4.5,10.0,,,2.0,2.0,2.0,Have certificate,Basic,3.8,Bình Dương,Dĩ An
9769,27.0,5.4,5.0,,,3.0,3.0,3.0,Have certificate,Full,4.85,Hồ Chí Minh,Bình Thạnh
17966,56.0,4.0,6.0,,,,,,Have certificate,,4.1,Hồ Chí Minh,Thủ Đức
28179,144.0,30.0,20.0,Tây,,,2.0,1.0,Have certificate,,2.8,Kiên Giang,Rạch Giá
13244,66.0,4.0,6.0,,,4.0,5.0,3.0,Have certificate,Full,6.7,Hồ Chí Minh,Bình Tân
10096,137.82,5.0,7.0,,,2.0,,,Have certificate,Basic,5.15,Bình Dương,Dĩ An
3795,60.0,4.5,5.0,Tây,,3.0,3.0,3.0,Have certificate,Basic,2.4,Hải Phòng,An Dương
24249,35.0,6.0,3.0,Tây - Nam,,5.0,3.0,4.0,Have certificate,Full,5.0,Hà Nội,Đống Đa
11498,35.0,4.2,3.0,,,5.0,4.0,3.0,Have certificate,Full,6.8,Hà Nội,Đống Đa
11121,58.0,4.0,2.0,Đông - Nam,Đông - Nam,2.0,3.0,2.0,Have certificate,Full,3.49,Hồ Chí Minh,Quận 12
98,56.0,3.82,2.5,Đông - Nam,,5.0,6.0,5.0,Have certificate,Full,6.5,Hà Nội,Long Biên
23730,48.3,4.0,6.0,,,2.0,2.0,2.0,,,4.65,Hồ Chí Minh,Tân Bình
5422,60.0,3.0,6.0,Tây - Bắc,Tây - Bắc,3.0,4.0,4.0,,,2.98,Hồ Chí Minh,Quận 12
450,90.0,5.0,8.0,,,3.0,4.0,,,,8.7,Bình Dương,Thủ Dầu Một
25861,62.0,6.6,3.0,,,4.0,4.0,,Have certificate,Full,8.0,Hà Nội,Hai Bà Trưng
15686,36.0,4.08,5.0,,,5.0,,,Have certificate,Full,6.8,Hồ Chí Minh,Quận 10
9914,40.0,4.0,4.5,,,5.0,5.0,,Have certificate,Full,6.9,Hồ Chí Minh,Phú Nhuận
15309,48.3,4.0,4.0,,,5.0,4.0,,Have certificate,Full,7.8,Hà Nội,Thanh Xuân
29339,40.0,10.0,3.0,,,7.0,5.0,,Have certificate,Full,9.8,Hà Nội,Ba Đình
25239,64.0,4.0,3.0,,,,,,,,3.8,Hà Nội,Nam Từ Liêm
24013,202.0,5.0,6.0,Tây - Nam,,2.0,4.0,3.0,Have certificate,Basic,2.35,Bình Dương,Thủ Dầu Một
15968,40.0,4.0,3.0,,,4.0,4.0,3.0,Have certificate,Full,8.9,Hà Nội,Cầu Giấy
5207,100.0,8.0,5.0,,,2.0,3.0,4.0,Have certificate,Full,9.5,Hồ Chí Minh,Bình Thạnh
23546,56.0,5.0,5.0,,,3.0,4.0,4.0,Have certificate,Full,7.5,Hồ Chí Minh,Gò Vấp
14858,36.0,4.0,3.0,,,5.0,,,Have certificate,Basic,5.2,Hà Nội,Nam Từ Liêm
23995,100.0,5.0,5.5,,,3.0,4.0,3.0,Have certificate,Basic,6.0,Đà Nẵng,Hải Châu
2570,61.0,4.0,6.0,,,3.0,3.0,3.0,Have certificate,Full,6.1,Hồ Chí Minh,Quận 7
4760,100.2,5.0,25.0,,,1.0,1.0,1.0,Have certificate,Full,9.5,Lâm Đồng,Đà Lạt
14761,54.0,4.5,7.0,,,4.0,3.0,3.0,Have certificate,,4.8,Hồ Chí Minh,Thủ Đức
11890,86.0,5.5,8.0,,,2.0,2.0,1.0,Have certificate,Full,1.95,Đồng Nai,Biên Hòa
23769,42.0,3.6,2.5,Đông,Đông,4.0,3.0,4.0,Have certificate,Full,4.5,Hà Nội,Hà Đông
16128,63.0,4.6,6.0,,,,,,,,7.3,Hồ Chí Minh,Thủ Đức
11936,21.0,3.7,5.0,,,2.0,2.0,2.0,Have certificate,Basic,6.5,Hồ Chí Minh,Quận 7
19643,35.0,4.0,3.0,,,3.0,3.0,,Have certificate,Basic,4.4,Hà Nội,Hoài Đức
1292,128.0,9.9,15.0,Nam,,,,,Have certificate,,1.96,Thanh Hóa.,Thanh Hóa
2753,33.0,4.0,10.0,Tây - Bắc,,6.0,4.0,4.0,Have certificate,Full,7.0,Hà Nội,Hai Bà Trưng
17618,60.0,4.0,3.0,Đông,Đông,5.0,6.0,4.0,Have certificate,Full,6.6,Hà Nội,Hai Bà Trưng
27281,72.0,5.0,3.0,,,2.0,3.0,2.0,Have certificate,,2.99,Hồ Chí Minh,Bình Chánh
21576,70.0,4.5,13.0,Nam,Nam,4.0,4.0,4.0,Have certificate,Full,9.0,Hải Phòng,Lê Chân
6553,90.0,6.0,5.0,Đông,Đông,1.0,1.0,1.0,Have certificate,,5.3,Hồ Chí Minh,Quận 12
14146,44.0,5.0,10.0,,,4.0,4.0,4.0,Have certificate,,8.5,Đà Nẵng,Hải Châu
7441,80.0,8.0,8.0,,,3.0,2.0,3.0,Have certificate,Basic,6.8,Hồ Chí Minh,Quận 8
1241,41.0,4.1,3.0,,,4.0,,,Have certificate,,9.0,Hà Nội,Ba Đình
3539,58.0,3.2,16.0,,,6.0,4.0,5.0,Have certificate,,7.0,Hồ Chí Minh,Gò Vấp
13297,100.7,4.25,5.5,Đông - Nam,,,,,Have certificate,,3.5,Bình Dương,Dĩ An
8327,110.0,5.0,7.0,Bắc,,2.0,3.0,2.0,Have certificate,Full,3.19,Đồng Nai,Biên Hòa
2125,105.0,5.0,7.0,,,3.0,4.0,3.0,Have certificate,Full,4.3,Hồ Chí Minh,Hóc Môn
23159,160.0,8.0,19.0,Tây - Nam,,3.0,,,Sale contract,,7.3,Đồng Nai,Biên Hòa
851,68.0,4.0,18.0,Nam,Nam,2.0,3.0,2.0,Have certificate,,1.85,Long An,Bến Lức
22891,37.0,3.4,2.9,,,4.0,5.0,3.0,Have certificate,Full,4.75,Hà Nội,Hoài Đức
951,50.0,4.0,3.0,,,5.0,4.0,4.0,Have certificate,Basic,7.4,Hà Nội,Hai Bà Trưng
12553,24.0,4.85,3.0,,,3.0,4.0,3.0,Have certificate,Full,4.35,Hồ Chí Minh,Bình Thạnh
27743,43.0,3.6,3.0,,,2.0,2.0,3.0,Have certificate,Basic,4.49,Hồ Chí Minh,Bình Thạnh
28307,50.0,4.0,3.5,,,5.0,8.0,8.0,Have certificate,Full,6.5,Hà Nội,Nam Từ Liêm
2844,35.0,5.5,6.0,,,5.0,3.0,,Have certificate,Full,4.0,Hà Nội,Bắc Từ Liêm
18924,32.0,4.0,2.4,,,5.0,3.0,,Have certificate,Full,6.3,Hà Nội,Ba Đình
26535,64.0,4.1,6.0,,,3.0,4.0,4.0,,,9.3,Hồ Chí Minh,Gò Vấp
30165,30.0,4.0,3.5,,,,,,Have certificate,Basic,7.99,Hà Nội,Hoàng Mai
21378,46.0,4.0,3.0,,,4.0,7.0,3.0,Have certificate,Full,5.7,Hà Nội,Cầu Giấy
28168,76.0,4.0,6.0,,,1.0,,,,,4.6,Hồ Chí Minh.,Bình Tân
18301,45.0,4.0,3.0,,,4.0,4.0,3.0,Have certificate,Full,8.0,Hà Nội,Ba Đình
6816,45.7,4.2,3.0,,,5.0,4.0,4.0,Have certificate,Full,7.68,Hà Nội,Đống Đa
25961,92.6,5.0,8.0,,,3.0,3.0,2.0,Have certificate,Full,6.0,Lâm Đồng,Đà Lạt
27452,80.0,4.5,4.0,Tây - Bắc,,4.0,4.0,4.0,Have certificate,Basic,4.3,Hải Phòng,Ngô Quyền
11707,43.0,4.6,3.0,Đông - Nam,Đông - Nam,2.0,2.0,1.0,Have certificate,Basic,4.8,Hồ Chí Minh,Thủ Đức
1880,70.0,4.5,4.0,,,3.0,4.0,3.0,Have certificate,Full,6.8,Hà Nội,Thanh Trì
13970,102.0,7.4,5.5,,,,3.0,,Have certificate,,8.5,Đà Nẵng,Hải Châu
2438,60.0,4.0,6.0,,,5.0,5.0,5.0,Have certificate,,7.0,Hồ Chí Minh,Tân Bình
772,50.0,5.2,7.0,,,,,,,,1.33,Đồng Nai,Biên Hòa
21094,86.0,6.0,4.0,,,2.0,2.0,2.0,Have certificate,Basic,8.5,Hồ Chí Minh,Bình Thạnh
17868,21.0,3.5,40.0,Đông - Nam,Đông - Nam,5.0,3.0,5.0,Have certificate,Basic,9.6,Hà Nội,Đống Đa
271,100.0,6.0,12.0,,,2.0,2.0,1.0,Have certificate,Full,2.7,Đồng Nai,Nhơn Trạch
20673,56.0,4.1,6.0,,,5.0,5.0,5.0,Have certificate,Full,7.8,Hồ Chí Minh,Gò Vấp
25470,32.0,3.5,4.0,,,6.0,5.0,4.0,Have certificate,Full,6.0,Hà Nội,Long Biên
28345,95.0,4.0,6.0,,,3.0,3.0,2.0,Have certificate,,9.5,Hồ Chí Minh,Tân Bình
27783,54.0,4.1,5.0,,,2.0,2.0,2.0,Have certificate,,5.2,Hồ Chí Minh,Gò Vấp
15645,50.8,5.0,7.0,Tây - Nam,,3.0,3.0,3.0,Have certificate,Basic,4.69,Hồ Chí Minh,Quận 12
1564,40.0,3.0,1.5,,,1.0,2.0,1.0,Have certificate,Full,2.35,Hà Nội,Hoàng Mai
23717,140.0,4.2,5.0,,,,4.0,,Have certificate,Full,6.9,Hồ Chí Minh,Quận 12
10238,40.0,4.0,3.0,,,2.0,2.0,2.0,Have certificate,Full,3.7,Hồ Chí Minh,Tân Bình
12901,52.8,5.0,6.0,,,3.0,4.0,3.0,Have certificate,,4.4,Hồ Chí Minh,Quận 9
19234,75.0,6.4,5.0,,,4.0,,,Have certificate,,6.8,Hà Nội,Gia Lâm
25970,52.0,3.0,3.0,,,5.0,8.0,9.0,Have certificate,Full,8.6,Hà Nội,Thanh Xuân
21416,60.0,6.0,20.0,Đông - Nam,Tây - Bắc,5.0,2.0,2.0,Sale contract,Basic,5.0,Hà Nam,Phủ Lý
11136,125.0,5.0,5.0,Bắc,,,3.0,2.0,Have certificate,Full,1.9,Đắk Lắk,Buôn Ma Thuột
27821,38.0,6.0,5.0,,,5.0,3.0,4.0,Have certificate,Full,8.6,Hồ Chí Minh,Phú Nhuận
704,60.0,5.0,7.5,,,2.0,3.0,2.0,Have certificate,Full,5.6,Đà Nẵng,Sơn Trà
415,50.0,4.0,3.0,,,5.0,,,Have certificate,Full,8.7,Hà Nội,Cầu Giấy
20296,111.6,4.1,5.0,Đông - Bắc,,,5.0,5.0,Have certificate,,8.5,Hồ Chí Minh,Gò Vấp
10018,42.0,4.0,3.5,,,5.0,,,Have certificate,,4.6,Hà Nội,Hà Đông
13455,300.0,5.0,12.0,,,,,,Have certificate,,8.68,Bình Dương,Thuận An
11963,120.0,5.0,8.0,,,3.0,2.0,2.0,Have certificate,Basic,5.5,Hồ Chí Minh,Quận 9
18233,92.0,5.0,55.0,,,3.0,5.0,4.0,Have certificate,Full,6.48,Hồ Chí Minh,Bình Tân
18810,72.4,4.2,13.0,,,3.0,4.0,4.0,Have certificate,,8.85,Hồ Chí Minh,Tân Phú
3562,68.0,4.0,12.0,Nam,Nam,2.0,7.0,3.0,Have certificate,,6.8,Hồ Chí Minh,Quận 6
14829,130.0,5.0,7.0,,,2.0,3.0,2.0,Have certificate,Basic,3.69,Bình Dương,Thủ Dầu Một
17576,38.0,6.3,3.0,,,5.0,3.0,4.0,Have certificate,,6.15,Hà Nội,Thanh Xuân
29914,32.0,7.0,7.0,,,4.0,4.0,3.0,Have certificate,Basic,5.7,Hồ Chí Minh,Quận 11
895,35.0,4.0,3.0,Đông - Nam,Đông - Nam,5.0,3.0,4.0,Have certificate,Full,4.6,Hà Nội,Long Biên
28169,38.0,5.0,15.0,,,6.0,4.0,5.0,Have certificate,Full,9.9,Hà Nội,Cầu Giấy
2019,68.0,4.1,8.0,,,4.0,5.0,5.0,Have certificate,Full,10.0,Hồ Chí Minh,Gò Vấp
13212,66.0,4.0,8.0,Nam,Nam,4.0,4.0,5.0,,,4.55,Hồ Chí Minh,Quận 12
1340,64.77,4.3,4.0,,,2.0,2.0,2.0,,,6.5,Hồ Chí Minh,Quận 7
8177,54.0,4.7,5.0,,,4.0,4.0,4.0,Have certificate,Full,9.39,Hồ Chí Minh,Bình Thạnh
6467,40.0,4.0,3.0,,,,5.0,,,,4.7,Hà Nội,Hai Bà Trưng
8317,56.0,4.2,6.0,,,5.0,4.0,5.0,Have certificate,Basic,8.5,Hồ Chí Minh,Quận 12
8407,40.0,7.0,7.0,Đông,Đông,2.0,3.0,3.0,Have certificate,Full,2.48,Hồ Chí Minh,Bình Tân
3606,114.0,5.0,8.0,,,4.0,,,Sale contract,,9.7,Bình Dương,Thủ Dầu Một
18673,52.0,5.0,7.0,Tây - Bắc,Tây - Bắc,4.0,4.0,3.0,Have certificate,Full,6.5,Hồ Chí Minh,Nhà Bè
15184,30.0,4.0,3.5,,,5.0,3.0,3.0,Have certificate,Basic,2.55,Hà Nội,Hà Đông
24056,100.0,8.0,12.0,Đông,,1.0,2.0,1.0,Have certificate,,5.07,Hồ Chí Minh,Quận 12
5755,155.0,10.0,5.0,,,,3.0,3.0,Have certificate,,2.3,Lâm Đồng,Đơn Dương
3581,33.0,4.0,5.0,,,2.0,2.0,2.0,Have certificate,,4.6,Hồ Chí Minh,Bình Thạnh
17518,28.0,3.0,2.0,,,,,,Have certificate,,6.65,Hà Nội,Hai Bà Trưng
22395,39.0,3.4,4.0,,,4.0,5.0,4.0,Have certificate,,5.65,Hồ Chí Minh,Phú Nhuận
1688,28.1,29.0,15.0,Đông - Bắc,Đông - Bắc,3.0,3.0,3.0,Have certificate,Basic,9.5,Hồ Chí Minh,Quận 10
29597,48.0,4.0,5.0,Tây,Tây,2.0,2.0,1.0,Have certificate,Full,4.0,Hồ Chí Minh,Bình Tân
2186,62.0,4.1,8.0,,,4.0,4.0,6.0,Have certificate,Full,6.98,Hồ Chí Minh,Gò Vấp
1855,51.0,4.5,3.0,,,3.0,2.0,,Have certificate,,6.98,Hà Nội,Hai Bà Trưng
13094,50.0,7.9,3.5,,,5.0,2.0,,Have certificate,,9.0,Hà Nội,Long Biên
9113,100.0,5.0,13.0,,,3.0,4.0,4.0,,,3.07,Bình Dương,Tân Uyên
3718,40.0,36.0,2.5,,,4.0,3.0,4.0,Have certificate,Full,5.8,Hà Nội,Quận Long Biên
7292,33.0,5.0,5.0,,,5.0,3.0,4.0,,Full,5.3,Hà Nội,Long Biên
20503,30.0,4.0,3.0,,,5.0,,,Have certificate,,5.7,Hà Nội,Thanh Xuân
11024,30.0,3.95,3.5,,,6.0,5.0,5.0,Have certificate,Basic,4.2,Hà Nội,Long Biên
26096,64.0,5.0,7.0,,,3.0,4.0,5.0,Have certificate,Basic,6.0,Bình Dương,Dĩ An
7524,69.0,4.0,35.0,,,1.0,,,Have certificate,,7.15,Hà Nội,Hoàng Mai
