row_id,split
0,train
1,train
2,train
3,train
4,validation
5,train
6,test
7,calibration
8,train
9,validation
10,train
11,train
12,train
13,train
14,train
15,calibration
16,train
17,train
18,train
19,train
20,validation
21,train
22,train
23,train
24,train
25,train
26,train
27,train
28,train
29,train
30,validation
31,train
32,validation
33,test
34,test
35,test
36,train
37,train
38,train
39,calibration
40,train
41,validation
42,train
43,test
44,train
45,train
46,test
47,validation
48,train
49,train
50,train
51,train
52,test
53,train
54,train
55,train
56,train
57,train
58,train
59,train
60,train
61,train
62,validation
63,train
64,calibration
65,train
66,train
67,validation
68,train
69,train
70,validation
71,validation
72,validation
73,validation
74,train
75,train
76,train
77,train
78,validation
79,train
80,validation
81,validation
82,validation
83,train
84,train
85,train
86,train
87,calibration
88,train
89,train
90,validation
91,calibration
92,test
93,train
94,validation
95,train
96,test
97,validation
98,calibration
99,test
100,train
101,train
102,train
103,train
104,train
105,train
106,validation
107,calibration
108,train
109,train
110,train
111,validation
112,calibration
113,train
114,train
115,validation
116,train
117,train
118,validation
119,train
120,train
121,test
122,train
123,train
124,train
125,train
126,train
127,test
128,train
129,train
130,train
131,train
132,calibration
133,train
134,train
135,train
136,train
137,train
138,validation
139,train
140,validation
141,train
142,validation
143,train
144,test
145,calibration
146,train
147,test
148,train
149,train
150,test
151,train
152,train
153,train
154,train
155,train
156,train
157,train
158,train
159,train
160,train
161,validation
162,train
163,calibration
164,validation
165,train
166,train
167,train
168,train
169,train
170,train
171,train
172,train
173,test
174,train
175,train
176,train
177,train
178,validation
179,train
180,train
181,train
182,validation
183,train
184,train
185,validation
186,calibration
187,train
188,train
189,train
190,train
191,validation
192,train
193,calibration
194,train
195,validation
196,test
197,train
198,train
199,test
200,train
201,train
202,train
203,train
204,validation
205,calibration
206,train
207,train
208,train
209,train
210,test
211,train
212,train
213,train
214,test
215,validation
216,test
217,test
218,train
219,train
220,train
221,train
222,train
223,train
224,validation
225,train
226,train
227,validation
228,calibration
229,train
230,test
231,calibration
232,train
233,train
234,train
235,validation
236,train
237,calibration
238,train
239,calibration
240,train
241,train
242,train
243,test
244,train
245,train
246,calibration
247,train
248,train
249,validation
250,test
251,validation
252,validation
253,train
254,train
255,train
256,train
257,train
258,train
259,train
260,validation
261,test
262,calibration
263,test
264,validation
265,calibration
266,train
267,train
268,train
269,train
270,calibration
271,calibration
272,train
273,test
274,test
275,train
276,train
277,train
278,test
279,test
280,test
281,train
282,train
283,test
284,train
285,train
286,validation
287,train
288,test
289,validation
290,test
291,test
292,train
293,validation
294,train
295,train
296,validation
297,train
298,validation
299,train
300,train
301,train
302,validation
303,train
304,train
305,train
306,train
307,calibration
308,train
309,train
310,train
311,train
312,test
313,train
314,train
315,test
316,train
317,train
318,validation
319,train
320,train
321,train
322,train
323,test
324,train
325,calibration
326,validation
327,train
328,train
329,train
330,test
331,train
332,train
333,train
334,test
335,train
336,train
337,train
338,train
339,train
340,train
341,test
342,train
343,calibration
344,test
345,test
346,test
347,train
348,train
349,train
350,validation
351,test
352,train
353,train
354,train
355,train
356,calibration
357,train
358,train
359,train
360,validation
361,train
362,train
363,validation
364,train
365,validation
366,train
367,test
368,train
369,train
370,train
371,train
372,train
373,validation
374,train
375,train
376,train
377,train
378,train
379,train
380,calibration
381,calibration
382,test
383,train
384,calibration
385,train
386,validation
387,validation
388,train
389,validation
390,train
391,train
392,train
393,validation
394,train
395,calibration
396,train
397,test
398,train
399,train
400,calibration
401,test
402,train
403,train
404,train
405,validation
406,train
407,train
408,train
409,train
410,validation
411,train
412,train
413,train
414,train
415,calibration
416,train
417,train
418,train
419,validation
420,validation
421,train
422,train
423,test
424,train
425,calibration
426,train
427,validation
428,test
429,train
430,test
431,calibration
432,train
433,train
434,calibration
435,train
436,train
437,train
438,train
439,train
440,calibration
441,validation
442,train
443,train
444,train
445,train
446,train
447,test
448,train
449,calibration
450,calibration
451,calibration
452,train
453,train
454,train
455,train
456,test
457,train
458,train
459,train
460,train
461,train
462,test
463,validation
464,train
465,train
466,train
467,train
468,validation
469,train
470,train
471,validation
472,train
473,train
474,test
475,validation
476,calibration
477,train
478,validation
479,train
480,test
481,train
482,validation
483,train
484,calibration
485,test
486,train
487,train
488,train
489,train
490,train
491,test
492,train
493,train
494,calibration
495,train
496,train
497,calibration
498,calibration
499,test
500,train
501,test
502,train
503,test
504,train
505,test
506,test
507,train
508,validation
509,train
510,validation
511,validation
512,test
513,train
514,validation
515,validation
516,test
517,train
518,train
519,train
520,train
521,train
522,train
523,validation
524,train
525,train
526,calibration
527,train
528,validation
529,validation
530,train
531,train
532,test
533,train
534,validation
535,train
536,test
537,train
538,test
539,train
540,train
541,train
542,train
543,train
544,train
545,train
546,train
547,calibration
548,validation
549,calibration
550,test
551,validation
552,calibration
553,validation
554,train
555,validation
556,validation
557,train
558,train
559,train
560,train
561,train
562,train
563,train
564,validation
565,calibration
566,validation
567,train
568,train
569,train
570,train
571,train
572,train
573,test
574,train
575,train
576,train
577,train
578,train
579,test
580,validation
581,train
582,train
583,train
584,validation
585,train
586,calibration
587,train
588,train
589,train
590,validation
591,calibration
592,train
593,train
594,validation
595,train
596,validation
597,calibration
598,train
599,calibration
600,validation
601,train
602,train
603,train
604,train
605,train
606,train
607,train
608,train
609,train
610,train
611,validation
612,train
613,train
614,calibration
615,calibration
616,calibration
617,train
618,train
619,train
620,validation
621,test
622,train
623,train
624,test
625,calibration
626,test
627,train
628,validation
629,validation
630,calibration
631,validation
632,train
633,train
634,train
635,train
636,train
637,train
638,train
639,validation
640,test
641,train
642,validation
643,train
644,test
645,validation
646,train
647,train
648,train
649,train
650,train
651,validation
652,validation
653,train
654,train
655,train
656,test
657,test
658,train
659,train
660,train
661,train
662,train
663,train
664,test
665,train
666,validation
667,validation
668,train
669,train
670,validation
671,train
672,train
673,train
674,test
675,train
676,train
677,train
678,train
679,calibration
680,train
681,train
682,train
683,train
684,train
685,validation
686,train
687,train
688,validation
689,validation
690,train
691,train
692,calibration
693,calibration
694,validation
695,train
696,train
697,train
698,train
699,validation
700,train
701,train
702,test
703,validation
704,calibration
705,test
706,train
707,train
708,validation
709,validation
710,train
711,train
712,calibration
713,train
714,validation
715,test
716,train
717,validation
718,test
719,train
720,train
721,train
722,train
723,validation
724,train
725,validation
726,validation
727,train
728,train
729,validation
730,train
731,train
732,train
733,test
734,train
735,train
736,test
737,validation
738,test
739,train
740,train
741,test
742,test
743,train
744,train
745,train
746,calibration
747,test
748,validation
749,train
750,validation
751,calibration
752,test
753,train
754,calibration
755,validation
756,train
757,validation
758,train
759,calibration
760,validation
761,train
762,test
763,train
764,train
765,validation
766,train
767,train
768,train
769,train
770,train
771,train
772,calibration
773,train
774,train
775,test
776,validation
777,calibration
778,train
779,train
780,train
781,train
782,train
783,train
784,validation
785,train
786,train
787,validation
788,train
789,train
790,test
791,train
792,validation
793,train
794,train
795,train
796,calibration
797,train
798,validation
799,train
800,train
801,train
802,test
803,train
804,train
805,validation
806,train
807,train
808,train
809,train
810,train
811,test
812,train
813,train
814,validation
815,train
816,train
817,validation
818,validation
819,train
820,test
821,test
822,train
823,train
824,train
825,train
826,validation
827,train
828,train
829,train
830,train
831,train
832,train
833,train
834,train
835,train
836,train
837,train
838,calibration
839,train
840,train
841,calibration
842,train
843,test
844,validation
845,calibration
846,calibration
847,train
848,train
849,validation
850,train
851,calibration
852,test
853,train
854,validation
855,validation
856,train
857,train
858,validation
859,validation
860,train
861,validation
862,train
863,validation
864,train
865,train
866,test
867,train
868,train
869,train
870,train
871,train
872,test
873,test
874,validation
875,test
876,train
877,train
878,test
879,train
880,test
881,validation
882,train
883,train
884,validation
885,train
886,validation
887,calibration
888,train
889,train
890,test
891,validation
892,calibration
893,train
894,validation
895,calibration
896,test
897,train
898,calibration
899,validation
900,calibration
901,calibration
902,validation
903,train
904,train
905,test
906,train
907,validation
908,train
909,validation
910,train
911,test
912,test
913,train
914,calibration
915,train
916,train
917,train
918,validation
919,calibration
920,calibration
921,train
922,train
923,train
924,train
925,train
926,validation
927,test
928,test
929,validation
930,train
931,train
932,validation
933,calibration
934,train
935,train
936,test
937,train
938,train
939,train
940,calibration
941,train
942,train
943,test
944,validation
945,calibration
946,validation
947,train
948,train
949,train
950,calibration
951,calibration
952,train
953,test
954,validation
955,train
956,train
957,validation
958,train
959,test
960,train
961,train
962,train
963,test
964,train
965,train
966,validation
967,train
968,train
969,train
970,calibration
971,test
972,train
973,train
974,calibration
975,train
976,train
977,calibration
978,train
979,test
980,test
981,train
982,train
983,validation
984,train
985,train
986,train
987,train
988,train
989,train
990,train
991,train
992,validation
993,test
994,train
995,calibration
996,test
997,validation
998,calibration
999,calibration
1000,train
1001,train
1002,train
1003,train
1004,train
1005,train
1006,train
1007,train
1008,calibration
1009,calibration
1010,calibration
1011,validation
1012,train
1013,validation
1014,validation
1015,train
1016,train
1017,train
1018,train
1019,calibration
1020,train
1021,train
1022,train
1023,test
1024,train
1025,train
1026,test
1027,calibration
1028,train
1029,validation
1030,train
1031,train
1032,train
1033,test
1034,validation
1035,test
1036,validation
1037,train
1038,train
1039,train
1040,train
1041,train
1042,train
1043,train
1044,train
1045,test
1046,train
1047,test
1048,train
1049,validation
1050,test
1051,train
1052,calibration
1053,test
1054,validation
1055,train
1056,test
1057,validation
1058,train
1059,train
1060,validation
1061,validation
1062,train
1063,train
1064,calibration
1065,validation
1066,train
1067,train
1068,train
1069,train
1070,validation
1071,train
1072,train
1073,calibration
1074,validation
1075,calibration
1076,train
1077,calibration
1078,test
1079,train
1080,train
1081,train
1082,train
1083,train
1084,train
1085,train
1086,train
1087,test
1088,train
1089,calibration
1090,test
1091,train
1092,test
1093,train
1094,train
1095,validation
1096,train
1097,calibration
1098,train
1099,validation
1100,train
1101,train
1102,train
1103,test
1104,train
1105,train
1106,calibration
1107,validation
1108,train
1109,test
1110,train
1111,train
1112,train
1113,test
1114,train
1115,train
1116,train
1117,train
1118,test
1119,validation
1120,train
1121,test
1122,test
1123,validation
1124,train
1125,train
1126,train
1127,train
1128,validation
1129,train
1130,train
1131,calibration
1132,train
1133,test
1134,calibration
1135,train
1136,train
1137,train
1138,test
1139,calibration
1140,train
1141,validation
1142,train
1143,train
1144,validation
1145,train
1146,train
1147,test
1148,train
1149,train
1150,train
1151,train
1152,calibration
1153,validation
1154,calibration
1155,validation
1156,train
1157,train
1158,train
1159,train
1160,validation
1161,train
1162,train
1163,test
1164,train
1165,train
1166,train
1167,train
1168,validation
1169,validation
1170,train
1171,train
1172,train
1173,train
1174,train
1175,test
1176,train
1177,train
1178,train
1179,test
1180,train
1181,train
1182,test
1183,test
1184,train
1185,train
1186,validation
1187,train
1188,validation
1189,train
1190,test
1191,validation
1192,calibration
1193,train
1194,train
1195,train
1196,train
1197,test
1198,train
1199,train
1200,train
1201,train
1202,test
1203,train
1204,train
1205,train
1206,train
1207,train
1208,train
1209,calibration
1210,train
1211,train
1212,calibration
1213,train
1214,train
1215,test
1216,validation
1217,calibration
1218,train
1219,train
1220,validation
1221,train
1222,validation
1223,validation
1224,calibration
1225,train
1226,train
1227,test
1228,validation
1229,train
1230,calibration
1231,train
1232,validation
1233,validation
1234,calibration
1235,train
1236,train
1237,train
1238,train
1239,calibration
1240,train
1241,calibration
1242,train
1243,test
1244,validation
1245,train
1246,test
1247,train
1248,train
1249,train
1250,validation
1251,train
1252,train
1253,validation
1254,train
1255,test
1256,train
1257,train
1258,train
1259,train
1260,train
1261,calibration
1262,validation
1263,train
1264,validation
1265,validation
1266,test
1267,train
1268,train
1269,train
1270,train
1271,train
1272,train
1273,train
1274,train
1275,train
1276,train
1277,train
1278,test
1279,train
1280,train
1281,validation
1282,test
1283,train
1284,validation
1285,train
1286,train
1287,train
1288,test
1289,calibration
1290,train
1291,train
1292,calibration
1293,validation
1294,train
1295,train
1296,train
1297,train
1298,test
1299,train
1300,train
1301,train
1302,test
1303,train
1304,train
1305,train
1306,train
1307,train
1308,train
1309,train
1310,train
1311,train
1312,calibration
1313,train
1314,train
1315,calibration
1316,validation
1317,train
1318,train
1319,train
1320,train
1321,train
1322,test
1323,test
1324,calibration
1325,validation
1326,calibration
1327,train
1328,validation
1329,train
1330,test
1331,calibration
1332,train
1333,train
1334,train
1335,validation
1336,test
1337,test
1338,validation
1339,test
1340,calibration
1341,train
1342,validation
1343,train
1344,calibration
1345,calibration
1346,test
1347,test
1348,train
1349,train
1350,train
1351,train
1352,train
1353,train
1354,train
1355,train
1356,train
1357,validation
1358,train
1359,train
1360,train
1361,train
1362,train
1363,train
1364,train
1365,train
1366,test
1367,validation
1368,train
1369,train
1370,train
1371,train
1372,train
1373,validation
1374,train
1375,train
1376,train
1377,test
1378,calibration
1379,train
1380,calibration
1381,train
1382,train
1383,train
1384,train
1385,calibration
1386,train
1387,test
1388,test
1389,calibration
1390,train
1391,train
1392,calibration
1393,train
1394,calibration
1395,train
1396,test
1397,train
1398,validation
1399,validation
1400,train
1401,calibration
1402,train
1403,train
1404,train
1405,train
1406,test
1407,calibration
1408,calibration
1409,train
1410,train
1411,test
1412,test
1413,train
1414,test
1415,calibration
1416,train
1417,validation
1418,calibration
1419,validation
1420,train
1421,train
1422,test
1423,calibration
1424,train
1425,validation
1426,test
1427,test
1428,train
1429,train
1430,train
1431,calibration
1432,train
1433,test
1434,test
1435,train
1436,train
1437,train
1438,train
1439,validation
1440,train
1441,test
1442,train
1443,train
1444,test
1445,train
1446,train
1447,calibration
1448,test
1449,train
1450,test
1451,train
1452,train
1453,test
1454,train
1455,train
1456,test
1457,test
1458,train
1459,train
1460,train
1461,calibration
1462,train
1463,train
1464,calibration
1465,train
1466,calibration
1467,train
1468,train
1469,train
1470,test
1471,test
1472,validation
1473,validation
1474,train
1475,test
1476,train
1477,validation
1478,calibration
1479,calibration
1480,calibration
1481,train
1482,test
1483,test
1484,calibration
1485,calibration
1486,train
1487,test
1488,train
1489,test
1490,validation
1491,train
1492,train
1493,train
1494,train
1495,validation
1496,train
1497,calibration
1498,calibration
1499,train
1500,train
1501,train
1502,train
1503,test
1504,train
1505,train
1506,calibration
1507,train
1508,train
1509,train
1510,test
1511,train
1512,test
1513,train
1514,validation
1515,train
1516,train
1517,train
1518,validation
1519,calibration
1520,train
1521,validation
1522,train
1523,train
1524,train
1525,train
1526,validation
1527,train
1528,train
1529,train
1530,test
1531,train
1532,train
1533,train
1534,train
1535,train
1536,test
1537,train
1538,train
1539,calibration
1540,train
1541,calibration
1542,validation
1543,train
1544,train
1545,train
1546,train
1547,train
1548,train
1549,calibration
1550,train
1551,train
1552,validation
1553,test
1554,train
1555,test
1556,train
1557,train
1558,train
1559,validation
1560,train
1561,train
1562,train
1563,validation
1564,calibration
1565,train
1566,validation
1567,validation
1568,train
1569,test
1570,train
1571,train
1572,train
1573,train
1574,train
1575,train
1576,train
1577,calibration
1578,calibration
1579,train
1580,train
1581,train
1582,train
1583,validation
1584,calibration
1585,train
1586,train
1587,train
1588,test
1589,calibration
1590,train
1591,train
1592,validation
1593,train
1594,train
1595,train
1596,train
1597,train
1598,test
1599,train
1600,train
1601,train
1602,train
1603,test
1604,train
1605,validation
1606,train
1607,calibration
1608,calibration
1609,train
1610,test
1611,calibration
1612,test
1613,train
1614,train
1615,validation
1616,test
1617,train
1618,validation
1619,train
1620,train
1621,train
1622,train
1623,train
1624,train
1625,train
1626,train
1627,train
1628,validation
1629,train
1630,train
1631,train
1632,calibration
1633,train
1634,train
1635,test
1636,train
1637,train
1638,validation
1639,validation
1640,validation
1641,train
1642,test
1643,train
1644,train
1645,train
1646,train
1647,train
1648,train
1649,calibration
1650,train
1651,validation
1652,train
1653,train
1654,train
1655,validation
1656,train
1657,train
1658,validation
1659,validation
1660,test
1661,test
1662,train
1663,train
1664,test
1665,train
1666,test
1667,train
1668,test
1669,train
1670,train
1671,train
1672,train
1673,train
1674,train
1675,calibration
1676,test
1677,train
1678,train
1679,train
1680,calibration
1681,train
1682,train
1683,train
1684,test
1685,validation
1686,train
1687,validation
1688,calibration
1689,train
1690,test
1691,validation
1692,calibration
1693,train
1694,train
1695,train
1696,train
1697,train
1698,test
1699,train
1700,train
1701,calibration
1702,train
1703,validation
1704,calibration
1705,train
1706,train
1707,train
1708,train
1709,train
1710,test
1711,train
1712,train
1713,train
1714,calibration
1715,test
1716,train
1717,calibration
1718,validation
1719,train
1720,train
1721,validation
1722,validation
1723,test
1724,train
1725,train
1726,train
1727,train
1728,train
1729,test
1730,test
1731,test
1732,train
1733,train
1734,train
1735,validation
1736,validation
1737,train
1738,test
1739,train
1740,validation
1741,test
1742,validation
1743,validation
1744,validation
1745,train
1746,train
1747,train
1748,validation
1749,train
1750,train
1751,train
1752,train
1753,train
1754,validation
1755,train
1756,train
1757,train
1758,test
1759,train
1760,train
1761,train
1762,train
1763,validation
1764,train
1765,test
1766,train
1767,calibration
1768,calibration
1769,train
1770,train
1771,test
1772,train
1773,train
1774,validation
1775,train
1776,train
1777,train
1778,train
1779,train
1780,calibration
1781,train
1782,train
1783,calibration
1784,train
1785,train
1786,test
1787,train
1788,train
1789,validation
1790,calibration
1791,test
1792,train
1793,train
1794,calibration
1795,validation
1796,train
1797,train
1798,train
1799,train
1800,train
1801,validation
1802,train
1803,validation
1804,test
1805,test
1806,calibration
1807,train
1808,train
1809,train
1810,validation
1811,train
1812,train
1813,calibration
1814,train
1815,test
1816,train
1817,train
1818,test
1819,validation
1820,validation
1821,train
1822,validation
1823,validation
1824,train
1825,validation
1826,train
1827,test
1828,validation
1829,validation
1830,validation
1831,train
1832,train
1833,train
1834,test
1835,calibration
1836,train
1837,test
1838,train
1839,train
1840,train
1841,train
1842,calibration
1843,train
1844,train
1845,validation
1846,train
1847,train
1848,train
1849,train
1850,train
1851,validation
1852,train
1853,train
1854,validation
1855,calibration
1856,train
1857,calibration
1858,validation
1859,train
1860,validation
1861,train
1862,train
1863,validation
1864,train
1865,train
1866,calibration
1867,train
1868,validation
1869,train
1870,train
1871,train
1872,train
1873,train
1874,train
1875,train
1876,train
1877,validation
1878,train
1879,train
1880,calibration
1881,calibration
1882,train
1883,train
1884,train
1885,train
1886,train
1887,validation
1888,train
1889,test
1890,train
1891,validation
1892,validation
1893,train
1894,calibration
1895,train
1896,calibration
1897,train
1898,calibration
1899,train
1900,validation
1901,test
1902,train
1903,train
1904,train
1905,calibration
1906,validation
1907,train
1908,train
1909,train
1910,train
1911,train
1912,test
1913,train
1914,train
1915,test
1916,train
1917,train
1918,train
1919,train
1920,train
1921,test
1922,train
1923,test
1924,train
1925,train
1926,train
1927,calibration
1928,train
1929,validation
1930,train
1931,calibration
1932,train
1933,validation
1934,train
1935,calibration
1936,train
1937,test
1938,calibration
1939,train
1940,train
1941,validation
1942,validation
1943,train
1944,calibration
1945,test
1946,calibration
1947,test
1948,train
1949,train
1950,train
1951,train
1952,validation
1953,calibration
1954,validation
1955,calibration
1956,train
1957,train
1958,train
1959,test
1960,train
1961,train
1962,test
1963,train
1964,train
1965,train
1966,test
1967,calibration
1968,test
1969,train
1970,train
1971,calibration
1972,test
1973,train
1974,train
1975,train
1976,train
1977,train
1978,train
1979,train
1980,train
1981,test
1982,validation
1983,validation
1984,validation
1985,train
1986,validation
1987,train
1988,train
1989,train
1990,train
1991,train
1992,train
1993,train
1994,test
1995,validation
1996,train
1997,validation
1998,train
1999,calibration
2000,train
2001,train
2002,train
2003,train
2004,test
2005,calibration
2006,calibration
2007,train
2008,train
2009,test
2010,train
2011,train
2012,test
2013,train
2014,train
2015,calibration
2016,train
2017,train
2018,train
2019,calibration
2020,train
2021,train
2022,train
2023,train
2024,validation
2025,train
2026,train
2027,train
2028,train
2029,test
2030,train
2031,validation
2032,train
2033,train
2034,test
2035,train
2036,calibration
2037,train
2038,train
2039,train
2040,train
2041,test
2042,train
2043,test
2044,train
2045,train
2046,train
2047,calibration
2048,train
2049,train
2050,train
2051,train
2052,train
2053,validation
2054,calibration
2055,test
2056,validation
2057,train
2058,validation
2059,validation
2060,train
2061,test
2062,train
2063,train
2064,train
2065,train
2066,train
2067,train
2068,train
2069,train
2070,train
2071,train
2072,train
2073,train
2074,train
2075,train
2076,train
2077,train
2078,train
2079,train
2080,train
2081,train
2082,train
2083,validation
2084,test
2085,train
2086,train
2087,train
2088,train
2089,train
2090,train
2091,train
2092,train
2093,validation
2094,calibration
2095,train
2096,train
2097,train
2098,train
2099,train
2100,train
2101,train
2102,train
2103,calibration
2104,train
2105,train
2106,train
2107,train
2108,validation
2109,train
2110,calibration
2111,test
2112,validation
2113,train
2114,train
2115,validation
2116,train
2117,test
2118,validation
2119,test
2120,calibration
2121,train
2122,train
2123,train
2124,validation
2125,calibration
2126,train
2127,validation
2128,train
2129,test
2130,train
2131,train
2132,train
2133,test
2134,train
2135,validation
2136,test
2137,train
2138,train
2139,train
2140,test
2141,test
2142,test
2143,validation
2144,train
2145,train
2146,train
2147,train
2148,train
2149,train
2150,train
2151,validation
2152,calibration
2153,test
2154,train
2155,train
2156,train
2157,test
2158,validation
2159,train
2160,train
2161,train
2162,validation
2163,train
2164,train
2165,calibration
2166,train
2167,validation
2168,test
2169,train
2170,train
2171,test
2172,train
2173,train
2174,train
2175,train
2176,train
2177,train
2178,train
2179,train
2180,train
2181,validation
2182,train
2183,train
2184,train
2185,train
2186,calibration
2187,train
2188,train
2189,train
2190,train
2191,validation
2192,train
2193,train
2194,train
2195,validation
2196,validation
2197,train
2198,train
2199,validation
2200,train
2201,test
2202,train
2203,train
2204,train
2205,train
2206,calibration
2207,train
2208,test
2209,validation
2210,train
2211,validation
2212,train
2213,test
2214,test
2215,train
2216,calibration
2217,validation
2218,calibration
2219,validation
2220,train
2221,test
2222,test
2223,train
2224,train
2225,train
2226,train
2227,test
2228,train
2229,test
2230,train
2231,train
2232,train
2233,train
2234,validation
2235,train
2236,validation
2237,train
2238,train
2239,calibration
2240,test
2241,calibration
2242,validation
2243,calibration
2244,train
2245,validation
2246,train
2247,validation
2248,train
2249,validation
2250,test
2251,validation
2252,train
2253,validation
2254,train
2255,calibration
2256,validation
2257,calibration
2258,train
2259,test
2260,train
2261,train
2262,train
2263,train
2264,train
2265,calibration
2266,test
2267,train
2268,train
2269,train
2270,train
2271,train
2272,calibration
2273,train
2274,train
2275,test
2276,test
2277,test
2278,train
2279,train
2280,test
2281,test
2282,calibration
2283,train
2284,train
2285,calibration
2286,test
2287,train
2288,train
2289,train
2290,train
2291,validation
2292,train
2293,train
2294,validation
2295,calibration
2296,train
2297,validation
2298,train
2299,train
2300,test
2301,train
2302,validation
2303,train
2304,train
2305,train
2306,train
2307,validation
2308,test
2309,validation
2310,test
2311,train
2312,validation
2313,train
2314,validation
2315,train
2316,test
2317,train
2318,train
2319,train
2320,test
2321,validation
2322,validation
2323,train
2324,calibration
2325,test
2326,train
2327,train
2328,train
2329,train
2330,train
2331,test
2332,train
2333,validation
2334,validation
2335,train
2336,train
2337,train
2338,train
2339,train
2340,train
2341,train
2342,test
2343,train
2344,train
2345,train
2346,test
2347,train
2348,train
2349,validation
2350,train
2351,validation
2352,validation
2353,calibration
2354,validation
2355,calibration
2356,validation
2357,calibration
2358,train
2359,train
2360,validation
2361,train
2362,test
2363,calibration
2364,train
2365,train
2366,train
2367,train
2368,validation
2369,validation
2370,validation
2371,train
2372,train
2373,train
2374,calibration
2375,test
2376,train
2377,train
2378,validation
2379,validation
2380,train
2381,train
2382,train
2383,test
2384,train
2385,validation
2386,train
2387,train
2388,test
2389,validation
2390,train
2391,train
2392,train
2393,test
2394,train
2395,train
2396,train
2397,train
2398,validation
2399,train
2400,train
2401,train
2402,validation
2403,train
2404,test
2405,test
2406,test
2407,train
2408,test
2409,train
2410,train
2411,train
2412,train
2413,train
2414,train
2415,calibration
2416,train
2417,train
2418,train
2419,train
2420,train
2421,train
2422,train
2423,train
2424,validation
2425,validation
2426,train
2427,train
2428,validation
2429,validation
2430,calibration
2431,validation
2432,train
2433,train
2434,train
2435,train
2436,train
2437,train
2438,calibration
2439,validation
2440,validation
2441,train
2442,train
2443,validation
2444,train
2445,test
2446,train
2447,validation
2448,train
2449,train
2450,train
2451,train
2452,calibration
2453,train
2454,train
2455,calibration
2456,calibration
2457,test
2458,train
2459,train
2460,train
2461,train
2462,train
2463,test
2464,test
2465,train
2466,train
2467,calibration
2468,train
2469,validation
2470,train
2471,train
2472,train
2473,train
2474,train
2475,validation
2476,test
2477,train
2478,train
2479,train
2480,train
2481,train
2482,train
2483,train
2484,train
2485,test
2486,train
2487,train
2488,train
2489,train
2490,validation
2491,train
2492,train
2493,train
2494,train
2495,train
2496,test
2497,test
2498,train
2499,train
2500,train
2501,test
2502,validation
2503,train
2504,train
2505,calibration
2506,train
2507,test
2508,test
2509,train
2510,train
2511,validation
2512,train
2513,train
2514,train
2515,calibration
2516,train
2517,calibration
2518,test
2519,train
2520,train
2521,train
2522,validation
2523,train
2524,train
2525,validation
2526,train
2527,train
2528,train
2529,train
2530,train
2531,train
2532,test
2533,test
2534,calibration
2535,train
2536,train
2537,train
2538,train
2539,train
2540,test
2541,test
2542,train
2543,train
2544,train
2545,train
2546,train
2547,calibration
2548,train
2549,test
2550,train
2551,train
2552,calibration
2553,validation
2554,validation
2555,validation
2556,train
2557,calibration
2558,train
2559,train
2560,train
2561,test
2562,train
2563,train
2564,test
2565,calibration
2566,test
2567,train
2568,train
2569,train
2570,calibration
2571,test
2572,train
2573,train
2574,train
2575,train
2576,calibration
2577,train
2578,train
2579,test
2580,train
2581,calibration
2582,train
2583,test
2584,train
2585,test
2586,train
2587,train
2588,test
2589,train
2590,train
2591,calibration
2592,test
2593,validation
2594,validation
2595,test
2596,train
2597,calibration
2598,train
2599,calibration
2600,train
2601,train
2602,test
2603,validation
2604,train
2605,train
2606,train
2607,train
2608,train
2609,train
2610,train
2611,train
2612,train
2613,calibration
2614,validation
2615,train
2616,train
2617,test
2618,validation
2619,train
2620,train
2621,train
2622,test
2623,validation
2624,train
2625,train
2626,train
2627,train
2628,train
2629,validation
2630,train
2631,train
2632,train
2633,train
2634,validation
2635,test
2636,train
2637,train
2638,validation
2639,calibration
2640,train
2641,test
2642,calibration
2643,train
2644,calibration
2645,validation
2646,train
2647,test
2648,train
2649,test
2650,train
2651,train
2652,train
2653,train
2654,train
2655,train
2656,validation
2657,train
2658,train
2659,train
2660,train
2661,validation
2662,calibration
2663,train
2664,test
2665,calibration
2666,train
2667,train
2668,train
2669,train
2670,train
2671,train
2672,calibration
2673,train
2674,train
2675,train
2676,test
2677,train
2678,test
2679,train
2680,train
2681,train
2682,train
2683,test
2684,train
2685,validation
2686,train
2687,train
2688,train
2689,calibration
2690,train
2691,train
2692,train
2693,calibration
2694,test
2695,train
2696,calibration
2697,train
2698,train
2699,validation
2700,train
2701,train
2702,train
2703,train
2704,train
2705,train
2706,train
2707,train
2708,calibration
2709,train
2710,calibration
2711,calibration
2712,train
2713,train
2714,test
2715,test
2716,train
2717,train
2718,test
2719,calibration
2720,train
2721,train
2722,calibration
2723,validation
2724,test
2725,train
2726,test
2727,train
2728,train
2729,validation
2730,test
2731,train
2732,validation
2733,train
2734,train
2735,validation
2736,validation
2737,train
2738,train
2739,train
2740,train
2741,train
2742,validation
2743,train
2744,test
2745,train
2746,train
2747,train
2748,validation
2749,train
2750,train
2751,validation
2752,test
2753,calibration
2754,test
2755,train
2756,train
2757,train
2758,train
2759,train
2760,train
2761,train
2762,test
2763,train
2764,test
2765,train
2766,train
2767,test
2768,train
2769,train
2770,train
2771,train
2772,test
2773,train
2774,train
2775,calibration
2776,train
2777,validation
2778,train
2779,train
2780,train
2781,train
2782,train
2783,validation
2784,validation
2785,train
2786,train
2787,train
2788,train
2789,validation
2790,train
2791,train
2792,train
2793,train
2794,train
2795,train
2796,train
2797,test
2798,train
2799,calibration
2800,train
2801,validation
2802,calibration
2803,train
2804,train
2805,test
2806,train
2807,validation
2808,validation
2809,train
2810,train
2811,train
2812,calibration
2813,test
2814,validation
2815,train
2816,calibration
2817,validation
2818,train
2819,test
2820,calibration
2821,train
2822,train
2823,calibration
2824,train
2825,train
2826,train
2827,train
2828,train
2829,train
2830,train
2831,validation
2832,validation
2833,validation
2834,train
2835,train
2836,validation
2837,train
2838,validation
2839,train
2840,train
2841,train
2842,test
2843,train
2844,calibration
2845,calibration
2846,train
2847,train
2848,test
2849,train
2850,train
2851,test
2852,train
2853,train
2854,train
2855,train
2856,test
2857,train
2858,test
2859,train
2860,train
2861,train
2862,validation
2863,train
2864,train
2865,train
2866,calibration
2867,test
2868,test
2869,validation
2870,calibration
2871,train
2872,validation
2873,train
2874,test
2875,train
2876,test
2877,train
2878,train
2879,train
2880,calibration
2881,validation
2882,train
2883,train
2884,test
2885,test
2886,train
2887,train
2888,train
2889,train
2890,train
2891,validation
2892,validation
2893,validation
2894,train
2895,train
2896,train
2897,train
2898,test
2899,train
2900,test
2901,test
2902,train
2903,test
2904,test
2905,calibration
2906,train
2907,test
2908,calibration
2909,train
2910,train
2911,train
2912,validation
2913,train
2914,train
2915,validation
2916,train
2917,train
2918,test
2919,calibration
2920,train
2921,calibration
2922,train
2923,validation
2924,validation
2925,train
2926,train
2927,train
2928,calibration
2929,test
2930,validation
2931,train
2932,test
2933,train
2934,train
2935,train
2936,train
2937,train
2938,train
2939,train
2940,train
2941,validation
2942,train
2943,test
2944,train
2945,train
2946,train
2947,test
2948,validation
2949,test
2950,test
2951,validation
2952,train
2953,train
2954,train
2955,test
2956,train
2957,train
2958,test
2959,train
2960,test
2961,train
2962,train
2963,train
2964,calibration
2965,train
2966,train
2967,train
2968,calibration
2969,train
2970,train
2971,train
2972,train
2973,test
2974,test
2975,train
2976,calibration
2977,train
2978,train
2979,train
2980,test
2981,calibration
2982,test
2983,train
2984,train
2985,train
2986,train
2987,validation
2988,train
2989,train
2990,train
2991,train
2992,test
2993,train
2994,calibration
2995,train
2996,train
2997,validation
2998,train
2999,train
3000,test
3001,train
3002,validation
3003,train
3004,train
3005,train
3006,calibration
3007,train
3008,calibration
3009,train
3010,train
3011,train
3012,train
3013,train
3014,test
3015,train
3016,train
3017,validation
3018,validation
3019,train
3020,calibration
3021,train
3022,train
3023,test
3024,train
3025,train
3026,validation
3027,test
3028,calibration
3029,train
3030,train
3031,test
3032,calibration
3033,train
3034,train
3035,train
3036,train
3037,calibration
3038,validation
3039,train
3040,validation
3041,train
3042,calibration
3043,train
3044,train
3045,test
3046,train
3047,test
3048,train
3049,test
3050,test
3051,train
3052,train
3053,test
3054,train
3055,train
3056,train
3057,train
3058,test
3059,train
3060,validation
3061,train
3062,train
3063,calibration
3064,test
3065,train
3066,train
3067,validation
3068,test
3069,validation
3070,train
3071,train
3072,train
3073,train
3074,validation
3075,train
3076,train
3077,test
3078,train
3079,train
3080,calibration
3081,train
3082,train
3083,train
3084,train
3085,train
3086,train
3087,train
3088,train
3089,train
3090,train
3091,train
3092,validation
3093,train
3094,validation
3095,validation
3096,test
3097,train
3098,train
3099,train
3100,test
3101,train
3102,test
3103,train
3104,train
3105,test
3106,test
3107,train
3108,test
3109,train
3110,train
3111,train
3112,calibration
3113,train
3114,train
3115,test
3116,train
3117,train
3118,train
3119,train
3120,train
3121,train
3122,test
3123,validation
3124,train
3125,train
3126,train
3127,train
3128,test
3129,train
3130,train
3131,train
3132,test
3133,train
3134,train
3135,train
3136,train
3137,validation
3138,train
3139,train
3140,train
3141,validation
3142,train
3143,train
3144,validation
3145,train
3146,validation
3147,train
3148,validation
3149,validation
3150,validation
3151,validation
3152,calibration
3153,validation
3154,test
3155,validation
3156,train
3157,calibration
3158,train
3159,train
3160,test
3161,validation
3162,test
3163,train
3164,train
3165,validation
3166,train
3167,train
3168,validation
3169,test
3170,train
3171,train
3172,test
3173,calibration
3174,train
3175,train
3176,train
3177,validation
3178,validation
3179,train
3180,validation
3181,train
3182,train
3183,train
3184,test
3185,train
3186,validation
3187,train
3188,train
3189,test
3190,train
3191,train
3192,train
3193,test
3194,calibration
3195,train
3196,train
3197,train
3198,train
3199,train
3200,validation
3201,validation
3202,calibration
3203,train
3204,train
3205,train
3206,validation
3207,train
3208,test
3209,train
3210,test
3211,train
3212,validation
3213,train
3214,train
3215,calibration
3216,validation
3217,validation
3218,train
3219,train
3220,validation
3221,validation
3222,test
3223,validation
3224,train
3225,calibration
3226,train
3227,train
3228,train
3229,test
3230,test
3231,train
3232,train
3233,calibration
3234,validation
3235,train
3236,train
3237,train
3238,validation
3239,calibration
3240,validation
3241,train
3242,test
3243,train
3244,validation
3245,train
3246,test
3247,calibration
3248,train
3249,train
3250,calibration
3251,train
3252,train
3253,calibration
3254,train
3255,train
3256,test
3257,train
3258,train
3259,validation
3260,calibration
3261,validation
3262,train
3263,test
3264,train
3265,test
3266,train
3267,train
3268,test
3269,train
3270,test
3271,train
3272,validation
3273,train
3274,train
3275,train
3276,train
3277,validation
3278,train
3279,calibration
3280,train
3281,train
3282,test
3283,train
3284,test
3285,train
3286,test
3287,train
3288,train
3289,train
3290,train
3291,train
3292,train
3293,train
3294,train
3295,validation
3296,validation
3297,validation
3298,test
3299,train
3300,train
3301,train
3302,train
3303,train
3304,validation
3305,train
3306,train
3307,train
3308,test
3309,calibration
3310,calibration
3311,validation
3312,train
3313,train
3314,train
3315,train
3316,test
3317,calibration
3318,test
3319,train
3320,calibration
3321,train
3322,train
3323,train
3324,train
3325,train
3326,validation
3327,train
3328,validation
3329,test
3330,train
3331,train
3332,calibration
3333,train
3334,test
3335,calibration
3336,train
3337,train
3338,validation
3339,train
3340,train
3341,train
3342,train
3343,train
3344,train
3345,train
3346,train
3347,train
3348,train
3349,test
3350,train
3351,train
3352,train
3353,test
3354,train
3355,train
3356,validation
3357,train
3358,train
3359,train
3360,validation
3361,train
3362,train
3363,train
3364,train
3365,validation
3366,train
3367,train
3368,calibration
3369,train
3370,train
3371,calibration
3372,validation
3373,train
3374,train
3375,train
3376,train
3377,train
3378,test
3379,train
3380,train
3381,validation
3382,test
3383,test
3384,train
3385,calibration
3386,test
3387,train
3388,train
3389,train
3390,train
3391,validation
3392,train
3393,train
3394,test
3395,train
3396,test
3397,calibration
3398,test
3399,train
3400,train
3401,validation
3402,test
3403,train
3404,train
3405,train
3406,validation
3407,train
3408,train
3409,train
3410,test
3411,validation
3412,validation
3413,train
3414,train
3415,validation
3416,train
3417,validation
3418,validation
3419,calibration
3420,train
3421,train
3422,calibration
3423,train
3424,train
3425,test
3426,test
3427,test
3428,train
3429,validation
3430,train
3431,train
3432,train
3433,calibration
3434,train
3435,train
3436,train
3437,train
3438,train
3439,calibration
3440,train
3441,test
3442,train
3443,train
3444,validation
3445,train
3446,validation
3447,train
3448,test
3449,train
3450,train
3451,test
3452,validation
3453,train
3454,train
3455,test
3456,train
3457,train
3458,train
3459,train
3460,train
3461,calibration
3462,calibration
3463,validation
3464,train
3465,train
3466,train
3467,validation
3468,train
3469,test
3470,test
3471,train
3472,train
3473,test
3474,test
3475,validation
3476,validation
3477,calibration
3478,train
3479,train
3480,train
3481,train
3482,test
3483,test
3484,validation
3485,train
3486,train
3487,validation
3488,test
3489,train
3490,validation
3491,train
3492,test
3493,train
3494,test
3495,train
3496,train
3497,train
3498,test
3499,calibration
3500,validation
3501,train
3502,train
3503,validation
3504,train
3505,train
3506,train
3507,test
3508,test
3509,train
3510,test
3511,train
3512,calibration
3513,train
3514,train
3515,train
3516,train
3517,train
3518,test
3519,train
3520,train
3521,train
3522,validation
3523,train
3524,train
3525,test
3526,calibration
3527,train
3528,train
3529,calibration
3530,validation
3531,train
3532,validation
3533,train
3534,train
3535,train
3536,train
3537,validation
3538,train
3539,calibration
3540,train
3541,train
3542,train
3543,train
3544,validation
3545,train
3546,train
3547,test
3548,test
3549,train
3550,train
3551,train
3552,train
3553,calibration
3554,train
3555,train
3556,train
3557,train
3558,train
3559,calibration
3560,train
3561,train
3562,calibration
3563,train
3564,train
3565,validation
3566,test
3567,train
3568,train
3569,train
3570,train
3571,calibration
3572,train
3573,train
3574,train
3575,train
3576,train
3577,train
3578,test
3579,test
3580,test
3581,calibration
3582,train
3583,calibration
3584,calibration
3585,test
3586,train
3587,train
3588,test
3589,train
3590,train
3591,train
3592,test
3593,train
3594,test
3595,test
3596,train
3597,train
3598,train
3599,train
3600,train
3601,test
3602,train
3603,train
3604,train
3605,validation
3606,calibration
3607,train
3608,train
3609,validation
3610,train
3611,train
3612,train
3613,train
3614,train
3615,train
3616,train
3617,train
3618,train
3619,train
3620,train
3621,validation
3622,validation
3623,train
3624,train
3625,train
3626,train
3627,train
3628,calibration
3629,train
3630,train
3631,train
3632,calibration
3633,validation
3634,train
3635,test
3636,train
3637,calibration
3638,test
3639,test
3640,train
3641,train
3642,train
3643,test
3644,validation
3645,train
3646,calibration
3647,validation
3648,train
3649,train
3650,validation
3651,train
3652,train
3653,train
3654,validation
3655,train
3656,validation
3657,train
3658,test
3659,train
3660,test
3661,calibration
3662,test
3663,calibration
3664,calibration
3665,train
3666,train
3667,train
3668,validation
3669,calibration
3670,train
3671,train
3672,train
3673,test
3674,train
3675,train
3676,validation
3677,train
3678,train
3679,train
3680,train
3681,calibration
3682,train
3683,train
3684,calibration
3685,train
3686,train
3687,train
3688,validation
3689,train
3690,test
3691,train
3692,train
3693,train
3694,test
3695,train
3696,validation
3697,test
3698,test
3699,train
3700,train
3701,train
3702,test
3703,test
3704,train
3705,train
3706,test
3707,test
3708,validation
3709,calibration
3710,test
3711,test
3712,train
3713,train
3714,calibration
3715,train
3716,validation
3717,train
3718,calibration
3719,train
3720,validation
3721,train
3722,train
3723,validation
3724,train
3725,test
3726,train
3727,train
3728,train
3729,train
3730,calibration
3731,train
3732,validation
3733,calibration
3734,train
3735,test
3736,train
3737,train
3738,train
3739,train
3740,test
3741,train
3742,train
3743,train
3744,train
3745,test
3746,train
3747,train
3748,train
3749,train
3750,train
3751,train
3752,test
3753,train
3754,validation
3755,train
3756,train
3757,train
3758,train
3759,train
3760,train
3761,validation
3762,train
3763,validation
3764,train
3765,train
3766,train
3767,train
3768,validation
3769,test
3770,train
3771,train
3772,train
3773,calibration
3774,train
3775,train
3776,test
3777,train
3778,test
3779,train
3780,test
3781,calibration
3782,train
3783,train
3784,train
3785,calibration
3786,calibration
3787,train
3788,validation
3789,test
3790,validation
3791,train
3792,test
3793,train
3794,train
3795,calibration
3796,train
3797,train
3798,test
3799,test
3800,train
3801,train
3802,train
3803,train
3804,train
3805,train
3806,test
3807,train
3808,train
3809,train
3810,train
3811,train
3812,train
3813,test
3814,train
3815,validation
3816,train
3817,train
3818,validation
3819,validation
3820,test
3821,train
3822,train
3823,calibration
3824,validation
3825,train
3826,train
3827,validation
3828,train
3829,test
3830,train
3831,train
3832,validation
3833,validation
3834,test
3835,train
3836,train
3837,train
3838,train
3839,train
3840,test
3841,validation
3842,test
3843,test
3844,test
3845,train
3846,train
3847,test
3848,train
3849,validation
3850,train
3851,validation
3852,train
3853,train
3854,train
3855,validation
3856,calibration
3857,train
3858,test
3859,train
3860,train
3861,validation
3862,train
3863,train
3864,validation
3865,calibration
3866,train
3867,calibration
3868,train
3869,train
3870,calibration
3871,train
3872,train
3873,validation
3874,test
3875,train
3876,test
3877,validation
3878,train
3879,train
3880,train
3881,train
3882,train
3883,validation
3884,calibration
3885,test
3886,train
3887,validation
3888,train
3889,train
3890,validation
3891,calibration
3892,calibration
3893,train
3894,train
3895,train
3896,train
3897,train
3898,train
3899,train
3900,train
3901,test
3902,train
3903,train
3904,validation
3905,test
3906,train
3907,train
3908,calibration
3909,train
3910,train
3911,train
3912,train
3913,validation
3914,train
3915,train
3916,test
3917,train
3918,train
3919,train
3920,train
3921,train
3922,test
3923,test
3924,validation
3925,train
3926,train
3927,train
3928,test
3929,test
3930,train
3931,test
3932,train
3933,train
3934,train
3935,validation
3936,train
3937,train
3938,calibration
3939,test
3940,train
3941,train
3942,train
3943,train
3944,train
3945,train
3946,test
3947,train
3948,train
3949,test
3950,train
3951,calibration
3952,train
3953,train
3954,train
3955,train
3956,train
3957,train
3958,train
3959,validation
3960,train
3961,calibration
3962,train
3963,train
3964,test
3965,train
3966,calibration
3967,train
3968,validation
3969,train
3970,validation
3971,test
3972,train
3973,train
3974,train
3975,validation
3976,calibration
3977,train
3978,train
3979,test
3980,calibration
3981,train
3982,train
3983,train
3984,train
3985,train
3986,train
3987,validation
3988,validation
3989,train
3990,train
3991,validation
3992,train
3993,test
3994,train
3995,train
3996,train
3997,train
3998,train
3999,train
4000,train
4001,train
4002,calibration
4003,train
4004,train
4005,train
4006,validation
4007,train
4008,train
4009,train
4010,validation
4011,train
4012,train
4013,calibration
4014,calibration
4015,train
4016,calibration
4017,train
4018,train
4019,calibration
4020,train
4021,train
4022,train
4023,validation
4024,train
4025,train
4026,validation
4027,train
4028,test
4029,train
4030,train
4031,validation
4032,validation
4033,validation
4034,test
4035,train
4036,train
4037,test
4038,validation
4039,train
4040,validation
4041,train
4042,train
4043,validation
4044,train
4045,train
4046,train
4047,test
4048,calibration
4049,train
4050,validation
4051,train
4052,validation
4053,train
4054,calibration
4055,train
4056,train
4057,train
4058,test
4059,train
4060,train
4061,train
4062,validation
4063,train
4064,calibration
4065,calibration
4066,validation
4067,train
4068,train
4069,train
4070,test
4071,train
4072,train
4073,train
4074,calibration
4075,train
4076,validation
4077,train
4078,calibration
4079,train
4080,test
4081,train
4082,validation
4083,train
4084,test
4085,train
4086,train
4087,validation
4088,train
4089,train
4090,validation
4091,train
4092,train
4093,test
4094,train
4095,train
4096,calibration
4097,train
4098,train
4099,train
4100,validation
4101,train
4102,validation
4103,train
4104,test
4105,calibration
4106,validation
4107,train
4108,calibration
4109,validation
4110,train
4111,calibration
4112,train
4113,train
4114,train
4115,test
4116,train
4117,train
4118,train
4119,train
4120,test
4121,validation
4122,calibration
4123,train
4124,train
4125,test
4126,calibration
4127,train
4128,train
4129,train
4130,train
4131,train
4132,train
4133,train
4134,train
4135,validation
4136,train
4137,validation
4138,validation
4139,train
4140,test
4141,calibration
4142,validation
4143,test
4144,validation
4145,validation
4146,train
4147,train
4148,test
4149,test
4150,train
4151,validation
4152,train
4153,train
4154,train
4155,train
4156,test
4157,train
4158,train
4159,train
4160,test
4161,validation
4162,calibration
4163,train
4164,train
4165,test
4166,train
4167,train
4168,test
4169,train
4170,test
4171,train
4172,train
4173,calibration
4174,train
4175,train
4176,validation
4177,train
4178,test
4179,train
4180,train
4181,test
4182,train
4183,calibration
4184,train
4185,train
4186,test
4187,train
4188,train
4189,train
4190,validation
4191,validation
4192,train
4193,calibration
4194,train
4195,train
4196,train
4197,train
4198,train
4199,calibration
4200,validation
4201,train
4202,train
4203,test
4204,train
4205,train
4206,test
4207,validation
4208,train
4209,test
4210,calibration
4211,train
4212,validation
4213,validation
4214,train
4215,validation
4216,validation
4217,train
4218,train
4219,validation
4220,test
4221,calibration
4222,calibration
4223,train
4224,train
4225,calibration
4226,train
4227,train
4228,validation
4229,test
4230,train
4231,train
4232,train
4233,validation
4234,train
4235,test
4236,train
4237,validation
4238,train
4239,train
4240,validation
4241,test
4242,train
4243,calibration
4244,validation
4245,calibration
4246,test
4247,train
4248,train
4249,train
4250,validation
4251,train
4252,train
4253,test
4254,test
4255,train
4256,test
4257,train
4258,train
4259,validation
4260,train
4261,train
4262,train
4263,train
4264,calibration
4265,train
4266,train
4267,validation
4268,train
4269,validation
4270,train
4271,calibration
4272,train
4273,test
4274,train
4275,train
4276,validation
4277,train
4278,train
4279,train
4280,train
4281,train
4282,test
4283,train
4284,train
4285,test
4286,validation
4287,validation
4288,calibration
4289,calibration
4290,validation
4291,train
4292,train
4293,validation
4294,calibration
4295,train
4296,test
4297,calibration
4298,train
4299,train
4300,train
4301,train
4302,train
4303,test
4304,train
4305,train
4306,train
4307,train
4308,train
4309,train
4310,train
4311,train
4312,train
4313,train
4314,train
4315,train
4316,calibration
4317,train
4318,train
4319,validation
4320,test
4321,calibration
4322,test
4323,train
4324,train
4325,validation
4326,train
4327,train
4328,train
4329,train
4330,train
4331,train
4332,validation
4333,train
4334,validation
4335,train
4336,test
4337,train
4338,train
4339,test
4340,train
4341,test
4342,train
4343,test
4344,test
4345,calibration
4346,calibration
4347,test
4348,train
4349,train
4350,train
4351,test
4352,calibration
4353,train
4354,train
4355,train
4356,train
4357,train
4358,train
4359,train
4360,train
4361,train
4362,validation
4363,calibration
4364,validation
4365,train
4366,train
4367,train
4368,train
4369,train
4370,train
4371,train
4372,test
4373,train
4374,validation
4375,calibration
4376,calibration
4377,train
4378,train
4379,train
4380,train
4381,train
4382,train
4383,calibration
4384,test
4385,validation
4386,train
4387,validation
4388,train
4389,train
4390,train
4391,test
4392,validation
4393,test
4394,train
4395,validation
4396,train
4397,validation
4398,validation
4399,validation
4400,train
4401,train
4402,validation
4403,train
4404,test
4405,test
4406,train
4407,train
4408,test
4409,train
4410,test
4411,train
4412,train
4413,test
4414,train
4415,train
4416,train
4417,train
4418,train
4419,test
4420,train
4421,test
4422,calibration
4423,train
4424,train
4425,calibration
4426,calibration
4427,calibration
4428,calibration
4429,train
4430,train
4431,calibration
4432,train
4433,train
4434,train
4435,validation
4436,train
4437,train
4438,test
4439,calibration
4440,train
4441,train
4442,train
4443,calibration
4444,train
4445,train
4446,train
4447,calibration
4448,test
4449,test
4450,test
4451,calibration
4452,train
4453,train
4454,calibration
4455,train
4456,train
4457,test
4458,train
4459,validation
4460,validation
4461,test
4462,calibration
4463,train
4464,validation
4465,train
4466,train
4467,validation
4468,train
4469,test
4470,train
4471,train
4472,train
4473,calibration
4474,train
4475,test
4476,train
4477,calibration
4478,train
4479,train
4480,test
4481,validation
4482,train
4483,train
4484,test
4485,train
4486,train
4487,validation
4488,train
4489,train
4490,train
4491,train
4492,train
4493,train
4494,train
4495,train
4496,validation
4497,train
4498,train
4499,validation
4500,train
4501,test
4502,train
4503,train
4504,train
4505,train
4506,train
4507,train
4508,train
4509,train
4510,train
4511,train
4512,train
4513,test
4514,train
4515,train
4516,train
4517,validation
4518,train
4519,test
4520,test
4521,train
4522,validation
4523,validation
4524,calibration
4525,test
4526,train
4527,train
4528,train
4529,validation
4530,train
4531,train
4532,train
4533,train
4534,test
4535,train
4536,train
4537,train
4538,train
4539,train
4540,test
4541,train
4542,train
4543,train
4544,train
4545,validation
4546,validation
4547,train
4548,calibration
4549,train
4550,validation
4551,train
4552,train
4553,train
4554,validation
4555,train
4556,test
4557,train
4558,train
4559,calibration
4560,train
4561,validation
4562,train
4563,train
4564,validation
4565,train
4566,train
4567,train
4568,train
4569,test
4570,train
4571,train
4572,train
4573,train
4574,train
4575,train
4576,train
4577,test
4578,train
4579,test
4580,test
4581,train
4582,train
4583,validation
4584,test
4585,calibration
4586,train
4587,train
4588,train
4589,test
4590,train
4591,train
4592,train
4593,train
4594,calibration
4595,validation
4596,test
4597,train
4598,train
4599,train
4600,train
4601,train
4602,train
4603,train
4604,calibration
4605,train
4606,train
4607,train
4608,train
4609,validation
4610,train
4611,train
4612,train
4613,train
4614,train
4615,train
4616,train
4617,train
4618,train
4619,train
4620,train
4621,train
4622,train
4623,validation
4624,calibration
4625,validation
4626,train
4627,validation
4628,calibration
4629,calibration
4630,train
4631,calibration
4632,train
4633,validation
4634,test
4635,train
4636,train
4637,train
4638,train
4639,test
4640,train
4641,test
4642,validation
4643,validation
4644,train
4645,train
4646,train
4647,train
4648,validation
4649,validation
4650,validation
4651,train
4652,train
4653,validation
4654,train
4655,train
4656,validation
4657,train
4658,validation
4659,test
4660,train
4661,validation
4662,train
4663,validation
4664,train
4665,train
4666,train
4667,test
4668,validation
4669,calibration
4670,train
4671,train
4672,test
4673,calibration
4674,train
4675,train
4676,train
4677,train
4678,validation
4679,test
4680,train
4681,validation
4682,train
4683,train
4684,train
4685,validation
4686,train
4687,train
4688,test
4689,test
4690,validation
4691,train
4692,train
4693,validation
4694,validation
4695,train
4696,validation
4697,validation
4698,validation
4699,test
4700,train
4701,train
4702,test
4703,train
4704,train
4705,train
4706,test
4707,test
4708,train
4709,train
4710,train
4711,validation
4712,train
4713,train
4714,train
4715,train
4716,train
4717,train
4718,train
4719,train
4720,test
4721,train
4722,calibration
4723,train
4724,train
4725,train
4726,train
4727,calibration
4728,validation
4729,train
4730,calibration
4731,validation
4732,validation
4733,train
4734,train
4735,train
4736,train
4737,train
4738,test
4739,test
4740,validation
4741,train
4742,test
4743,validation
4744,test
4745,validation
4746,train
4747,train
4748,train
4749,test
4750,train
4751,test
4752,train
4753,validation
4754,train
4755,train
4756,test
4757,validation
4758,train
4759,train
4760,calibration
4761,train
4762,train
4763,validation
4764,calibration
4765,train
4766,validation
4767,validation
4768,validation
4769,train
4770,train
4771,test
4772,test
4773,train
4774,calibration
4775,train
4776,validation
4777,calibration
4778,train
4779,train
4780,calibration
4781,train
4782,calibration
4783,test
4784,train
4785,train
4786,train
4787,train
4788,train
4789,train
4790,calibration
4791,validation
4792,train
4793,train
4794,test
4795,validation
4796,train
4797,validation
4798,train
4799,train
4800,train
4801,calibration
4802,train
4803,train
4804,validation
4805,train
4806,train
4807,calibration
4808,train
4809,train
4810,test
4811,train
4812,train
4813,test
4814,train
4815,train
4816,train
4817,test
4818,calibration
4819,test
4820,train
4821,train
4822,train
4823,train
4824,train
4825,train
4826,train
4827,train
4828,train
4829,train
4830,calibration
4831,train
4832,test
4833,train
4834,train
4835,train
4836,train
4837,train
4838,train
4839,train
4840,train
4841,calibration
4842,train
4843,calibration
4844,test
4845,test
4846,train
4847,validation
4848,train
4849,validation
4850,test
4851,test
4852,train
4853,train
4854,train
4855,train
4856,train
4857,train
4858,train
4859,train
4860,train
4861,train
4862,train
4863,train
4864,train
4865,calibration
4866,train
4867,test
4868,train
4869,train
4870,train
4871,test
4872,validation
4873,train
4874,validation
4875,train
4876,train
4877,test
4878,train
4879,train
4880,train
4881,train
4882,train
4883,train
4884,test
4885,train
4886,calibration
4887,validation
4888,train
4889,train
4890,test
4891,train
4892,train
4893,train
4894,test
4895,train
4896,train
4897,calibration
4898,train
4899,calibration
4900,test
4901,validation
4902,test
4903,test
4904,train
4905,train
4906,train
4907,validation
4908,train
4909,train
4910,train
4911,train
4912,train
4913,test
4914,calibration
4915,test
4916,train
4917,train
4918,train
4919,train
4920,calibration
4921,train
4922,train
4923,train
4924,validation
4925,train
4926,train
4927,train
4928,validation
4929,validation
4930,calibration
4931,calibration
4932,test
4933,train
4934,train
4935,train
4936,train
4937,train
4938,validation
4939,validation
4940,validation
4941,validation
4942,calibration
4943,train
4944,validation
4945,validation
4946,train
4947,train
4948,train
4949,test
4950,train
4951,train
4952,train
4953,validation
4954,train
4955,test
4956,train
4957,validation
4958,train
4959,train
4960,train
4961,train
4962,train
4963,train
4964,validation
4965,train
4966,validation
4967,train
4968,train
4969,train
4970,train
4971,calibration
4972,train
4973,train
4974,test
4975,validation
4976,train
4977,test
4978,train
4979,train
4980,train
4981,test
4982,test
4983,train
4984,test
4985,test
4986,train
4987,calibration
4988,train
4989,test
4990,train
4991,test
4992,train
4993,train
4994,train
4995,calibration
4996,validation
4997,train
4998,validation
4999,train
5000,train
5001,train
5002,train
5003,train
5004,train
5005,test
5006,test
5007,train
5008,validation
5009,train
5010,train
5011,train
5012,train
5013,train
5014,train
5015,train
5016,validation
5017,train
5018,test
5019,train
5020,train
5021,train
5022,train
5023,train
5024,train
5025,train
5026,test
5027,train
5028,validation
5029,calibration
5030,validation
5031,calibration
5032,train
5033,train
5034,test
5035,test
5036,validation
5037,train
5038,test
5039,train
5040,validation
5041,train
5042,test
5043,validation
5044,train
5045,test
5046,train
5047,train
5048,train
5049,train
5050,train
5051,validation
5052,train
5053,train
5054,train
5055,train
5056,train
5057,train
5058,train
5059,train
5060,train
5061,train
5062,train
5063,train
5064,calibration
5065,train
5066,train
5067,train
5068,train
5069,calibration
5070,train
5071,train
5072,validation
5073,train
5074,train
5075,train
5076,validation
5077,train
5078,train
5079,train
5080,train
5081,test
5082,train
5083,train
5084,train
5085,validation
5086,train
5087,train
5088,train
5089,train
5090,calibration
5091,train
5092,train
5093,train
5094,test
5095,validation
5096,test
5097,train
5098,test
5099,train
5100,test
5101,calibration
5102,train
5103,train
5104,validation
5105,train
5106,train
5107,test
5108,train
5109,train
5110,validation
5111,validation
5112,train
5113,train
5114,test
5115,test
5116,train
5117,validation
5118,validation
5119,validation
5120,train
5121,test
5122,validation
5123,train
5124,validation
5125,train
5126,train
5127,validation
5128,test
5129,calibration
5130,train
5131,train
5132,train
5133,calibration
5134,train
5135,test
5136,train
5137,train
5138,test
5139,test
5140,train
5141,calibration
5142,train
5143,train
5144,train
5145,validation
5146,train
5147,train
5148,test
5149,train
5150,train
5151,train
5152,calibration
5153,train
5154,train
5155,train
5156,train
5157,test
5158,train
5159,train
5160,test
5161,train
5162,calibration
5163,test
5164,train
5165,train
5166,validation
5167,calibration
5168,validation
5169,train
5170,validation
5171,train
5172,test
5173,train
5174,calibration
5175,train
5176,train
5177,calibration
5178,train
5179,train
5180,train
5181,train
5182,train
5183,test
5184,validation
5185,train
5186,test
5187,train
5188,validation
5189,validation
5190,train
5191,validation
5192,train
5193,train
5194,train
5195,test
5196,train
5197,train
5198,train
5199,test
5200,train
5201,test
5202,train
5203,train
5204,train
5205,train
5206,train
5207,calibration
5208,train
5209,validation
5210,test
5211,train
5212,calibration
5213,train
5214,test
5215,test
5216,train
5217,train
5218,test
5219,train
5220,test
5221,test
5222,test
5223,validation
5224,train
5225,test
5226,test
5227,test
5228,train
5229,validation
5230,calibration
5231,train
5232,validation
5233,train
5234,train
5235,validation
5236,test
5237,calibration
5238,train
5239,train
5240,calibration
5241,validation
5242,train
5243,train
5244,train
5245,train
5246,validation
5247,train
5248,validation
5249,train
5250,calibration
5251,train
5252,test
5253,validation
5254,train
5255,train
5256,train
5257,train
5258,validation
5259,train
5260,test
5261,train
5262,train
5263,train
5264,train
5265,train
5266,train
5267,train
5268,train
5269,train
5270,train
5271,train
5272,train
5273,train
5274,train
5275,train
5276,train
5277,train
5278,train
5279,train
5280,train
5281,train
5282,test
5283,train
5284,test
5285,train
5286,test
5287,validation
5288,train
5289,train
5290,train
5291,train
5292,train
5293,calibration
5294,train
5295,train
5296,validation
5297,train
5298,calibration
5299,validation
5300,train
5301,train
5302,calibration
5303,train
5304,test
5305,train
5306,validation
5307,calibration
5308,validation
5309,train
5310,train
5311,train
5312,train
5313,train
5314,validation
5315,train
5316,train
5317,train
5318,train
5319,train
5320,train
5321,train
5322,train
5323,train
5324,validation
5325,test
5326,train
5327,train
5328,calibration
5329,train
5330,calibration
5331,calibration
5332,test
5333,train
5334,train
5335,train
5336,train
5337,validation
5338,train
5339,test
5340,train
5341,train
5342,train
5343,validation
5344,validation
5345,calibration
5346,test
5347,train
5348,test
5349,train
5350,calibration
5351,train
5352,calibration
5353,train
5354,test
5355,calibration
5356,train
5357,train
5358,validation
5359,train
5360,train
5361,validation
5362,train
5363,train
5364,train
5365,validation
5366,train
5367,train
5368,train
5369,train
5370,train
5371,train
5372,train
5373,calibration
5374,validation
5375,validation
5376,validation
5377,train
5378,train
5379,train
5380,train
5381,train
5382,test
5383,test
5384,test
5385,train
5386,train
5387,train
5388,test
5389,train
5390,train
5391,test
5392,calibration
5393,test
5394,train
5395,calibration
5396,train
5397,train
5398,train
5399,train
5400,train
5401,validation
5402,calibration
5403,validation
5404,validation
5405,test
5406,train
5407,validation
5408,validation
5409,train
5410,train
5411,train
5412,validation
5413,train
5414,test
5415,train
5416,train
5417,train
5418,calibration
5419,validation
5420,train
5421,train
5422,calibration
5423,train
5424,train
5425,train
5426,train
5427,validation
5428,validation
5429,calibration
5430,train
5431,validation
5432,train
5433,train
5434,train
5435,validation
5436,validation
5437,validation
5438,train
5439,train
5440,train
5441,train
5442,validation
5443,validation
5444,train
5445,train
5446,validation
5447,train
5448,train
5449,test
5450,train
5451,train
5452,train
5453,test
5454,train
5455,test
5456,test
5457,calibration
5458,train
5459,train
5460,test
5461,train
5462,train
5463,validation
5464,train
5465,validation
5466,test
5467,train
5468,validation
5469,calibration
5470,calibration
5471,train
5472,test
5473,train
5474,train
5475,train
5476,validation
5477,test
5478,train
5479,train
5480,validation
5481,train
5482,validation
5483,calibration
5484,train
5485,train
5486,train
5487,calibration
5488,calibration
5489,validation
5490,train
5491,calibration
5492,train
5493,train
5494,calibration
5495,train
5496,validation
5497,train
5498,train
5499,validation
5500,test
5501,test
5502,train
5503,train
5504,train
5505,test
5506,calibration
5507,train
5508,train
5509,train
5510,train
5511,test
5512,validation
5513,test
5514,train
5515,validation
5516,validation
5517,train
5518,calibration
5519,train
5520,train
5521,train
5522,validation
5523,test
5524,train
5525,calibration
5526,train
5527,calibration
5528,train
5529,train
5530,validation
5531,validation
5532,test
5533,test
5534,train
5535,test
5536,train
5537,validation
5538,validation
5539,calibration
5540,train
5541,train
5542,train
5543,validation
5544,calibration
5545,test
5546,train
5547,train
5548,test
5549,validation
5550,train
5551,test
5552,train
5553,test
5554,train
5555,train
5556,train
5557,train
5558,train
5559,validation
5560,validation
5561,test
5562,calibration
5563,train
5564,test
5565,train
5566,train
5567,train
5568,train
5569,validation
5570,train
5571,train
5572,train
5573,calibration
5574,train
5575,train
5576,test
5577,train
5578,train
5579,train
5580,train
5581,train
5582,train
5583,calibration
5584,train
5585,train
5586,train
5587,train
5588,train
5589,train
5590,train
5591,train
5592,train
5593,validation
5594,train
5595,calibration
5596,validation
5597,calibration
5598,test
5599,train
5600,calibration
5601,test
5602,validation
5603,train
5604,train
5605,train
5606,train
5607,validation
5608,train
5609,train
5610,calibration
5611,train
5612,train
5613,train
5614,calibration
5615,train
5616,validation
5617,train
5618,train
5619,calibration
5620,train
5621,validation
5622,validation
5623,validation
5624,validation
5625,validation
5626,calibration
5627,test
5628,train
5629,train
5630,train
5631,train
5632,calibration
5633,calibration
5634,train
5635,validation
5636,train
5637,train
5638,calibration
5639,validation
5640,test
5641,train
5642,train
5643,train
5644,validation
5645,train
5646,train
5647,test
5648,train
5649,train
5650,train
5651,train
5652,validation
5653,train
5654,test
5655,train
5656,train
5657,test
5658,test
5659,test
5660,train
5661,train
5662,train
5663,train
5664,train
5665,test
5666,validation
5667,train
5668,train
5669,train
5670,train
5671,validation
5672,train
5673,train
5674,train
5675,calibration
5676,train
5677,train
5678,test
5679,test
5680,train
5681,train
5682,train
5683,calibration
5684,calibration
5685,test
5686,train
5687,train
5688,test
5689,train
5690,validation
5691,train
5692,validation
5693,train
5694,calibration
5695,train
5696,validation
5697,test
5698,train
5699,validation
5700,train
5701,train
5702,train
5703,calibration
5704,calibration
5705,test
5706,train
5707,test
5708,train
5709,train
5710,validation
5711,test
5712,test
5713,train
5714,train
5715,test
5716,train
5717,train
5718,train
5719,train
5720,test
5721,train
5722,validation
5723,validation
5724,validation
5725,train
5726,train
5727,train
5728,train
5729,train
5730,train
5731,train
5732,test
5733,calibration
5734,calibration
5735,train
5736,calibration
5737,train
5738,train
5739,train
5740,train
5741,train
5742,test
5743,validation
5744,train
5745,train
5746,test
5747,validation
5748,calibration
5749,test
5750,validation
5751,train
5752,train
5753,train
5754,validation
5755,calibration
5756,train
5757,train
5758,train
5759,calibration
5760,train
5761,validation
5762,test
5763,train
5764,train
5765,train
5766,validation
5767,train
5768,train
5769,train
5770,train
5771,test
5772,train
5773,train
5774,train
5775,train
5776,train
5777,train
5778,train
5779,calibration
5780,calibration
5781,train
5782,train
5783,train
5784,train
5785,train
5786,train
5787,train
5788,train
5789,validation
5790,validation
5791,train
5792,validation
5793,train
5794,train
5795,validation
5796,train
5797,train
5798,train
5799,test
5800,train
5801,train
5802,train
5803,test
5804,test
5805,train
5806,calibration
5807,train
5808,calibration
5809,train
5810,train
5811,train
5812,train
5813,train
5814,train
5815,test
5816,train
5817,train
5818,train
5819,train
5820,train
5821,train
5822,train
5823,train
5824,test
5825,train
5826,train
5827,train
5828,calibration
5829,train
5830,train
5831,validation
5832,calibration
5833,train
5834,train
5835,train
5836,test
5837,calibration
5838,train
5839,calibration
5840,train
5841,train
5842,train
5843,test
5844,train
5845,train
5846,train
5847,train
5848,train
5849,train
5850,train
5851,train
5852,train
5853,test
5854,calibration
5855,validation
5856,train
5857,train
5858,train
5859,train
5860,test
5861,train
5862,train
5863,calibration
5864,test
5865,train
5866,calibration
5867,validation
5868,validation
5869,train
5870,train
5871,test
5872,train
5873,train
5874,train
5875,test
5876,train
5877,train
5878,train
5879,train
5880,train
5881,train
5882,train
5883,test
5884,train
5885,train
5886,test
5887,calibration
5888,validation
5889,calibration
5890,train
5891,train
5892,validation
5893,train
5894,train
5895,train
5896,train
5897,train
5898,validation
5899,train
5900,validation
5901,train
5902,train
5903,train
5904,train
5905,train
5906,train
5907,train
5908,test
5909,validation
5910,validation
5911,train
5912,train
5913,train
5914,train
5915,test
5916,calibration
5917,train
5918,train
5919,train
5920,validation
5921,train
5922,train
5923,train
5924,validation
5925,test
5926,validation
5927,test
5928,train
5929,test
5930,train
5931,train
5932,train
5933,train
5934,train
5935,validation
5936,train
5937,test
5938,train
5939,train
5940,test
5941,calibration
5942,calibration
5943,train
5944,train
5945,train
5946,validation
5947,train
5948,validation
5949,train
5950,train
5951,train
5952,train
5953,test
5954,train
5955,train
5956,calibration
5957,train
5958,train
5959,train
5960,calibration
5961,train
5962,train
5963,train
5964,train
5965,calibration
5966,train
5967,calibration
5968,train
5969,train
5970,calibration
5971,train
5972,train
5973,train
5974,train
5975,test
5976,calibration
5977,train
5978,train
5979,test
5980,test
5981,train
5982,test
5983,train
5984,train
5985,validation
5986,train
5987,train
5988,train
5989,train
5990,train
5991,train
5992,validation
5993,train
5994,train
5995,validation
5996,train
5997,train
5998,train
5999,calibration
6000,test
6001,train
6002,train
6003,test
6004,train
6005,train
6006,train
6007,train
6008,calibration
6009,train
6010,validation
6011,test
6012,train
6013,train
6014,test
6015,validation
6016,train
6017,train
6018,train
6019,train
6020,train
6021,train
6022,train
6023,train
6024,test
6025,train
6026,train
6027,train
6028,train
6029,test
6030,validation
6031,train
6032,test
6033,train
6034,train
6035,calibration
6036,train
6037,train
6038,validation
6039,train
6040,train
6041,train
6042,train
6043,validation
6044,train
6045,train
6046,train
6047,validation
6048,calibration
6049,test
6050,validation
6051,validation
6052,test
6053,calibration
6054,validation
6055,train
6056,train
6057,validation
6058,train
6059,train
6060,train
6061,train
6062,train
6063,train
6064,train
6065,train
6066,train
6067,test
6068,train
6069,test
6070,test
6071,train
6072,validation
6073,train
6074,train
6075,train
6076,validation
6077,train
6078,calibration
6079,calibration
6080,train
6081,train
6082,train
6083,train
6084,validation
6085,validation
6086,train
6087,train
6088,train
6089,train
6090,calibration
6091,test
6092,validation
6093,train
6094,train
6095,train
6096,train
6097,train
6098,validation
6099,validation
6100,train
6101,train
6102,train
6103,train
6104,train
6105,validation
6106,train
6107,train
6108,test
6109,train
6110,train
6111,train
6112,train
6113,train
6114,train
6115,train
6116,train
6117,validation
6118,train
6119,test
6120,test
6121,train
6122,train
6123,train
6124,train
6125,train
6126,test
6127,train
6128,test
6129,train
6130,train
6131,train
6132,train
6133,train
6134,train
6135,calibration
6136,train
6137,train
6138,test
6139,train
6140,train
6141,train
6142,validation
6143,train
6144,train
6145,validation
6146,train
6147,train
6148,test
6149,train
6150,validation
6151,train
6152,train
6153,train
6154,train
6155,train
6156,train
6157,train
6158,train
6159,validation
6160,train
6161,validation
6162,calibration
6163,validation
6164,train
6165,test
6166,validation
6167,calibration
6168,train
6169,train
6170,calibration
6171,train
6172,calibration
6173,test
6174,test
6175,train
6176,train
6177,validation
6178,train
6179,calibration
6180,train
6181,train
6182,train
6183,calibration
6184,train
6185,train
6186,test
6187,calibration
6188,test
6189,train
6190,train
6191,train
6192,train
6193,train
6194,train
6195,validation
6196,train
6197,train
6198,train
6199,train
6200,train
6201,train
6202,test
6203,train
6204,test
6205,validation
6206,test
6207,train
6208,train
6209,train
6210,calibration
6211,train
6212,train
6213,train
6214,test
6215,train
6216,test
6217,train
6218,calibration
6219,validation
6220,calibration
6221,train
6222,train
6223,test
6224,test
6225,train
6226,train
6227,train
6228,train
6229,train
6230,train
6231,train
6232,train
6233,train
6234,validation
6235,test
6236,train
6237,test
6238,calibration
6239,test
6240,validation
6241,test
6242,train
6243,validation
6244,test
6245,train
6246,train
6247,validation
6248,test
6249,train
6250,train
6251,train
6252,calibration
6253,test
6254,train
6255,train
6256,validation
6257,train
6258,test
6259,train
6260,train
6261,train
6262,train
6263,train
6264,train
6265,calibration
6266,validation
6267,test
6268,train
6269,train
6270,train
6271,test
6272,train
6273,train
6274,calibration
6275,train
6276,train
6277,train
6278,train
6279,validation
6280,test
6281,test
6282,calibration
6283,validation
6284,validation
6285,train
6286,train
6287,train
6288,train
6289,train
6290,train
6291,train
6292,validation
6293,train
6294,train
6295,train
6296,train
6297,train
6298,validation
6299,train
6300,train
6301,train
6302,train
6303,train
6304,train
6305,train
6306,calibration
6307,calibration
6308,train
6309,test
6310,train
6311,train
6312,train
6313,train
6314,calibration
6315,train
6316,train
6317,calibration
6318,train
6319,test
6320,train
6321,train
6322,train
6323,train
6324,train
6325,test
6326,calibration
6327,calibration
6328,test
6329,train
6330,train
6331,train
6332,test
6333,train
6334,test
6335,validation
6336,train
6337,validation
6338,train
6339,train
6340,calibration
6341,train
6342,train
6343,train
6344,train
6345,train
6346,train
6347,calibration
6348,validation
6349,train
6350,test
6351,validation
6352,test
6353,train
6354,train
6355,test
6356,validation
6357,train
6358,validation
6359,train
6360,train
6361,train
6362,test
6363,validation
6364,train
6365,validation
6366,test
6367,validation
6368,train
6369,train
6370,train
6371,train
6372,train
6373,validation
6374,validation
6375,calibration
6376,validation
6377,test
6378,validation
6379,test
6380,calibration
6381,train
6382,validation
6383,validation
6384,train
6385,train
6386,train
6387,validation
6388,test
6389,calibration
6390,test
6391,train
6392,test
6393,train
6394,train
6395,test
6396,train
6397,train
6398,train
6399,train
6400,test
6401,train
6402,train
6403,train
6404,test
6405,train
6406,train
6407,calibration
6408,train
6409,train
6410,train
6411,calibration
6412,train
6413,validation
6414,validation
6415,train
6416,train
6417,validation
6418,test
6419,train
6420,train
6421,train
6422,test
6423,calibration
6424,train
6425,test
6426,validation
6427,test
6428,test
6429,train
6430,validation
6431,train
6432,train
6433,test
6434,test
6435,validation
6436,calibration
6437,validation
6438,train
6439,train
6440,test
6441,train
6442,test
6443,train
6444,train
6445,train
6446,train
6447,train
6448,validation
6449,train
6450,train
6451,calibration
6452,train
6453,test
6454,calibration
6455,train
6456,train
6457,train
6458,calibration
6459,validation
6460,test
6461,train
6462,test
6463,validation
6464,calibration
6465,train
6466,train
6467,calibration
6468,train
6469,train
6470,validation
6471,train
6472,calibration
6473,train
6474,validation
6475,train
6476,validation
6477,train
6478,test
6479,train
6480,test
6481,test
6482,test
6483,test
6484,validation
6485,train
6486,validation
6487,train
6488,train
6489,train
6490,train
6491,train
6492,test
6493,validation
6494,train
6495,calibration
6496,calibration
6497,train
6498,test
6499,train
6500,train
6501,calibration
6502,test
6503,train
6504,test
6505,test
6506,train
6507,train
6508,train
6509,validation
6510,train
6511,train
6512,validation
6513,train
6514,train
6515,validation
6516,train
6517,test
6518,train
6519,train
6520,train
6521,train
6522,test
6523,calibration
6524,validation
6525,train
6526,train
6527,test
6528,test
6529,test
6530,calibration
6531,test
6532,validation
6533,train
6534,test
6535,train
6536,train
6537,train
6538,test
6539,train
6540,validation
6541,train
6542,validation
6543,train
6544,train
6545,train
6546,train
6547,validation
6548,train
6549,validation
6550,train
6551,train
6552,test
6553,calibration
6554,train
6555,calibration
6556,train
6557,train
6558,train
6559,train
6560,train
6561,calibration
6562,test
6563,calibration
6564,validation
6565,train
6566,validation
6567,train
6568,calibration
6569,train
6570,train
6571,train
6572,calibration
6573,train
6574,calibration
6575,train
6576,calibration
6577,train
6578,validation
6579,train
6580,train
6581,train
6582,train
6583,train
6584,calibration
6585,validation
6586,train
6587,calibration
6588,train
6589,validation
6590,train
6591,train
6592,validation
6593,train
6594,test
6595,validation
6596,train
6597,train
6598,validation
6599,train
6600,train
6601,calibration
6602,test
6603,train
6604,train
6605,train
6606,train
6607,train
6608,calibration
6609,validation
6610,validation
6611,validation
6612,test
6613,train
6614,validation
6615,train
6616,calibration
6617,calibration
6618,train
6619,train
6620,train
6621,calibration
6622,validation
6623,train
6624,train
6625,train
6626,train
6627,train
6628,test
6629,train
6630,train
6631,test
6632,test
6633,test
6634,test
6635,train
6636,train
6637,train
6638,train
6639,calibration
6640,train
6641,train
6642,calibration
6643,validation
6644,validation
6645,validation
6646,train
6647,train
6648,train
6649,calibration
6650,train
6651,validation
6652,calibration
6653,train
6654,train
6655,train
6656,test
6657,train
6658,train
6659,train
6660,validation
6661,train
6662,validation
6663,test
6664,train
6665,train
6666,calibration
6667,train
6668,train
6669,train
6670,train
6671,train
6672,test
6673,calibration
6674,train
6675,train
6676,test
6677,calibration
6678,train
6679,train
6680,train
6681,train
6682,train
6683,calibration
6684,train
6685,validation
6686,train
6687,calibration
6688,test
6689,test
6690,train
6691,train
6692,train
6693,train
6694,train
6695,train
6696,train
6697,validation
6698,train
6699,train
6700,train
6701,train
6702,train
6703,test
6704,validation
6705,train
6706,validation
6707,train
6708,test
6709,calibration
6710,calibration
6711,train
6712,test
6713,train
6714,train
6715,train
6716,calibration
6717,test
6718,train
6719,train
6720,train
6721,train
6722,train
6723,train
6724,train
6725,test
6726,test
6727,train
6728,validation
6729,train
6730,test
6731,calibration
6732,validation
6733,validation
6734,train
6735,train
6736,train
6737,validation
6738,train
6739,validation
6740,train
6741,train
6742,test
6743,train
6744,train
6745,test
6746,train
6747,train
6748,train
6749,train
6750,train
6751,train
6752,validation
6753,test
6754,train
6755,validation
6756,train
6757,test
6758,train
6759,test
6760,train
6761,train
6762,train
6763,train
6764,train
6765,train
6766,train
6767,validation
6768,train
6769,train
6770,train
6771,train
6772,train
6773,train
6774,validation
6775,train
6776,train
6777,train
6778,test
6779,test
6780,train
6781,validation
6782,calibration
6783,train
6784,train
6785,train
6786,train
6787,train
6788,test
6789,train
6790,train
6791,train
6792,train
6793,train
6794,calibration
6795,train
6796,validation
6797,test
6798,train
6799,train
6800,validation
6801,train
6802,train
6803,calibration
6804,train
6805,train
6806,calibration
6807,validation
6808,train
6809,train
6810,train
6811,train
6812,train
6813,train
6814,test
6815,validation
6816,calibration
6817,train
6818,train
6819,train
6820,train
6821,test
6822,train
6823,train
6824,test
6825,calibration
6826,train
6827,validation
6828,train
6829,train
6830,train
6831,train
6832,train
6833,validation
6834,calibration
6835,train
6836,test
6837,train
6838,train
6839,train
6840,train
6841,train
6842,calibration
6843,train
6844,train
6845,train
6846,train
6847,test
6848,train
6849,train
6850,train
6851,train
6852,train
6853,validation
6854,train
6855,train
6856,validation
6857,validation
6858,train
6859,train
6860,train
6861,train
6862,train
6863,test
6864,train
6865,test
6866,train
6867,train
6868,train
6869,train
6870,test
6871,train
6872,test
6873,train
6874,train
6875,train
6876,test
6877,train
6878,train
6879,test
6880,test
6881,train
6882,train
6883,calibration
6884,train
6885,train
6886,train
6887,test
6888,test
6889,train
6890,train
6891,train
6892,test
6893,train
6894,validation
6895,train
6896,test
6897,validation
6898,train
6899,test
6900,validation
6901,train
6902,test
6903,validation
6904,train
6905,train
6906,test
6907,train
6908,train
6909,test
6910,train
6911,train
6912,test
6913,train
6914,train
6915,calibration
6916,test
6917,train
6918,train
6919,test
6920,train
6921,test
6922,train
6923,validation
6924,validation
6925,test
6926,train
6927,train
6928,train
6929,train
6930,train
6931,train
6932,calibration
6933,train
6934,train
6935,train
6936,train
6937,train
6938,train
6939,test
6940,train
6941,validation
6942,train
6943,validation
6944,train
6945,train
6946,test
6947,train
6948,test
6949,train
6950,train
6951,test
6952,train
6953,train
6954,validation
6955,train
6956,calibration
6957,train
6958,train
6959,train
6960,train
6961,train
6962,train
6963,train
6964,train
6965,test
6966,validation
6967,train
6968,train
6969,train
6970,train
6971,validation
6972,validation
6973,train
6974,train
6975,train
6976,train
6977,test
6978,train
6979,train
6980,calibration
6981,train
6982,train
6983,test
6984,train
6985,validation
6986,train
6987,calibration
6988,train
6989,train
6990,train
6991,validation
6992,train
6993,train
6994,train
6995,train
6996,calibration
6997,calibration
6998,train
6999,train
7000,train
7001,train
7002,train
7003,train
7004,calibration
7005,train
7006,train
7007,train
7008,train
7009,train
7010,calibration
7011,validation
7012,train
7013,train
7014,validation
7015,train
7016,calibration
7017,train
7018,train
7019,train
7020,train
7021,train
7022,validation
7023,train
7024,test
7025,train
7026,calibration
7027,train
7028,validation
7029,validation
7030,test
7031,train
7032,validation
7033,test
7034,train
7035,train
7036,train
7037,validation
7038,train
7039,validation
7040,train
7041,train
7042,train
7043,calibration
7044,train
7045,calibration
7046,train
7047,test
7048,train
7049,train
7050,train
7051,train
7052,train
7053,test
7054,train
7055,train
7056,validation
7057,train
7058,train
7059,train
7060,train
7061,train
7062,validation
7063,test
7064,train
7065,train
7066,calibration
7067,train
7068,train
7069,validation
7070,test
7071,test
7072,validation
7073,calibration
7074,train
7075,train
7076,train
7077,train
7078,train
7079,train
7080,train
7081,train
7082,train
7083,train
7084,train
7085,test
7086,validation
7087,train
7088,validation
7089,train
7090,test
7091,train
7092,train
7093,train
7094,test
7095,train
7096,train
7097,train
7098,train
7099,train
7100,test
7101,train
7102,test
7103,validation
7104,test
7105,train
7106,calibration
7107,test
7108,train
7109,train
7110,train
7111,train
7112,train
7113,test
7114,calibration
7115,train
7116,calibration
7117,test
7118,train
7119,train
7120,validation
7121,train
7122,validation
7123,train
7124,train
7125,train
7126,train
7127,train
7128,train
7129,calibration
7130,validation
7131,train
7132,test
7133,calibration
7134,train
7135,train
7136,test
7137,train
7138,train
7139,train
7140,validation
7141,train
7142,validation
7143,calibration
7144,train
7145,train
7146,validation
7147,calibration
7148,calibration
7149,train
7150,train
7151,train
7152,test
7153,train
7154,train
7155,validation
7156,train
7157,train
7158,calibration
7159,train
7160,calibration
7161,test
7162,validation
7163,validation
7164,train
7165,train
7166,train
7167,train
7168,train
7169,calibration
7170,validation
7171,train
7172,test
7173,train
7174,test
7175,test
7176,train
7177,train
7178,test
7179,train
7180,validation
7181,train
7182,train
7183,train
7184,train
7185,train
7186,validation
7187,calibration
7188,train
7189,train
7190,train
7191,test
7192,train
7193,train
7194,train
7195,train
7196,calibration
7197,train
7198,train
7199,train
7200,train
7201,validation
7202,train
7203,validation
7204,train
7205,train
7206,train
7207,train
7208,train
7209,test
7210,train
7211,calibration
7212,test
7213,train
7214,train
7215,train
7216,calibration
7217,calibration
7218,train
7219,train
7220,test
7221,test
7222,calibration
7223,test
7224,calibration
7225,train
7226,train
7227,train
7228,train
7229,train
7230,train
7231,test
7232,train
7233,train
7234,train
7235,validation
7236,calibration
7237,train
7238,train
7239,validation
7240,train
7241,validation
7242,validation
7243,train
7244,validation
7245,train
7246,train
7247,train
7248,train
7249,train
7250,train
7251,test
7252,train
7253,train
7254,train
7255,test
7256,train
7257,calibration
7258,test
7259,train
7260,train
7261,test
7262,train
7263,train
7264,train
7265,train
7266,train
7267,calibration
7268,train
7269,train
7270,train
7271,train
7272,validation
7273,train
7274,train
7275,train
7276,calibration
7277,test
7278,test
7279,train
7280,train
7281,validation
7282,train
7283,train
7284,train
7285,train
7286,test
7287,validation
7288,train
7289,validation
7290,train
7291,train
7292,calibration
7293,test
7294,train
7295,train
7296,validation
7297,train
7298,train
7299,train
7300,train
7301,test
7302,train
7303,test
7304,validation
7305,test
7306,test
7307,train
7308,train
7309,train
7310,train
7311,train
7312,train
7313,train
7314,validation
7315,train
7316,train
7317,train
7318,train
7319,train
7320,train
7321,train
7322,train
7323,train
7324,validation
7325,test
7326,validation
7327,train
7328,calibration
7329,train
7330,validation
7331,train
7332,validation
7333,train
7334,calibration
7335,test
7336,validation
7337,train
7338,validation
7339,train
7340,calibration
7341,train
7342,validation
7343,calibration
7344,validation
7345,calibration
7346,test
7347,calibration
7348,train
7349,train
7350,validation
7351,train
7352,train
7353,test
7354,train
7355,validation
7356,train
7357,validation
7358,train
7359,validation
7360,train
7361,train
7362,train
7363,calibration
7364,calibration
7365,train
7366,train
7367,train
7368,train
7369,train
7370,train
7371,validation
7372,validation
7373,validation
7374,validation
7375,test
7376,validation
7377,validation
7378,validation
7379,test
7380,train
7381,calibration
7382,train
7383,train
7384,train
7385,calibration
7386,train
7387,train
7388,train
7389,train
7390,train
7391,train
7392,validation
7393,train
7394,train
7395,train
7396,train
7397,train
7398,train
7399,train
7400,train
7401,train
7402,calibration
7403,test
7404,validation
7405,test
7406,test
7407,calibration
7408,train
7409,validation
7410,train
7411,validation
7412,validation
7413,validation
7414,train
7415,train
7416,train
7417,test
7418,train
7419,train
7420,test
7421,train
7422,validation
7423,validation
7424,train
7425,train
7426,train
7427,train
7428,train
7429,train
7430,validation
7431,calibration
7432,validation
7433,validation
7434,calibration
7435,train
7436,train
7437,train
7438,train
7439,train
7440,train
7441,calibration
7442,test
7443,train
7444,train
7445,test
7446,calibration
7447,validation
7448,validation
7449,calibration
7450,train
7451,test
7452,train
7453,train
7454,train
7455,train
7456,train
7457,train
7458,train
7459,train
7460,train
7461,train
7462,train
7463,train
7464,validation
7465,calibration
7466,train
7467,test
7468,train
7469,test
7470,train
7471,train
7472,train
7473,calibration
7474,test
7475,test
7476,train
7477,test
7478,train
7479,train
7480,calibration
7481,train
7482,calibration
7483,train
7484,train
7485,train
7486,test
7487,train
7488,test
7489,train
7490,train
7491,validation
7492,train
7493,validation
7494,train
7495,calibration
7496,validation
7497,test
7498,train
7499,train
7500,test
7501,train
7502,test
7503,test
7504,calibration
7505,test
7506,train
7507,train
7508,calibration
7509,validation
7510,test
7511,train
7512,train
7513,train
7514,test
7515,validation
7516,test
7517,train
7518,train
7519,train
7520,calibration
7521,train
7522,train
7523,train
7524,calibration
7525,train
7526,train
7527,train
7528,train
7529,train
7530,train
7531,calibration
7532,train
7533,train
7534,calibration
7535,train
7536,test
7537,train
7538,train
7539,test
7540,train
7541,train
7542,test
7543,calibration
7544,train
7545,test
7546,train
7547,calibration
7548,validation
7549,train
7550,train
7551,train
7552,test
7553,test
7554,calibration
7555,test
7556,validation
7557,train
7558,train
7559,validation
7560,train
7561,train
7562,validation
7563,train
7564,validation
7565,test
7566,train
7567,test
7568,train
7569,test
7570,test
7571,test
7572,train
7573,calibration
7574,train
7575,validation
7576,train
7577,train
7578,test
7579,train
7580,train
7581,test
7582,train
7583,train
7584,train
7585,test
7586,validation
7587,validation
7588,train
7589,validation
7590,train
7591,train
7592,train
7593,calibration
7594,calibration
7595,calibration
7596,train
7597,calibration
7598,train
7599,train
7600,test
7601,train
7602,train
7603,train
7604,calibration
7605,train
7606,test
7607,calibration
7608,train
7609,test
7610,train
7611,train
7612,train
7613,validation
7614,calibration
7615,train
7616,train
7617,train
7618,train
7619,train
7620,train
7621,validation
7622,validation
7623,train
7624,train
7625,train
7626,train
7627,test
7628,test
7629,train
7630,train
7631,calibration
7632,train
7633,train
7634,train
7635,train
7636,validation
7637,train
7638,train
7639,train
7640,train
7641,train
7642,train
7643,train
7644,train
7645,train
7646,train
7647,test
7648,train
7649,train
7650,test
7651,train
7652,validation
7653,train
7654,train
7655,validation
7656,train
7657,train
7658,train
7659,train
7660,train
7661,calibration
7662,validation
7663,test
7664,train
7665,train
7666,train
7667,train
7668,train
7669,train
7670,train
7671,calibration
7672,train
7673,validation
7674,train
7675,calibration
7676,test
7677,train
7678,train
7679,train
7680,train
7681,calibration
7682,validation
7683,train
7684,calibration
7685,train
7686,train
7687,train
7688,train
7689,train
7690,train
7691,train
7692,train
7693,train
7694,train
7695,train
7696,validation
7697,train
7698,test
7699,train
7700,train
7701,validation
7702,validation
7703,train
7704,train
7705,validation
7706,train
7707,validation
7708,train
7709,train
7710,train
7711,train
7712,calibration
7713,train
7714,train
7715,train
7716,train
7717,calibration
7718,train
7719,validation
7720,train
7721,train
7722,calibration
7723,train
7724,train
7725,test
7726,calibration
7727,train
7728,train
7729,test
7730,validation
7731,train
7732,test
7733,train
7734,train
7735,train
7736,train
7737,train
7738,train
7739,validation
7740,train
7741,train
7742,train
7743,validation
7744,calibration
7745,test
7746,train
7747,test
7748,calibration
7749,train
7750,validation
7751,test
7752,calibration
7753,test
7754,train
7755,test
7756,train
7757,train
7758,train
7759,test
7760,test
7761,train
7762,train
7763,train
7764,train
7765,train
7766,train
7767,test
7768,train
7769,train
7770,validation
7771,train
7772,train
7773,train
7774,train
7775,train
7776,train
7777,validation
7778,validation
7779,test
7780,calibration
7781,test
7782,train
7783,train
7784,train
7785,test
7786,validation
7787,train
7788,train
7789,train
7790,test
7791,train
7792,test
7793,train
7794,test
7795,train
7796,train
7797,train
7798,train
7799,test
7800,test
7801,test
7802,calibration
7803,calibration
7804,validation
7805,validation
7806,train
7807,validation
7808,validation
7809,train
7810,train
7811,test
7812,train
7813,train
7814,calibration
7815,train
7816,validation
7817,train
7818,train
7819,train
7820,train
7821,test
7822,train
7823,train
7824,train
7825,validation
7826,validation
7827,test
7828,test
7829,train
7830,train
7831,train
7832,validation
7833,train
7834,train
7835,train
7836,train
7837,train
7838,train
7839,test
7840,test
7841,test
7842,test
7843,train
7844,calibration
7845,train
7846,calibration
7847,train
7848,train
7849,validation
7850,validation
7851,train
7852,train
7853,train
7854,train
7855,train
7856,train
7857,train
7858,train
7859,validation
7860,train
7861,train
7862,train
7863,train
7864,train
7865,train
7866,train
7867,train
7868,calibration
7869,train
7870,calibration
7871,train
7872,train
7873,validation
7874,train
7875,calibration
7876,train
7877,train
7878,train
7879,train
7880,test
7881,train
7882,train
7883,train
7884,test
7885,validation
7886,test
7887,train
7888,test
7889,test
7890,train
7891,test
7892,train
7893,train
7894,train
7895,train
7896,train
7897,train
7898,calibration
7899,train
7900,train
7901,train
7902,train
7903,train
7904,train
7905,train
7906,train
7907,test
7908,test
7909,validation
7910,train
7911,validation
7912,train
7913,train
7914,train
7915,train
7916,validation
7917,test
7918,test
7919,train
7920,train
7921,calibration
7922,test
7923,train
7924,train
7925,train
7926,train
7927,train
7928,validation
7929,train
7930,test
7931,validation
7932,train
7933,validation
7934,test
7935,train
7936,test
7937,validation
7938,train
7939,train
7940,train
7941,train
7942,train
7943,validation
7944,train
7945,train
7946,train
7947,validation
7948,train
7949,train
7950,train
7951,train
7952,validation
7953,calibration
7954,validation
7955,test
7956,calibration
7957,train
7958,train
7959,train
7960,train
7961,train
7962,train
7963,train
7964,test
7965,train
7966,train
7967,calibration
7968,calibration
7969,train
7970,calibration
7971,train
7972,calibration
7973,train
7974,train
7975,train
7976,test
7977,train
7978,validation
7979,train
7980,train
7981,train
7982,validation
7983,train
7984,train
7985,validation
7986,test
7987,train
7988,train
7989,validation
7990,train
7991,train
7992,train
7993,train
7994,train
7995,calibration
7996,validation
7997,test
7998,train
7999,calibration
8000,train
8001,train
8002,train
8003,validation
8004,train
8005,train
8006,train
8007,train
8008,train
8009,train
8010,train
8011,train
8012,calibration
8013,test
8014,train
8015,train
8016,calibration
8017,validation
8018,train
8019,train
8020,train
8021,train
8022,train
8023,test
8024,calibration
8025,test
8026,validation
8027,train
8028,train
8029,train
8030,validation
8031,train
8032,train
8033,validation
8034,train
8035,train
8036,train
8037,train
8038,train
8039,validation
8040,test
8041,train
8042,train
8043,train
8044,validation
8045,calibration
8046,validation
8047,calibration
8048,train
8049,test
8050,validation
8051,test
8052,train
8053,train
8054,validation
8055,train
8056,train
8057,validation
8058,calibration
8059,train
8060,calibration
8061,train
8062,train
8063,train
8064,train
8065,train
8066,validation
8067,calibration
8068,train
8069,train
8070,train
8071,train
8072,test
8073,train
8074,calibration
8075,train
8076,calibration
8077,calibration
8078,train
8079,test
8080,train
8081,train
8082,test
8083,train
8084,validation
8085,train
8086,validation
8087,validation
8088,train
8089,train
8090,test
8091,test
8092,train
8093,train
8094,train
8095,train
8096,train
8097,train
8098,train
8099,test
8100,train
8101,test
8102,train
8103,train
8104,calibration
8105,train
8106,train
8107,validation
8108,train
8109,validation
8110,train
8111,train
8112,train
8113,validation
8114,train
8115,train
8116,train
8117,calibration
8118,train
8119,train
8120,train
8121,test
8122,train
8123,train
8124,train
8125,train
8126,train
8127,train
8128,train
8129,calibration
8130,validation
8131,validation
8132,test
8133,train
8134,train
8135,test
8136,validation
8137,train
8138,validation
8139,train
8140,train
8141,train
8142,validation
8143,train
8144,test
8145,train
8146,train
8147,test
8148,train
8149,train
8150,train
8151,train
8152,calibration
8153,train
8154,train
8155,train
8156,test
8157,test
8158,test
8159,calibration
8160,train
8161,test
8162,train
8163,calibration
8164,train
8165,validation
8166,calibration
8167,validation
8168,train
8169,train
8170,train
8171,train
8172,train
8173,train
8174,validation
8175,train
8176,train
8177,calibration
8178,train
8179,train
8180,train
8181,train
8182,train
8183,train
8184,test
8185,train
8186,train
8187,calibration
8188,test
8189,train
8190,validation
8191,train
8192,validation
8193,train
8194,test
8195,train
8196,validation
8197,validation
8198,train
8199,train
8200,validation
8201,validation
8202,validation
8203,train
8204,train
8205,calibration
8206,test
8207,train
8208,train
8209,train
8210,train
8211,test
8212,train
8213,train
8214,test
8215,calibration
8216,train
8217,train
8218,test
8219,calibration
8220,train
8221,train
8222,train
8223,test
8224,train
8225,test
8226,train
8227,train
8228,validation
8229,validation
8230,train
8231,train
8232,calibration
8233,train
8234,train
8235,train
8236,train
8237,validation
8238,train
8239,train
8240,test
8241,validation
8242,test
8243,validation
8244,train
8245,train
8246,test
8247,train
8248,test
8249,validation
8250,train
8251,calibration
8252,train
8253,train
8254,train
8255,test
8256,train
8257,train
8258,calibration
8259,validation
8260,train
8261,train
8262,train
8263,train
8264,calibration
8265,train
8266,train
8267,test
8268,train
8269,validation
8270,train
8271,train
8272,train
8273,train
8274,validation
8275,train
8276,train
8277,train
8278,test
8279,test
8280,train
8281,train
8282,train
8283,train
8284,calibration
8285,validation
8286,train
8287,train
8288,train
8289,train
8290,validation
8291,validation
8292,test
8293,test
8294,train
8295,test
8296,train
8297,train
8298,validation
8299,validation
8300,train
8301,train
8302,train
8303,train
8304,test
8305,validation
8306,train
8307,train
8308,validation
8309,test
8310,train
8311,train
8312,train
8313,validation
8314,train
8315,train
8316,test
8317,calibration
8318,test
8319,test
8320,validation
8321,train
8322,train
8323,validation
8324,test
8325,train
8326,calibration
8327,calibration
8328,train
8329,validation
8330,train
8331,test
8332,validation
8333,train
8334,train
8335,validation
8336,train
8337,test
8338,train
8339,train
8340,train
8341,test
8342,train
8343,train
8344,test
8345,train
8346,train
8347,train
8348,test
8349,train
8350,calibration
8351,test
8352,train
8353,calibration
8354,test
8355,test
8356,validation
8357,train
8358,test
8359,train
8360,train
8361,train
8362,train
8363,train
8364,test
8365,train
8366,train
8367,train
8368,train
8369,train
8370,train
8371,calibration
8372,test
8373,test
8374,test
8375,test
8376,validation
8377,test
8378,validation
8379,train
8380,train
8381,calibration
8382,calibration
8383,train
8384,train
8385,train
8386,train
8387,train
8388,train
8389,train
8390,calibration
8391,train
8392,validation
8393,train
8394,test
8395,train
8396,validation
8397,train
8398,test
8399,validation
8400,train
8401,train
8402,train
8403,test
8404,train
8405,train
8406,train
8407,calibration
8408,train
8409,train
8410,validation
8411,train
8412,validation
8413,test
8414,validation
8415,train
8416,test
8417,train
8418,train
8419,validation
8420,train
8421,train
8422,calibration
8423,train
8424,train
8425,train
8426,train
8427,train
8428,train
8429,validation
8430,train
8431,calibration
8432,train
8433,validation
8434,train
8435,train
8436,train
8437,train
8438,train
8439,test
8440,validation
8441,train
8442,train
8443,calibration
8444,train
8445,train
8446,train
8447,train
8448,train
8449,test
8450,calibration
8451,test
8452,validation
8453,train
8454,validation
8455,calibration
8456,train
8457,test
8458,train
8459,validation
8460,train
8461,train
8462,train
8463,calibration
8464,validation
8465,train
8466,test
8467,validation
8468,calibration
8469,calibration
8470,test
8471,train
8472,train
8473,train
8474,train
8475,train
8476,test
8477,validation
8478,calibration
8479,train
8480,train
8481,validation
8482,train
8483,validation
8484,calibration
8485,test
8486,train
8487,train
8488,train
8489,test
8490,train
8491,train
8492,test
8493,train
8494,test
8495,train
8496,calibration
8497,train
8498,validation
8499,validation
8500,test
8501,train
8502,train
8503,validation
8504,test
8505,test
8506,train
8507,validation
8508,validation
8509,validation
8510,validation
8511,validation
8512,train
8513,test
8514,train
8515,validation
8516,train
8517,test
8518,calibration
8519,train
8520,train
8521,train
8522,train
8523,train
8524,calibration
8525,test
8526,train
8527,train
8528,train
8529,calibration
8530,train
8531,train
8532,calibration
8533,train
8534,train
8535,validation
8536,train
8537,validation
8538,test
8539,train
8540,train
8541,train
8542,train
8543,train
8544,calibration
8545,train
8546,train
8547,train
8548,train
8549,calibration
8550,train
8551,train
8552,train
8553,train
8554,train
8555,train
8556,train
8557,validation
8558,train
8559,validation
8560,calibration
8561,test
8562,train
8563,train
8564,train
8565,calibration
8566,train
8567,train
8568,calibration
8569,train
8570,train
8571,train
8572,calibration
8573,train
8574,validation
8575,test
8576,train
8577,train
8578,train
8579,validation
8580,calibration
8581,train
8582,train
8583,train
8584,train
8585,calibration
8586,train
8587,train
8588,train
8589,validation
8590,calibration
8591,train
8592,train
8593,train
8594,train
8595,train
8596,test
8597,validation
8598,train
8599,train
8600,calibration
8601,train
8602,train
8603,train
8604,calibration
8605,train
8606,train
8607,train
8608,train
8609,train
8610,test
8611,train
8612,train
8613,validation
8614,train
8615,test
8616,test
8617,test
8618,calibration
8619,train
8620,validation
8621,train
8622,test
8623,validation
8624,validation
8625,train
8626,train
8627,train
8628,train
8629,train
8630,train
8631,train
8632,train
8633,train
8634,train
8635,train
8636,train
8637,train
8638,train
8639,calibration
8640,train
8641,validation
8642,calibration
8643,test
8644,train
8645,train
8646,train
8647,test
8648,validation
8649,test
8650,train
8651,test
8652,train
8653,validation
8654,train
8655,train
8656,validation
8657,validation
8658,validation
8659,train
8660,validation
8661,train
8662,train
8663,test
8664,train
8665,calibration
8666,validation
8667,train
8668,train
8669,train
8670,test
8671,train
8672,validation
8673,test
8674,train
8675,train
8676,train
8677,train
8678,train
8679,train
8680,validation
8681,train
8682,train
8683,train
8684,calibration
8685,validation
8686,train
8687,test
8688,train
8689,train
8690,train
8691,train
8692,test
8693,train
8694,train
8695,train
8696,test
8697,train
8698,train
8699,calibration
8700,calibration
8701,train
8702,train
8703,train
8704,train
8705,train
8706,train
8707,train
8708,validation
8709,train
8710,train
8711,validation
8712,calibration
8713,calibration
8714,train
8715,train
8716,train
8717,calibration
8718,train
8719,train
8720,train
8721,test
8722,train
8723,calibration
8724,validation
8725,test
8726,train
8727,train
8728,validation
8729,calibration
8730,validation
8731,test
8732,train
8733,validation
8734,train
8735,test
8736,validation
8737,train
8738,validation
8739,test
8740,train
8741,validation
8742,train
8743,test
8744,train
8745,train
8746,train
8747,calibration
8748,validation
8749,train
8750,train
8751,train
8752,train
8753,train
8754,train
8755,train
8756,train
8757,test
8758,train
8759,calibration
8760,validation
8761,test
8762,calibration
8763,train
8764,train
8765,train
8766,train
8767,train
8768,test
8769,train
8770,train
8771,calibration
8772,train
8773,train
8774,train
8775,train
8776,calibration
8777,test
8778,calibration
8779,test
8780,validation
8781,train
8782,train
8783,train
8784,train
8785,train
8786,train
8787,train
8788,train
8789,validation
8790,train
8791,train
8792,validation
8793,train
8794,train
8795,train
8796,validation
8797,train
8798,train
8799,train
8800,train
8801,train
8802,train
8803,train
8804,train
8805,validation
8806,train
8807,test
8808,train
8809,calibration
8810,validation
8811,train
8812,train
8813,train
8814,train
8815,train
8816,train
8817,calibration
8818,validation
8819,test
8820,validation
8821,validation
8822,train
8823,train
8824,test
8825,train
8826,train
8827,test
8828,train
8829,train
8830,train
8831,train
8832,test
8833,train
8834,test
8835,test
8836,validation
8837,calibration
8838,train
8839,train
8840,test
8841,validation
8842,validation
8843,train
8844,train
8845,train
8846,train
8847,train
8848,calibration
8849,train
8850,train
8851,validation
8852,train
8853,train
8854,train
8855,train
8856,test
8857,train
8858,train
8859,train
8860,train
8861,validation
8862,train
8863,train
8864,calibration
8865,train
8866,train
8867,test
8868,train
8869,train
8870,test
8871,validation
8872,train
8873,validation
8874,train
8875,calibration
8876,calibration
8877,calibration
8878,train
8879,train
8880,test
8881,train
8882,train
8883,validation
8884,train
8885,calibration
8886,test
8887,calibration
8888,train
8889,test
8890,train
8891,test
8892,test
8893,train
8894,train
8895,test
8896,train
8897,validation
8898,train
8899,train
8900,test
8901,validation
8902,train
8903,validation
8904,train
8905,train
8906,train
8907,train
8908,test
8909,train
8910,test
8911,train
8912,train
8913,train
8914,train
8915,calibration
8916,train
8917,calibration
8918,validation
8919,validation
8920,train
8921,calibration
8922,validation
8923,train
8924,train
8925,test
8926,calibration
8927,train
8928,train
8929,train
8930,validation
8931,test
8932,test
8933,calibration
8934,train
8935,train
8936,test
8937,validation
8938,calibration
8939,train
8940,train
8941,train
8942,validation
8943,test
8944,test
8945,train
8946,validation
8947,train
8948,train
8949,validation
8950,train
8951,validation
8952,train
8953,validation
8954,train
8955,train
8956,train
8957,train
8958,test
8959,train
8960,train
8961,train
8962,train
8963,train
8964,validation
8965,validation
8966,test
8967,validation
8968,train
8969,train
8970,train
8971,test
8972,test
8973,train
8974,train
8975,train
8976,test
8977,train
8978,test
8979,test
8980,test
8981,train
8982,train
8983,calibration
8984,train
8985,validation
8986,train
8987,train
8988,train
8989,train
8990,train
8991,train
8992,test
8993,test
8994,validation
8995,calibration
8996,train
8997,validation
8998,train
8999,test
9000,test
9001,train
9002,train
9003,test
9004,validation
9005,train
9006,test
9007,train
9008,train
9009,train
9010,train
9011,validation
9012,train
9013,calibration
9014,test
9015,train
9016,train
9017,validation
9018,validation
9019,train
9020,test
9021,train
9022,train
9023,calibration
9024,train
9025,train
9026,train
9027,validation
9028,validation
9029,validation
9030,train
9031,validation
9032,train
9033,train
9034,train
9035,train
9036,train
9037,validation
9038,test
9039,train
9040,test
9041,calibration
9042,train
9043,train
9044,calibration
9045,train
9046,train
9047,calibration
9048,calibration
9049,train
9050,train
9051,train
9052,train
9053,validation
9054,train
9055,train
9056,train
9057,train
9058,train
9059,train
9060,calibration
9061,test
9062,train
9063,train
9064,train
9065,train
9066,validation
9067,train
9068,validation
9069,train
9070,train
9071,test
9072,test
9073,train
9074,train
9075,validation
9076,train
9077,train
9078,train
9079,train
9080,validation
9081,validation
9082,train
9083,train
9084,test
9085,train
9086,train
9087,train
9088,calibration
9089,test
9090,train
9091,test
9092,train
9093,test
9094,train
9095,train
9096,train
9097,calibration
9098,test
9099,validation
9100,train
9101,calibration
9102,train
9103,test
9104,validation
9105,train
9106,train
9107,train
9108,validation
9109,calibration
9110,train
9111,train
9112,test
9113,calibration
9114,calibration
9115,train
9116,test
9117,train
9118,train
9119,train
9120,train
9121,train
9122,train
9123,train
9124,calibration
9125,test
9126,validation
9127,calibration
9128,validation
9129,validation
9130,validation
9131,train
9132,test
9133,train
9134,train
9135,train
9136,train
9137,validation
9138,train
9139,train
9140,train
9141,train
9142,calibration
9143,validation
9144,train
9145,train
9146,train
9147,train
9148,calibration
9149,test
9150,train
9151,calibration
9152,test
9153,train
9154,test
9155,train
9156,train
9157,calibration
9158,train
9159,test
9160,validation
9161,train
9162,test
9163,test
9164,train
9165,train
9166,calibration
9167,calibration
9168,calibration
9169,test
9170,validation
9171,train
9172,train
9173,train
9174,train
9175,train
9176,train
9177,validation
9178,train
9179,train
9180,validation
9181,train
9182,train
9183,test
9184,validation
9185,test
9186,train
9187,train
9188,train
9189,test
9190,train
9191,train
9192,train
9193,validation
9194,test
9195,train
9196,train
9197,train
9198,train
9199,train
9200,train
9201,validation
9202,test
9203,train
9204,train
9205,train
9206,train
9207,train
9208,train
9209,validation
9210,train
9211,train
9212,calibration
9213,validation
9214,test
9215,calibration
9216,calibration
9217,calibration
9218,train
9219,train
9220,validation
9221,validation
9222,train
9223,validation
9224,calibration
9225,calibration
9226,train
9227,validation
9228,train
9229,train
9230,train
9231,validation
9232,train
9233,test
9234,train
9235,train
9236,calibration
9237,test
9238,train
9239,train
9240,train
9241,train
9242,train
9243,train
9244,validation
9245,train
9246,validation
9247,train
9248,test
9249,train
9250,train
9251,train
9252,train
9253,test
9254,test
9255,train
9256,calibration
9257,validation
9258,train
9259,train
9260,train
9261,validation
9262,train
9263,train
9264,train
9265,train
9266,calibration
9267,train
9268,validation
9269,train
9270,train
9271,train
9272,train
9273,test
9274,train
9275,train
9276,test
9277,train
9278,train
9279,train
9280,train
9281,train
9282,train
9283,calibration
9284,validation
9285,calibration
9286,validation
9287,test
9288,train
9289,test
9290,train
9291,validation
9292,train
9293,test
9294,train
9295,train
9296,validation
9297,train
9298,test
9299,test
9300,test
9301,train
9302,train
9303,validation
9304,validation
9305,train
9306,validation
9307,calibration
9308,train
9309,test
9310,validation
9311,train
9312,train
9313,train
9314,validation
9315,test
9316,train
9317,test
9318,train
9319,train
9320,test
9321,train
9322,validation
9323,train
9324,train
9325,train
9326,train
9327,train
9328,test
9329,test
9330,train
9331,validation
9332,train
9333,train
9334,test
9335,train
9336,train
9337,train
9338,validation
9339,train
9340,train
9341,validation
9342,train
9343,train
9344,validation
9345,train
9346,train
9347,validation
9348,train
9349,train
9350,test
9351,train
9352,train
9353,train
9354,validation
9355,calibration
9356,train
9357,train
9358,test
9359,train
9360,validation
9361,train
9362,train
9363,validation
9364,calibration
9365,train
9366,train
9367,calibration
9368,train
9369,train
9370,train
9371,train
9372,train
9373,test
9374,train
9375,train
9376,train
9377,calibration
9378,test
9379,validation
9380,test
9381,train
9382,train
9383,train
9384,train
9385,calibration
9386,train
9387,train
9388,validation
9389,train
9390,train
9391,validation
9392,test
9393,validation
9394,train
9395,train
9396,test
9397,train
9398,calibration
9399,train
9400,train
9401,train
9402,validation
9403,train
9404,validation
9405,train
9406,test
9407,calibration
9408,validation
9409,train
9410,test
9411,train
9412,train
9413,train
9414,test
9415,calibration
9416,train
9417,train
9418,test
9419,train
9420,validation
9421,validation
9422,train
9423,test
9424,train
9425,train
9426,test
9427,train
9428,validation
9429,train
9430,calibration
9431,train
9432,train
9433,validation
9434,test
9435,train
9436,train
9437,calibration
9438,train
9439,train
9440,test
9441,test
9442,train
9443,train
9444,train
9445,train
9446,train
9447,train
9448,train
9449,validation
9450,train
9451,train
9452,train
9453,calibration
9454,calibration
9455,train
9456,train
9457,calibration
9458,train
9459,train
9460,validation
9461,train
9462,train
9463,test
9464,test
9465,train
9466,train
9467,train
9468,train
9469,test
9470,train
9471,train
9472,train
9473,test
9474,calibration
9475,validation
9476,train
9477,train
9478,train
9479,train
9480,test
9481,train
9482,test
9483,calibration
9484,validation
9485,test
9486,train
9487,calibration
9488,train
9489,test
9490,train
9491,validation
9492,train
9493,train
9494,train
9495,train
9496,train
9497,train
9498,train
9499,train
9500,test
9501,calibration
9502,test
9503,train
9504,validation
9505,train
9506,train
9507,train
9508,train
9509,train
9510,calibration
9511,train
9512,test
9513,train
9514,validation
9515,train
9516,train
9517,test
9518,validation
9519,train
9520,test
9521,train
9522,train
9523,train
9524,validation
9525,train
9526,train
9527,train
9528,train
9529,train
9530,validation
9531,calibration
9532,test
9533,train
9534,test
9535,test
9536,validation
9537,calibration
9538,train
9539,test
9540,train
9541,validation
9542,test
9543,calibration
9544,calibration
9545,train
9546,train
9547,train
9548,train
9549,train
9550,calibration
9551,train
9552,train
9553,train
9554,train
9555,test
9556,train
9557,validation
9558,test
9559,test
9560,train
9561,test
9562,train
9563,test
9564,train
9565,train
9566,train
9567,train
9568,test
9569,train
9570,train
9571,validation
9572,validation
9573,test
9574,test
9575,validation
9576,train
9577,validation
9578,train
9579,train
9580,train
9581,validation
9582,train
9583,calibration
9584,train
9585,train
9586,calibration
9587,train
9588,validation
9589,train
9590,validation
9591,validation
9592,train
9593,train
9594,validation
9595,validation
9596,train
9597,train
9598,test
9599,train
9600,calibration
9601,train
9602,calibration
9603,validation
9604,validation
9605,validation
9606,train
9607,train
9608,train
9609,train
9610,train
9611,train
9612,train
9613,calibration
9614,train
9615,validation
9616,train
9617,validation
9618,train
9619,train
9620,train
9621,train
9622,train
9623,validation
9624,validation
9625,test
9626,test
9627,train
9628,train
9629,test
9630,train
9631,validation
9632,test
9633,train
9634,train
9635,train
9636,train
9637,calibration
9638,train
9639,train
9640,calibration
9641,validation
9642,test
9643,calibration
9644,test
9645,train
9646,validation
9647,train
9648,train
9649,train
9650,train
9651,train
9652,validation
9653,train
9654,train
9655,validation
9656,train
9657,train
9658,test
9659,train
9660,train
9661,train
9662,train
9663,calibration
9664,validation
9665,validation
9666,test
9667,train
9668,train
9669,validation
9670,train
9671,train
9672,test
9673,train
9674,train
9675,validation
9676,test
9677,validation
9678,train
9679,calibration
9680,train
9681,test
9682,train
9683,validation
9684,validation
9685,train
9686,train
9687,train
9688,train
9689,train
9690,train
9691,calibration
9692,train
9693,train
9694,train
9695,train
9696,train
9697,train
9698,validation
9699,train
9700,train
9701,test
9702,train
9703,calibration
9704,train
9705,train
9706,train
9707,train
9708,train
9709,train
9710,train
9711,validation
9712,test
9713,train
9714,validation
9715,validation
9716,train
9717,train
9718,train
9719,train
9720,train
9721,train
9722,test
9723,test
9724,train
9725,train
9726,validation
9727,train
9728,train
9729,validation
9730,train
9731,train
9732,validation
9733,validation
9734,train
9735,train
9736,test
9737,test
9738,calibration
9739,train
9740,train
9741,train
9742,train
9743,train
9744,validation
9745,calibration
9746,train
9747,train
9748,train
9749,train
9750,test
9751,train
9752,train
9753,train
9754,train
9755,train
9756,test
9757,calibration
9758,calibration
9759,validation
9760,train
9761,test
9762,validation
9763,train
9764,validation
9765,validation
9766,train
9767,train
9768,train
9769,calibration
9770,train
9771,test
9772,validation
9773,test
9774,test
9775,train
9776,train
9777,train
9778,train
9779,test
9780,train
9781,train
9782,train
9783,train
9784,validation
9785,train
9786,train
9787,test
9788,train
9789,train
9790,train
9791,test
9792,train
9793,calibration
9794,train
9795,train
9796,validation
9797,train
9798,test
9799,train
9800,validation
9801,train
9802,train
9803,train
9804,calibration
9805,train
9806,train
9807,validation
9808,train
9809,train
9810,train
9811,validation
9812,train
9813,train
9814,train
9815,train
9816,train
9817,train
9818,train
9819,train
9820,train
9821,calibration
9822,test
9823,train
9824,train
9825,train
9826,test
9827,train
9828,train
9829,calibration
9830,train
9831,validation
9832,train
9833,validation
9834,validation
9835,train
9836,calibration
9837,validation
9838,test
9839,train
9840,validation
9841,train
9842,validation
9843,train
9844,train
9845,calibration
9846,validation
9847,calibration
9848,validation
9849,train
9850,train
9851,train
9852,validation
9853,train
9854,validation
9855,validation
9856,calibration
9857,test
9858,train
9859,train
9860,train
9861,train
9862,calibration
9863,train
9864,train
9865,validation
9866,train
9867,train
9868,train
9869,train
9870,test
9871,calibration
9872,test
9873,train
9874,train
9875,test
9876,calibration
9877,train
9878,train
9879,validation
9880,test
9881,calibration
9882,train
9883,validation
9884,train
9885,train
9886,calibration
9887,test
9888,train
9889,validation
9890,train
9891,test
9892,train
9893,calibration
9894,calibration
9895,train
9896,train
9897,test
9898,test
9899,train
9900,train
9901,train
9902,test
9903,train
9904,train
9905,validation
9906,validation
9907,train
9908,validation
9909,validation
9910,train
9911,train
9912,train
9913,test
9914,calibration
9915,train
9916,calibration
9917,calibration
9918,test
9919,train
9920,train
9921,train
9922,test
9923,validation
9924,train
9925,validation
9926,validation
9927,train
9928,validation
9929,test
9930,validation
9931,train
9932,test
9933,train
9934,test
9935,train
9936,calibration
9937,train
9938,validation
9939,test
9940,train
9941,validation
9942,test
9943,calibration
9944,train
9945,train
9946,test
9947,validation
9948,train
9949,calibration
9950,validation
9951,train
9952,test
9953,train
9954,train
9955,calibration
9956,train
9957,train
9958,validation
9959,train
9960,validation
9961,train
9962,validation
9963,calibration
9964,train
9965,train
9966,train
9967,train
9968,train
9969,train
9970,calibration
9971,test
9972,train
9973,train
9974,train
9975,test
9976,train
9977,test
9978,train
9979,train
9980,train
9981,calibration
9982,train
9983,train
9984,validation
9985,train
9986,train
9987,test
9988,validation
9989,train
9990,calibration
9991,train
9992,test
9993,validation
9994,test
9995,test
9996,validation
9997,train
9998,train
9999,calibration
10000,train
10001,test
10002,train
10003,train
10004,train
10005,calibration
10006,validation
10007,test
10008,test
10009,train
10010,validation
10011,calibration
10012,test
10013,train
10014,train
10015,train
10016,train
10017,train
10018,calibration
10019,train
10020,train
10021,train
10022,train
10023,validation
10024,validation
10025,train
10026,train
10027,validation
10028,train
10029,train
10030,test
10031,train
10032,train
10033,calibration
10034,train
10035,test
10036,calibration
10037,train
10038,test
10039,validation
10040,train
10041,train
10042,test
10043,train
10044,train
10045,test
10046,validation
10047,train
10048,train
10049,calibration
10050,train
10051,train
10052,train
10053,train
10054,train
10055,train
10056,train
10057,calibration
10058,train
10059,train
10060,train
10061,train
10062,test
10063,train
10064,train
10065,train
10066,validation
10067,train
10068,train
10069,train
10070,train
10071,calibration
10072,train
10073,train
10074,train
10075,train
10076,train
10077,train
10078,train
10079,train
10080,calibration
10081,train
10082,train
10083,test
10084,train
10085,train
10086,train
10087,train
10088,train
10089,train
10090,test
10091,train
10092,test
10093,train
10094,validation
10095,train
10096,calibration
10097,train
10098,test
10099,validation
10100,train
10101,train
10102,calibration
10103,train
10104,test
10105,train
10106,validation
10107,train
10108,train
10109,train
10110,train
10111,train
10112,train
10113,train
10114,test
10115,validation
10116,train
10117,train
10118,train
10119,train
10120,train
10121,train
10122,train
10123,train
10124,test
10125,validation
10126,calibration
10127,test
10128,test
10129,train
10130,train
10131,train
10132,test
10133,test
10134,train
10135,calibration
10136,train
10137,validation
10138,calibration
10139,train
10140,train
10141,train
10142,train
10143,calibration
10144,test
10145,validation
10146,test
10147,train
10148,train
10149,test
10150,train
10151,train
10152,test
10153,test
10154,test
10155,train
10156,train
10157,train
10158,train
10159,train
10160,train
10161,validation
10162,train
10163,train
10164,train
10165,train
10166,train
10167,train
10168,test
10169,calibration
10170,train
10171,validation
10172,train
10173,train
10174,train
10175,test
10176,train
10177,train
10178,train
10179,calibration
10180,train
10181,train
10182,test
10183,calibration
10184,train
10185,test
10186,train
10187,validation
10188,train
10189,test
10190,validation
10191,test
10192,train
10193,test
10194,train
10195,train
10196,train
10197,validation
10198,train
10199,calibration
10200,train
10201,train
10202,validation
10203,train
10204,train
10205,test
10206,test
10207,train
10208,calibration
10209,train
10210,test
10211,calibration
10212,test
10213,train
10214,train
10215,train
10216,train
10217,train
10218,train
10219,calibration
10220,train
10221,train
10222,train
10223,train
10224,train
10225,train
10226,test
10227,train
10228,test
10229,test
10230,validation
10231,test
10232,train
10233,validation
10234,train
10235,calibration
10236,train
10237,train
10238,calibration
10239,train
10240,test
10241,test
10242,train
10243,validation
10244,validation
10245,train
10246,train
10247,train
10248,validation
10249,train
10250,train
10251,train
10252,train
10253,train
10254,train
10255,train
10256,train
10257,train
10258,train
10259,train
10260,test
10261,test
10262,train
10263,train
10264,train
10265,train
10266,train
10267,train
10268,train
10269,test
10270,train
10271,train
10272,test
10273,train
10274,train
10275,train
10276,test
10277,train
10278,train
10279,train
10280,train
10281,train
10282,test
10283,train
10284,train
10285,test
10286,calibration
10287,validation
10288,train
10289,train
10290,test
10291,calibration
10292,train
10293,train
10294,train
10295,validation
10296,test
10297,test
10298,train
10299,train
10300,test
10301,calibration
10302,train
10303,train
10304,train
10305,train
10306,train
10307,train
10308,train
10309,train
10310,validation
10311,train
10312,train
10313,calibration
10314,train
10315,train
10316,validation
10317,validation
10318,calibration
10319,train
10320,train
10321,train
10322,calibration
10323,train
10324,train
10325,train
10326,train
10327,validation
10328,test
10329,train
10330,train
10331,validation
10332,validation
10333,test
10334,calibration
10335,train
10336,train
10337,test
10338,train
10339,test
10340,train
10341,train
10342,test
10343,train
10344,train
10345,train
10346,train
10347,test
10348,calibration
10349,train
10350,train
10351,test
10352,calibration
10353,test
10354,train
10355,train
10356,train
10357,train
10358,calibration
10359,train
10360,calibration
10361,train
10362,train
10363,train
10364,validation
10365,test
10366,train
10367,train
10368,train
10369,train
10370,train
10371,train
10372,train
10373,test
10374,train
10375,train
10376,test
10377,train
10378,test
10379,train
10380,validation
10381,test
10382,train
10383,calibration
10384,train
10385,test
10386,train
10387,test
10388,train
10389,train
10390,validation
10391,train
10392,train
10393,train
10394,train
10395,train
10396,train
10397,calibration
10398,validation
10399,train
10400,validation
10401,train
10402,train
10403,validation
10404,validation
10405,test
10406,test
10407,calibration
10408,train
10409,train
10410,train
10411,train
10412,calibration
10413,train
10414,train
10415,train
10416,train
10417,validation
10418,validation
10419,validation
10420,train
10421,test
10422,calibration
10423,calibration
10424,test
10425,train
10426,train
10427,test
10428,test
10429,train
10430,test
10431,validation
10432,train
10433,train
10434,train
10435,train
10436,validation
10437,calibration
10438,train
10439,train
10440,train
10441,train
10442,train
10443,test
10444,test
10445,test
10446,train
10447,train
10448,validation
10449,train
10450,train
10451,train
10452,train
10453,validation
10454,validation
10455,validation
10456,train
10457,train
10458,train
10459,test
10460,train
10461,train
10462,test
10463,test
10464,train
10465,train
10466,train
10467,train
10468,calibration
10469,test
10470,test
10471,calibration
10472,validation
10473,train
10474,train
10475,test
10476,test
10477,train
10478,train
10479,train
10480,test
10481,train
10482,train
10483,train
10484,train
10485,train
10486,train
10487,train
10488,train
10489,train
10490,train
10491,train
10492,calibration
10493,train
10494,train
10495,test
10496,train
10497,test
10498,train
10499,train
10500,calibration
10501,train
10502,train
10503,train
10504,test
10505,calibration
10506,train
10507,test
10508,train
10509,validation
10510,train
10511,train
10512,test
10513,calibration
10514,train
10515,train
10516,validation
10517,calibration
10518,train
10519,validation
10520,train
10521,train
10522,train
10523,train
10524,calibration
10525,test
10526,train
10527,train
10528,train
10529,train
10530,validation
10531,calibration
10532,validation
10533,train
10534,train
10535,train
10536,test
10537,train
10538,train
10539,train
10540,train
10541,validation
10542,train
10543,test
10544,train
10545,train
10546,train
10547,train
10548,train
10549,train
10550,train
10551,train
10552,validation
10553,validation
10554,train
10555,train
10556,train
10557,validation
10558,train
10559,train
10560,train
10561,validation
10562,train
10563,calibration
10564,validation
10565,train
10566,train
10567,train
10568,train
10569,train
10570,train
10571,train
10572,test
10573,calibration
10574,test
10575,test
10576,train
10577,test
10578,train
10579,test
10580,train
10581,train
10582,train
10583,calibration
10584,train
10585,train
10586,test
10587,train
10588,train
10589,train
10590,train
10591,train
10592,train
10593,train
10594,test
10595,train
10596,train
10597,train
10598,test
10599,train
10600,train
10601,calibration
10602,train
10603,train
10604,train
10605,train
10606,calibration
10607,train
10608,train
10609,train
10610,validation
10611,train
10612,validation
10613,train
10614,train
10615,test
10616,train
10617,train
10618,train
10619,train
10620,test
10621,test
10622,train
10623,train
10624,test
10625,train
10626,train
10627,train
10628,train
10629,train
10630,train
10631,calibration
10632,validation
10633,train
10634,train
10635,train
10636,train
10637,train
10638,train
10639,train
10640,validation
10641,train
10642,train
10643,train
10644,validation
10645,train
10646,train
10647,train
10648,validation
10649,train
10650,validation
10651,train
10652,train
10653,train
10654,test
10655,train
10656,validation
10657,validation
10658,validation
10659,train
10660,train
10661,train
10662,train
10663,train
10664,validation
10665,train
10666,calibration
10667,train
10668,train
10669,calibration
10670,train
10671,train
10672,validation
10673,calibration
10674,calibration
10675,validation
10676,train
10677,train
10678,calibration
10679,train
10680,calibration
10681,train
10682,train
10683,train
10684,test
10685,train
10686,train
10687,calibration
10688,test
10689,validation
10690,train
10691,train
10692,train
10693,validation
10694,train
10695,train
10696,train
10697,test
10698,calibration
10699,validation
10700,test
10701,train
10702,train
10703,train
10704,validation
10705,train
10706,train
10707,train
10708,test
10709,train
10710,test
10711,train
10712,train
10713,train
10714,test
10715,validation
10716,train
10717,train
10718,train
10719,train
10720,train
10721,train
10722,validation
10723,train
10724,train
10725,train
10726,test
10727,test
10728,train
10729,calibration
10730,validation
10731,train
10732,train
10733,train
10734,train
10735,test
10736,train
10737,train
10738,train
10739,test
10740,train
10741,train
10742,test
10743,train
10744,train
10745,train
10746,test
10747,test
10748,train
10749,train
10750,train
10751,train
10752,train
10753,train
10754,train
10755,train
10756,train
10757,validation
10758,train
10759,validation
10760,train
10761,test
10762,train
10763,train
10764,train
10765,test
10766,train
10767,train
10768,validation
10769,train
10770,train
10771,train
10772,train
10773,calibration
10774,train
10775,calibration
10776,calibration
10777,test
10778,validation
10779,train
10780,validation
10781,train
10782,train
10783,train
10784,test
10785,train
10786,train
10787,train
10788,train
10789,train
10790,test
10791,train
10792,validation
10793,train
10794,train
10795,train
10796,calibration
10797,validation
10798,train
10799,train
10800,train
10801,validation
10802,train
10803,train
10804,validation
10805,train
10806,train
10807,validation
10808,train
10809,test
10810,train
10811,train
10812,train
10813,train
10814,train
10815,train
10816,train
10817,train
10818,train
10819,train
10820,train
10821,train
10822,train
10823,test
10824,test
10825,calibration
10826,test
10827,test
10828,calibration
10829,test
10830,test
10831,train
10832,train
10833,train
10834,calibration
10835,train
10836,train
10837,train
10838,train
10839,calibration
10840,train
10841,train
10842,calibration
10843,test
10844,calibration
10845,train
10846,train
10847,train
10848,train
10849,train
10850,validation
10851,train
10852,train
10853,train
10854,train
10855,test
10856,train
10857,train
10858,train
10859,test
10860,calibration
10861,calibration
10862,test
10863,train
10864,train
10865,test
10866,calibration
10867,train
10868,test
10869,train
10870,train
10871,calibration
10872,train
10873,train
10874,train
10875,train
10876,validation
10877,test
10878,validation
10879,train
10880,test
10881,validation
10882,validation
10883,train
10884,train
10885,train
10886,train
10887,test
10888,train
10889,train
10890,test
10891,train
10892,train
10893,calibration
10894,train
10895,train
10896,train
10897,train
10898,test
10899,train
10900,train
10901,test
10902,train
10903,train
10904,test
10905,train
10906,train
10907,validation
10908,calibration
10909,validation
10910,train
10911,train
10912,validation
10913,train
10914,train
10915,train
10916,calibration
10917,train
10918,train
10919,test
10920,train
10921,validation
10922,validation
10923,train
10924,validation
10925,train
10926,train
10927,train
10928,validation
10929,train
10930,test
10931,calibration
10932,train
10933,train
10934,train
10935,test
10936,train
10937,train
10938,train
10939,train
10940,calibration
10941,train
10942,train
10943,test
10944,train
10945,validation
10946,train
10947,test
10948,train
10949,test
10950,train
10951,train
10952,train
10953,train
10954,train
10955,train
10956,train
10957,test
10958,test
10959,test
10960,calibration
10961,train
10962,train
10963,train
10964,train
10965,calibration
10966,validation
10967,validation
10968,train
10969,train
10970,calibration
10971,train
10972,train
10973,train
10974,validation
10975,train
10976,train
10977,train
10978,train
10979,train
10980,validation
10981,train
10982,validation
10983,train
10984,test
10985,calibration
10986,validation
10987,train
10988,train
10989,test
10990,test
10991,validation
10992,test
10993,test
10994,validation
10995,train
10996,train
10997,calibration
10998,train
10999,train
11000,validation
11001,train
11002,train
11003,calibration
11004,calibration
11005,train
11006,validation
11007,train
11008,calibration
11009,calibration
11010,test
11011,calibration
11012,test
11013,train
11014,train
11015,train
11016,train
11017,train
11018,train
11019,train
11020,train
11021,calibration
11022,train
11023,train
11024,calibration
11025,calibration
11026,validation
11027,calibration
11028,train
11029,train
11030,train
11031,test
11032,test
11033,validation
11034,train
11035,train
11036,train
11037,validation
11038,test
11039,train
11040,validation
11041,calibration
11042,calibration
11043,train
11044,test
11045,train
11046,calibration
11047,calibration
11048,test
11049,calibration
11050,train
11051,train
11052,test
11053,train
11054,calibration
11055,train
11056,validation
11057,train
11058,calibration
11059,validation
11060,train
11061,test
11062,train
11063,train
11064,train
11065,train
11066,train
11067,test
11068,validation
11069,train
11070,train
11071,test
11072,test
11073,train
11074,test
11075,validation
11076,train
11077,train
11078,train
11079,train
11080,train
11081,test
11082,validation
11083,validation
11084,validation
11085,train
11086,train
11087,train
11088,train
11089,train
11090,train
11091,train
11092,train
11093,train
11094,validation
11095,validation
11096,train
11097,train
11098,train
11099,validation
11100,train
11101,train
11102,train
11103,train
11104,train
11105,test
11106,train
11107,test
11108,train
11109,train
11110,train
11111,train
11112,train
11113,train
11114,train
11115,calibration
11116,calibration
11117,train
11118,calibration
11119,calibration
11120,train
11121,calibration
11122,validation
11123,train
11124,train
11125,train
11126,validation
11127,train
11128,validation
11129,test
11130,train
11131,test
11132,test
11133,train
11134,test
11135,train
11136,calibration
11137,train
11138,train
11139,train
11140,train
11141,validation
11142,train
11143,calibration
11144,calibration
11145,test
11146,test
11147,train
11148,train
11149,train
11150,test
11151,calibration
11152,train
11153,train
11154,validation
11155,train
11156,validation
11157,train
11158,train
11159,train
11160,test
11161,train
11162,validation
11163,train
11164,train
11165,calibration
11166,train
11167,train
11168,validation
11169,train
11170,train
11171,train
11172,calibration
11173,train
11174,train
11175,test
11176,train
11177,test
11178,train
11179,train
11180,train
11181,train
11182,train
11183,train
11184,train
11185,train
11186,train
11187,train
11188,test
11189,validation
11190,train
11191,validation
11192,train
11193,validation
11194,test
11195,test
11196,calibration
11197,train
11198,validation
11199,train
11200,validation
11201,validation
11202,train
11203,train
11204,calibration
11205,train
11206,test
11207,train
11208,train
11209,validation
11210,validation
11211,train
11212,test
11213,train
11214,validation
11215,test
11216,test
11217,calibration
11218,train
11219,validation
11220,train
11221,train
11222,train
11223,train
11224,validation
11225,train
11226,calibration
11227,train
11228,calibration
11229,test
11230,train
11231,train
11232,train
11233,calibration
11234,train
11235,train
11236,validation
11237,train
11238,train
11239,train
11240,train
11241,validation
11242,test
11243,validation
11244,calibration
11245,train
11246,validation
11247,test
11248,test
11249,train
11250,calibration
11251,train
11252,train
11253,train
11254,train
11255,calibration
11256,train
11257,validation
11258,train
11259,train
11260,validation
11261,train
11262,validation
11263,train
11264,train
11265,test
11266,test
11267,train
11268,validation
11269,train
11270,train
11271,calibration
11272,train
11273,validation
11274,train
11275,test
11276,test
11277,validation
11278,calibration
11279,train
11280,validation
11281,train
11282,test
11283,train
11284,train
11285,validation
11286,validation
11287,test
11288,test
11289,calibration
11290,calibration
11291,train
11292,validation
11293,train
11294,validation
11295,calibration
11296,train
11297,train
11298,train
11299,train
11300,train
11301,train
11302,train
11303,train
11304,train
11305,train
11306,validation
11307,validation
11308,train
11309,test
11310,train
11311,calibration
11312,train
11313,train
11314,train
11315,test
11316,validation
11317,train
11318,calibration
11319,train
11320,train
11321,train
11322,train
11323,calibration
11324,train
11325,train
11326,test
11327,calibration
11328,train
11329,validation
11330,validation
11331,test
11332,validation
11333,train
11334,train
11335,test
11336,train
11337,train
11338,validation
11339,calibration
11340,train
11341,validation
11342,test
11343,calibration
11344,train
11345,train
11346,train
11347,train
11348,train
11349,calibration
11350,train
11351,validation
11352,train
11353,train
11354,validation
11355,test
11356,test
11357,train
11358,calibration
11359,train
11360,train
11361,test
11362,train
11363,calibration
11364,train
11365,test
11366,train
11367,train
11368,test
11369,validation
11370,train
11371,train
11372,train
11373,train
11374,validation
11375,train
11376,test
11377,validation
11378,test
11379,train
11380,train
11381,train
11382,train
11383,validation
11384,train
11385,train
11386,train
11387,calibration
11388,validation
11389,test
11390,calibration
11391,validation
11392,train
11393,test
11394,train
11395,train
11396,train
11397,train
11398,test
11399,train
11400,train
11401,calibration
11402,test
11403,calibration
11404,train
11405,test
11406,train
11407,train
11408,calibration
11409,calibration
11410,train
11411,calibration
11412,train
11413,train
11414,validation
11415,train
11416,calibration
11417,test
11418,test
11419,train
11420,test
11421,calibration
11422,train
11423,calibration
11424,train
11425,validation
11426,calibration
11427,validation
11428,train
11429,train
11430,train
11431,calibration
11432,train
11433,test
11434,train
11435,train
11436,test
11437,validation
11438,test
11439,train
11440,train
11441,train
11442,train
11443,validation
11444,test
11445,train
11446,validation
11447,train
11448,test
11449,test
11450,validation
11451,train
11452,validation
11453,test
11454,calibration
11455,calibration
11456,test
11457,train
11458,train
11459,train
11460,train
11461,train
11462,calibration
11463,calibration
11464,train
11465,validation
11466,calibration
11467,train
11468,train
11469,train
11470,train
11471,train
11472,test
11473,train
11474,test
11475,train
11476,test
11477,train
11478,validation
11479,validation
11480,calibration
11481,train
11482,train
11483,train
11484,train
11485,train
11486,train
11487,test
11488,train
11489,train
11490,train
11491,train
11492,train
11493,train
11494,train
11495,train
11496,train
11497,calibration
11498,calibration
11499,test
11500,test
11501,test
11502,train
11503,train
11504,test
11505,train
11506,validation
11507,train
11508,train
11509,train
11510,validation
11511,train
11512,train
11513,test
11514,calibration
11515,train
11516,train
11517,calibration
11518,calibration
11519,train
11520,train
11521,train
11522,train
11523,train
11524,calibration
11525,train
11526,train
11527,validation
11528,validation
11529,calibration
11530,train
11531,train
11532,calibration
11533,train
11534,train
11535,test
11536,train
11537,test
11538,train
11539,train
11540,train
11541,train
11542,train
11543,train
11544,train
11545,train
11546,calibration
11547,train
11548,validation
11549,train
11550,test
11551,train
11552,train
11553,train
11554,validation
11555,train
11556,train
11557,train
11558,train
11559,validation
11560,train
11561,validation
11562,train
11563,calibration
11564,train
11565,train
11566,train
11567,train
11568,test
11569,train
11570,validation
11571,validation
11572,calibration
11573,train
11574,validation
11575,train
11576,validation
11577,train
11578,test
11579,train
11580,calibration
11581,test
11582,train
11583,calibration
11584,calibration
11585,train
11586,train
11587,train
11588,validation
11589,validation
11590,validation
11591,test
11592,test
11593,validation
11594,validation
11595,train
11596,validation
11597,train
11598,train
11599,validation
11600,validation
11601,train
11602,train
11603,train
11604,train
11605,train
11606,train
11607,train
11608,train
11609,calibration
11610,train
11611,train
11612,train
11613,train
11614,train
11615,test
11616,train
11617,train
11618,train
11619,train
11620,validation
11621,validation
11622,test
11623,test
11624,test
11625,calibration
11626,calibration
11627,validation
11628,train
11629,train
11630,train
11631,calibration
11632,validation
11633,train
11634,train
11635,train
11636,train
11637,train
11638,validation
11639,train
11640,train
11641,validation
11642,test
11643,train
11644,test
11645,train
11646,train
11647,train
11648,train
11649,train
11650,validation
11651,test
11652,train
11653,validation
11654,train
11655,test
11656,train
11657,validation
11658,train
11659,train
11660,train
11661,train
11662,train
11663,train
11664,train
11665,train
11666,test
11667,train
11668,train
11669,train
11670,train
11671,validation
11672,train
11673,validation
11674,validation
11675,train
11676,train
11677,test
11678,validation
11679,test
11680,train
11681,test
11682,test
11683,validation
11684,train
11685,train
11686,calibration
11687,train
11688,train
11689,train
11690,calibration
11691,train
11692,train
11693,train
11694,validation
11695,train
11696,train
11697,test
11698,train
11699,train
11700,train
11701,train
11702,validation
11703,validation
11704,train
11705,validation
11706,train
11707,calibration
11708,train
11709,validation
11710,test
11711,train
11712,calibration
11713,train
11714,train
11715,test
11716,calibration
11717,validation
11718,train
11719,train
11720,validation
11721,calibration
11722,train
11723,train
11724,test
11725,validation
11726,train
11727,test
11728,train
11729,train
11730,validation
11731,test
11732,calibration
11733,test
11734,train
11735,train
11736,train
11737,train
11738,calibration
11739,train
11740,test
11741,train
11742,train
11743,train
11744,validation
11745,train
11746,test
11747,test
11748,calibration
11749,train
11750,train
11751,train
11752,train
11753,train
11754,train
11755,train
11756,test
11757,train
11758,test
11759,validation
11760,train
11761,train
11762,train
11763,validation
11764,calibration
11765,test
11766,train
11767,validation
11768,test
11769,test
11770,test
11771,train
11772,train
11773,train
11774,calibration
11775,train
11776,test
11777,train
11778,test
11779,train
11780,train
11781,train
11782,calibration
11783,validation
11784,calibration
11785,calibration
11786,train
11787,train
11788,validation
11789,calibration
11790,train
11791,test
11792,train
11793,train
11794,train
11795,calibration
11796,train
11797,train
11798,calibration
11799,train
11800,train
11801,train
11802,train
11803,validation
11804,test
11805,train
11806,train
11807,train
11808,train
11809,test
11810,train
11811,validation
11812,test
11813,test
11814,train
11815,test
11816,train
11817,test
11818,train
11819,train
11820,validation
11821,calibration
11822,train
11823,validation
11824,train
11825,train
11826,train
11827,train
11828,calibration
11829,train
11830,train
11831,validation
11832,train
11833,validation
11834,train
11835,validation
11836,train
11837,train
11838,test
11839,validation
11840,calibration
11841,calibration
11842,calibration
11843,test
11844,validation
11845,train
11846,train
11847,train
11848,train
11849,train
11850,train
11851,train
11852,train
11853,train
11854,test
11855,train
11856,train
11857,test
11858,test
11859,train
11860,validation
11861,train
11862,train
11863,train
11864,train
11865,validation
11866,test
11867,calibration
11868,test
11869,calibration
11870,train
11871,validation
11872,train
11873,calibration
11874,train
11875,train
11876,train
11877,train
11878,train
11879,test
11880,train
11881,train
11882,validation
11883,train
11884,train
11885,validation
11886,train
11887,validation
11888,calibration
11889,train
11890,calibration
11891,validation
11892,train
11893,test
11894,validation
11895,train
11896,train
11897,test
11898,validation
11899,train
11900,train
11901,train
11902,validation
11903,calibration
11904,train
11905,train
11906,train
11907,train
11908,validation
11909,test
11910,train
11911,train
11912,train
11913,train
11914,train
11915,train
11916,train
11917,validation
11918,validation
11919,validation
11920,train
11921,train
11922,train
11923,test
11924,train
11925,train
11926,validation
11927,train
11928,test
11929,train
11930,validation
11931,train
11932,train
11933,train
11934,validation
11935,test
11936,calibration
11937,train
11938,train
11939,train
11940,test
11941,train
11942,train
11943,validation
11944,train
11945,train
11946,calibration
11947,train
11948,validation
11949,calibration
11950,train
11951,validation
11952,train
11953,train
11954,train
11955,train
11956,train
11957,train
11958,calibration
11959,test
11960,validation
11961,test
11962,train
11963,calibration
11964,train
11965,train
11966,calibration
11967,train
11968,train
11969,train
11970,train
11971,train
11972,calibration
11973,train
11974,calibration
11975,train
11976,train
11977,train
11978,train
11979,train
11980,validation
11981,validation
11982,train
11983,test
11984,train
11985,train
11986,validation
11987,train
11988,train
11989,train
11990,validation
11991,train
11992,train
11993,train
11994,test
11995,train
11996,train
11997,train
11998,train
11999,train
12000,train
12001,train
12002,train
12003,train
12004,train
12005,train
12006,train
12007,train
12008,train
12009,calibration
12010,test
12011,test
12012,validation
12013,train
12014,train
12015,train
12016,validation
12017,validation
12018,calibration
12019,train
12020,validation
12021,train
12022,test
12023,test
12024,test
12025,train
12026,train
12027,test
12028,train
12029,calibration
12030,train
12031,validation
12032,calibration
12033,test
12034,train
12035,test
12036,test
12037,calibration
12038,validation
12039,train
12040,validation
12041,calibration
12042,train
12043,train
12044,train
12045,train
12046,train
12047,train
12048,train
12049,train
12050,test
12051,test
12052,train
12053,train
12054,train
12055,validation
12056,train
12057,validation
12058,test
12059,train
12060,train
12061,validation
12062,train
12063,train
12064,validation
12065,train
12066,train
12067,train
12068,train
12069,train
12070,train
12071,train
12072,test
12073,validation
12074,train
12075,train
12076,train
12077,train
12078,test
12079,train
12080,train
12081,train
12082,train
12083,train
12084,train
12085,test
12086,test
12087,train
12088,train
12089,train
12090,train
12091,calibration
12092,test
12093,train
12094,test
12095,validation
12096,train
12097,train
12098,train
12099,test
12100,train
12101,test
12102,train
12103,train
12104,calibration
12105,test
12106,train
12107,test
12108,train
12109,train
12110,test
12111,train
12112,train
12113,calibration
12114,calibration
12115,calibration
12116,train
12117,test
12118,validation
12119,test
12120,calibration
12121,train
12122,validation
12123,train
12124,train
12125,train
12126,calibration
12127,calibration
12128,train
12129,validation
12130,train
12131,calibration
12132,validation
12133,train
12134,train
12135,train
12136,test
12137,train
12138,calibration
12139,train
12140,test
12141,test
12142,train
12143,train
12144,validation
12145,train
12146,test
12147,train
12148,test
12149,calibration
12150,validation
12151,train
12152,train
12153,train
12154,train
12155,validation
12156,train
12157,test
12158,train
12159,train
12160,train
12161,train
12162,train
12163,test
12164,train
12165,train
12166,train
12167,validation
12168,train
12169,train
12170,test
12171,train
12172,train
12173,validation
12174,train
12175,train
12176,test
12177,train
12178,validation
12179,train
12180,calibration
12181,train
12182,train
12183,train
12184,calibration
12185,train
12186,train
12187,train
12188,train
12189,validation
12190,train
12191,train
12192,calibration
12193,validation
12194,train
12195,test
12196,train
12197,calibration
12198,train
12199,train
12200,train
12201,train
12202,validation
12203,train
12204,train
12205,train
12206,train
12207,train
12208,train
12209,test
12210,train
12211,train
12212,train
12213,calibration
12214,train
12215,test
12216,train
12217,test
12218,train
12219,train
12220,train
12221,train
12222,train
12223,train
12224,train
12225,train
12226,validation
12227,calibration
12228,test
12229,train
12230,train
12231,train
12232,train
12233,calibration
12234,train
12235,test
12236,train
12237,train
12238,train
12239,calibration
12240,validation
12241,train
12242,validation
12243,train
12244,validation
12245,test
12246,train
12247,calibration
12248,validation
12249,train
12250,test
12251,train
12252,train
12253,calibration
12254,calibration
12255,train
12256,validation
12257,validation
12258,validation
12259,calibration
12260,train
12261,train
12262,train
12263,validation
12264,test
12265,train
12266,train
12267,train
12268,train
12269,train
12270,train
12271,train
12272,test
12273,train
12274,calibration
12275,train
12276,calibration
12277,test
12278,calibration
12279,train
12280,calibration
12281,train
12282,validation
12283,train
12284,test
12285,train
12286,train
12287,validation
12288,train
12289,train
12290,calibration
12291,train
12292,train
12293,calibration
12294,train
12295,test
12296,train
12297,train
12298,calibration
12299,train
12300,train
12301,test
12302,train
12303,train
12304,test
12305,validation
12306,train
12307,test
12308,train
12309,validation
12310,train
12311,test
12312,train
12313,test
12314,validation
12315,train
12316,validation
12317,train
12318,validation
12319,train
12320,test
12321,validation
12322,calibration
12323,train
12324,test
12325,train
12326,test
12327,train
12328,train
12329,validation
12330,train
12331,test
12332,calibration
12333,train
12334,train
12335,train
12336,validation
12337,train
12338,calibration
12339,test
12340,validation
12341,test
12342,calibration
12343,train
12344,train
12345,train
12346,train
12347,test
12348,test
12349,train
12350,validation
12351,test
12352,calibration
12353,test
12354,test
12355,validation
12356,train
12357,train
12358,train
12359,validation
12360,train
12361,train
12362,train
12363,train
12364,test
12365,train
12366,train
12367,calibration
12368,test
12369,train
12370,train
12371,train
12372,test
12373,train
12374,test
12375,train
12376,calibration
12377,train
12378,calibration
12379,calibration
12380,validation
12381,train
12382,test
12383,calibration
12384,validation
12385,train
12386,train
12387,test
12388,train
12389,train
12390,train
12391,validation
12392,calibration
12393,train
12394,train
12395,validation
12396,train
12397,train
12398,train
12399,train
12400,train
12401,train
12402,train
12403,test
12404,calibration
12405,train
12406,train
12407,train
12408,train
12409,train
12410,validation
12411,train
12412,train
12413,train
12414,train
12415,train
12416,validation
12417,test
12418,train
12419,train
12420,train
12421,validation
12422,train
12423,train
12424,train
12425,train
12426,train
12427,train
12428,train
12429,validation
12430,test
12431,train
12432,test
12433,train
12434,test
12435,train
12436,train
12437,train
12438,validation
12439,train
12440,test
12441,train
12442,validation
12443,train
12444,validation
12445,train
12446,train
12447,validation
12448,train
12449,calibration
12450,train
12451,validation
12452,train
12453,train
12454,validation
12455,test
12456,train
12457,test
12458,train
12459,train
12460,train
12461,train
12462,test
12463,test
12464,train
12465,train
12466,train
12467,train
12468,validation
12469,train
12470,train
12471,validation
12472,validation
12473,validation
12474,validation
12475,train
12476,calibration
12477,train
12478,calibration
12479,train
12480,calibration
12481,train
12482,train
12483,test
12484,train
12485,train
12486,train
12487,train
12488,train
12489,train
12490,train
12491,test
12492,calibration
12493,validation
12494,train
12495,validation
12496,train
12497,calibration
12498,train
12499,train
12500,train
12501,train
12502,validation
12503,train
12504,train
12505,train
12506,train
12507,train
12508,train
12509,train
12510,train
12511,validation
12512,train
12513,test
12514,test
12515,calibration
12516,train
12517,test
12518,train
12519,train
12520,test
12521,train
12522,train
12523,train
12524,validation
12525,validation
12526,test
12527,calibration
12528,train
12529,train
12530,train
12531,train
12532,train
12533,train
12534,test
12535,train
12536,calibration
12537,train
12538,train
12539,train
12540,test
12541,train
12542,train
12543,test
12544,train
12545,train
12546,validation
12547,validation
12548,test
12549,train
12550,train
12551,test
12552,train
12553,calibration
12554,train
12555,test
12556,train
12557,validation
12558,train
12559,train
12560,calibration
12561,train
12562,train
12563,train
12564,train
12565,test
12566,train
12567,calibration
12568,train
12569,train
12570,test
12571,train
12572,validation
12573,test
12574,test
12575,train
12576,train
12577,train
12578,train
12579,train
12580,train
12581,train
12582,train
12583,train
12584,train
12585,test
12586,validation
12587,train
12588,calibration
12589,train
12590,train
12591,train
12592,train
12593,train
12594,train
12595,train
12596,test
12597,train
12598,train
12599,calibration
12600,train
12601,validation
12602,train
12603,train
12604,train
12605,train
12606,train
12607,train
12608,train
12609,test
12610,train
12611,train
12612,train
12613,train
12614,train
12615,train
12616,train
12617,validation
12618,train
12619,test
12620,train
12621,test
12622,test
12623,validation
12624,test
12625,train
12626,test
12627,train
12628,test
12629,validation
12630,test
12631,test
12632,validation
12633,test
12634,calibration
12635,train
12636,train
12637,train
12638,calibration
12639,test
12640,train
12641,train
12642,train
12643,validation
12644,train
12645,test
12646,train
12647,train
12648,train
12649,train
12650,train
12651,train
12652,train
12653,train
12654,train
12655,test
12656,validation
12657,test
12658,train
12659,test
12660,train
12661,train
12662,train
12663,train
12664,train
12665,train
12666,calibration
12667,train
12668,train
12669,train
12670,test
12671,train
12672,train
12673,calibration
12674,train
12675,train
12676,train
12677,validation
12678,train
12679,test
12680,train
12681,test
12682,validation
12683,train
12684,validation
12685,train
12686,validation
12687,train
12688,train
12689,train
12690,train
12691,test
12692,calibration
12693,train
12694,test
12695,validation
12696,train
12697,train
12698,train
12699,train
12700,train
12701,train
12702,test
12703,train
12704,train
12705,train
12706,validation
12707,train
12708,train
12709,test
12710,train
12711,train
12712,validation
12713,validation
12714,train
12715,calibration
12716,train
12717,calibration
12718,validation
12719,train
12720,train
12721,validation
12722,train
12723,test
12724,train
12725,train
12726,train
12727,test
12728,calibration
12729,train
12730,test
12731,train
12732,calibration
12733,train
12734,train
12735,train
12736,validation
12737,train
12738,test
12739,test
12740,train
12741,test
12742,train
12743,calibration
12744,train
12745,test
12746,train
12747,train
12748,validation
12749,train
12750,train
12751,train
12752,train
12753,train
12754,train
12755,train
12756,train
12757,train
12758,validation
12759,test
12760,train
12761,train
12762,validation
12763,train
12764,calibration
12765,validation
12766,test
12767,test
12768,train
12769,validation
12770,train
12771,validation
12772,train
12773,validation
12774,train
12775,train
12776,train
12777,train
12778,train
12779,train
12780,calibration
12781,validation
12782,train
12783,train
12784,test
12785,train
12786,train
12787,train
12788,train
12789,test
12790,train
12791,calibration
12792,validation
12793,test
12794,train
12795,train
12796,validation
12797,train
12798,train
12799,test
12800,test
12801,train
12802,test
12803,train
12804,train
12805,test
12806,test
12807,train
12808,train
12809,validation
12810,test
12811,train
12812,train
12813,test
12814,train
12815,calibration
12816,train
12817,train
12818,train
12819,train
12820,train
12821,train
12822,train
12823,train
12824,train
12825,test
12826,test
12827,test
12828,calibration
12829,train
12830,calibration
12831,train
12832,validation
12833,train
12834,validation
12835,train
12836,validation
12837,train
12838,train
12839,train
12840,train
12841,validation
12842,validation
12843,test
12844,train
12845,train
12846,train
12847,train
12848,train
12849,train
12850,test
12851,calibration
12852,validation
12853,train
12854,validation
12855,train
12856,train
12857,calibration
12858,test
12859,test
12860,train
12861,calibration
12862,calibration
12863,test
12864,validation
12865,validation
12866,train
12867,train
12868,validation
12869,train
12870,train
12871,train
12872,validation
12873,train
12874,train
12875,train
12876,train
12877,train
12878,train
12879,calibration
12880,validation
12881,train
12882,train
12883,train
12884,train
12885,test
12886,train
12887,train
12888,calibration
12889,train
12890,test
12891,train
12892,train
12893,validation
12894,validation
12895,train
12896,validation
12897,train
12898,calibration
12899,train
12900,test
12901,calibration
12902,train
12903,validation
12904,train
12905,train
12906,validation
12907,train
12908,train
12909,train
12910,train
12911,calibration
12912,train
12913,train
12914,train
12915,train
12916,train
12917,test
12918,test
12919,train
12920,train
12921,train
12922,train
12923,train
12924,train
12925,validation
12926,validation
12927,train
12928,train
12929,train
12930,test
12931,train
12932,test
12933,train
12934,train
12935,train
12936,train
12937,train
12938,train
12939,test
12940,train
12941,train
12942,train
12943,calibration
12944,train
12945,train
12946,train
12947,validation
12948,validation
12949,train
12950,test
12951,train
12952,train
12953,train
12954,train
12955,train
12956,train
12957,test
12958,test
12959,train
12960,test
12961,train
12962,train
12963,train
12964,test
12965,test
12966,train
12967,train
12968,train
12969,train
12970,train
12971,train
12972,train
12973,validation
12974,train
12975,train
12976,test
12977,train
12978,test
12979,train
12980,validation
12981,test
12982,train
12983,train
12984,train
12985,train
12986,test
12987,train
12988,calibration
12989,train
12990,train
12991,calibration
12992,train
12993,train
12994,train
12995,train
12996,calibration
12997,calibration
12998,train
12999,train
13000,test
13001,train
13002,test
13003,validation
13004,train
13005,validation
13006,train
13007,train
13008,train
13009,train
13010,train
13011,validation
13012,train
13013,validation
13014,train
13015,train
13016,train
13017,calibration
13018,train
13019,train
13020,validation
13021,train
13022,train
13023,train
13024,test
13025,validation
13026,train
13027,calibration
13028,test
13029,train
13030,train
13031,train
13032,train
13033,test
13034,validation
13035,test
13036,validation
13037,train
13038,test
13039,train
13040,test
13041,train
13042,train
13043,calibration
13044,validation
13045,validation
13046,train
13047,train
13048,test
13049,test
13050,train
13051,train
13052,train
13053,train
13054,train
13055,train
13056,validation
13057,train
13058,train
13059,calibration
13060,validation
13061,train
13062,train
13063,test
13064,validation
13065,train
13066,test
13067,train
13068,validation
13069,validation
13070,train
13071,train
13072,train
13073,train
13074,train
13075,test
13076,validation
13077,test
13078,train
13079,test
13080,train
13081,calibration
13082,test
13083,calibration
13084,train
13085,validation
13086,train
13087,train
13088,validation
13089,validation
13090,train
13091,train
13092,validation
13093,validation
13094,calibration
13095,train
13096,test
13097,train
13098,validation
13099,calibration
13100,train
13101,test
13102,train
13103,train
13104,test
13105,validation
13106,test
13107,train
13108,calibration
13109,train
13110,test
13111,validation
13112,train
13113,train
13114,test
13115,validation
13116,calibration
13117,train
13118,validation
13119,train
13120,test
13121,train
13122,train
13123,train
13124,calibration
13125,train
13126,train
13127,train
13128,train
13129,train
13130,test
13131,train
13132,test
13133,test
13134,test
13135,train
13136,validation
13137,train
13138,train
13139,train
13140,train
13141,train
13142,train
13143,train
13144,test
13145,train
13146,train
13147,train
13148,train
13149,train
13150,validation
13151,calibration
13152,calibration
13153,train
13154,test
13155,validation
13156,train
13157,train
13158,calibration
13159,calibration
13160,test
13161,train
13162,train
13163,train
13164,test
13165,test
13166,validation
13167,train
13168,calibration
13169,test
13170,train
13171,calibration
13172,validation
13173,train
13174,train
13175,train
13176,train
13177,train
13178,train
13179,train
13180,train
13181,calibration
13182,train
13183,validation
13184,validation
13185,test
13186,calibration
13187,train
13188,train
13189,validation
13190,test
13191,train
13192,train
13193,train
13194,test
13195,train
13196,test
13197,test
13198,calibration
13199,train
13200,train
13201,calibration
13202,train
13203,train
13204,train
13205,validation
13206,train
13207,train
13208,train
13209,train
13210,train
13211,train
13212,calibration
13213,calibration
13214,test
13215,test
13216,train
13217,train
13218,train
13219,train
13220,train
13221,train
13222,train
13223,train
13224,train
13225,train
13226,train
13227,train
13228,validation
13229,validation
13230,validation
13231,train
13232,train
13233,train
13234,train
13235,validation
13236,test
13237,train
13238,train
13239,train
13240,train
13241,train
13242,train
13243,train
13244,calibration
13245,train
13246,train
13247,train
13248,train
13249,train
13250,train
13251,train
13252,train
13253,test
13254,train
13255,train
13256,train
13257,train
13258,train
13259,test
13260,train
13261,train
13262,train
13263,train
13264,calibration
13265,train
13266,train
13267,test
13268,train
13269,train
13270,train
13271,train
13272,train
13273,train
13274,calibration
13275,train
13276,train
13277,train
13278,test
13279,train
13280,train
13281,train
13282,train
13283,validation
13284,train
13285,train
13286,train
13287,test
13288,validation
13289,validation
13290,test
13291,test
13292,train
13293,train
13294,calibration
13295,test
13296,train
13297,calibration
13298,test
13299,validation
13300,train
13301,train
13302,train
13303,train
13304,validation
13305,train
13306,train
13307,train
13308,test
13309,test
13310,validation
13311,calibration
13312,train
13313,validation
13314,train
13315,test
13316,train
13317,test
13318,train
13319,train
13320,validation
13321,validation
13322,train
13323,train
13324,validation
13325,train
13326,train
13327,train
13328,train
13329,train
13330,train
13331,validation
13332,test
13333,train
13334,validation
13335,train
13336,validation
13337,validation
13338,train
13339,train
13340,train
13341,train
13342,train
13343,train
13344,calibration
13345,train
13346,test
13347,train
13348,train
13349,train
13350,train
13351,validation
13352,test
13353,train
13354,calibration
13355,test
13356,train
13357,train
13358,train
13359,train
13360,train
13361,train
13362,train
13363,validation
13364,train
13365,train
13366,test
13367,calibration
13368,train
13369,train
13370,train
13371,train
13372,validation
13373,test
13374,validation
13375,test
13376,train
13377,test
13378,train
13379,train
13380,validation
13381,test
13382,train
13383,train
13384,train
13385,train
13386,train
13387,validation
13388,train
13389,train
13390,train
13391,validation
13392,train
13393,train
13394,train
13395,train
13396,validation
13397,train
13398,train
13399,train
13400,validation
13401,train
13402,validation
13403,train
13404,validation
13405,validation
13406,train
13407,validation
13408,train
13409,validation
13410,train
13411,train
13412,calibration
13413,calibration
13414,train
13415,test
13416,calibration
13417,train
13418,validation
13419,train
13420,test
13421,train
13422,validation
13423,test
13424,train
13425,train
13426,calibration
13427,train
13428,validation
13429,train
13430,test
13431,validation
13432,train
13433,validation
13434,train
13435,validation
13436,train
13437,train
13438,validation
13439,train
13440,train
13441,train
13442,test
13443,train
13444,train
13445,train
13446,validation
13447,test
13448,validation
13449,calibration
13450,calibration
13451,train
13452,train
13453,train
13454,validation
13455,calibration
13456,train
13457,train
13458,test
13459,test
13460,train
13461,train
13462,validation
13463,train
13464,train
13465,train
13466,train
13467,validation
13468,test
13469,test
13470,train
13471,test
13472,train
13473,train
13474,validation
13475,test
13476,train
13477,train
13478,train
13479,validation
13480,test
13481,train
13482,train
13483,train
13484,test
13485,train
13486,train
13487,train
13488,train
13489,train
13490,train
13491,train
13492,train
13493,validation
13494,train
13495,test
13496,train
13497,validation
13498,train
13499,train
13500,calibration
13501,train
13502,train
13503,train
13504,train
13505,test
13506,train
13507,train
13508,test
13509,train
13510,test
13511,validation
13512,test
13513,validation
13514,validation
13515,train
13516,train
13517,train
13518,validation
13519,validation
13520,test
13521,train
13522,test
13523,train
13524,train
13525,train
13526,validation
13527,train
13528,train
13529,test
13530,test
13531,train
13532,train
13533,train
13534,test
13535,validation
13536,train
13537,validation
13538,train
13539,train
13540,validation
13541,train
13542,calibration
13543,train
13544,train
13545,train
13546,train
13547,calibration
13548,train
13549,train
13550,train
13551,validation
13552,test
13553,test
13554,validation
13555,validation
13556,train
13557,test
13558,calibration
13559,train
13560,calibration
13561,train
13562,train
13563,train
13564,validation
13565,train
13566,train
13567,train
13568,train
13569,train
13570,train
13571,validation
13572,test
13573,test
13574,test
13575,train
13576,train
13577,test
13578,calibration
13579,train
13580,calibration
13581,test
13582,train
13583,test
13584,validation
13585,train
13586,validation
13587,calibration
13588,train
13589,train
13590,train
13591,train
13592,validation
13593,train
13594,train
13595,test
13596,train
13597,validation
13598,train
13599,test
13600,train
13601,test
13602,train
13603,train
13604,train
13605,train
13606,train
13607,test
13608,calibration
13609,train
13610,train
13611,validation
13612,train
13613,train
13614,validation
13615,train
13616,test
13617,train
13618,validation
13619,train
13620,validation
13621,train
13622,train
13623,train
13624,train
13625,train
13626,test
13627,test
13628,validation
13629,calibration
13630,validation
13631,train
13632,train
13633,test
13634,train
13635,train
13636,train
13637,validation
13638,train
13639,validation
13640,train
13641,test
13642,train
13643,test
13644,train
13645,validation
13646,calibration
13647,train
13648,train
13649,calibration
13650,train
13651,train
13652,train
13653,train
13654,train
13655,train
13656,train
13657,train
13658,train
13659,train
13660,train
13661,validation
13662,train
13663,validation
13664,train
13665,train
13666,train
13667,train
13668,train
13669,train
13670,train
13671,validation
13672,train
13673,calibration
13674,train
13675,calibration
13676,calibration
13677,test
13678,test
13679,train
13680,train
13681,test
13682,calibration
13683,validation
13684,test
13685,calibration
13686,calibration
13687,train
13688,train
13689,validation
13690,train
13691,test
13692,validation
13693,test
13694,test
13695,train
13696,train
13697,train
13698,train
13699,train
13700,train
13701,train
13702,calibration
13703,train
13704,train
13705,train
13706,test
13707,train
13708,train
13709,train
13710,validation
13711,validation
13712,test
13713,validation
13714,train
13715,train
13716,train
13717,test
13718,train
13719,test
13720,test
13721,validation
13722,train
13723,train
13724,test
13725,train
13726,train
13727,train
13728,test
13729,validation
13730,train
13731,validation
13732,train
13733,train
13734,train
13735,train
13736,train
13737,validation
13738,train
13739,train
13740,train
13741,test
13742,train
13743,calibration
13744,train
13745,test
13746,train
13747,train
13748,train
13749,train
13750,train
13751,train
13752,validation
13753,validation
13754,train
13755,train
13756,train
13757,train
13758,train
13759,train
13760,calibration
13761,test
13762,validation
13763,train
13764,train
13765,validation
13766,train
13767,train
13768,test
13769,train
13770,test
13771,train
13772,train
13773,validation
13774,train
13775,calibration
13776,validation
13777,train
13778,validation
13779,calibration
13780,calibration
13781,train
13782,train
13783,train
13784,test
13785,train
13786,validation
13787,train
13788,validation
13789,train
13790,train
13791,test
13792,train
13793,train
13794,train
13795,train
13796,train
13797,train
13798,train
13799,train
13800,test
13801,calibration
13802,calibration
13803,calibration
13804,test
13805,train
13806,train
13807,train
13808,train
13809,calibration
13810,train
13811,test
13812,test
13813,train
13814,train
13815,test
13816,train
13817,validation
13818,train
13819,train
13820,test
13821,validation
13822,train
13823,calibration
13824,calibration
13825,train
13826,train
13827,calibration
13828,train
13829,train
13830,train
13831,calibration
13832,train
13833,train
13834,train
13835,test
13836,calibration
13837,train
13838,train
13839,train
13840,train
13841,validation
13842,test
13843,train
13844,validation
13845,calibration
13846,train
13847,validation
13848,validation
13849,train
13850,train
13851,train
13852,calibration
13853,validation
13854,train
13855,train
13856,train
13857,train
13858,validation
13859,train
13860,train
13861,validation
13862,train
13863,train
13864,train
13865,train
13866,train
13867,train
13868,test
13869,calibration
13870,train
13871,train
13872,test
13873,train
13874,train
13875,calibration
13876,test
13877,train
13878,calibration
13879,calibration
13880,calibration
13881,validation
13882,train
13883,validation
13884,calibration
13885,validation
13886,train
13887,test
13888,train
13889,train
13890,train
13891,train
13892,calibration
13893,train
13894,validation
13895,train
13896,validation
13897,train
13898,validation
13899,test
13900,train
13901,train
13902,calibration
13903,validation
13904,test
13905,train
13906,validation
13907,train
13908,train
13909,test
13910,train
13911,test
13912,test
13913,train
13914,calibration
13915,train
13916,calibration
13917,validation
13918,train
13919,train
13920,validation
13921,train
13922,calibration
13923,train
13924,train
13925,test
13926,train
13927,train
13928,train
13929,train
13930,validation
13931,calibration
13932,calibration
13933,train
13934,train
13935,train
13936,validation
13937,train
13938,test
13939,train
13940,train
13941,train
13942,calibration
13943,test
13944,validation
13945,train
13946,train
13947,train
13948,train
13949,train
13950,test
13951,train
13952,train
13953,calibration
13954,train
13955,train
13956,train
13957,train
13958,train
13959,validation
13960,train
13961,train
13962,test
13963,train
13964,calibration
13965,validation
13966,train
13967,test
13968,calibration
13969,calibration
13970,calibration
13971,train
13972,train
13973,validation
13974,train
13975,train
13976,test
13977,train
13978,train
13979,train
13980,train
13981,test
13982,train
13983,train
13984,calibration
13985,train
13986,validation
13987,train
13988,train
13989,validation
13990,train
13991,train
13992,train
13993,train
13994,train
13995,train
13996,train
13997,train
13998,train
13999,train
14000,train
14001,train
14002,validation
14003,test
14004,test
14005,train
14006,train
14007,validation
14008,calibration
14009,calibration
14010,train
14011,validation
14012,calibration
14013,train
14014,train
14015,validation
14016,train
14017,validation
14018,test
14019,train
14020,train
14021,train
14022,train
14023,train
14024,train
14025,train
14026,train
14027,train
14028,test
14029,train
14030,validation
14031,train
14032,test
14033,train
14034,train
14035,train
14036,train
14037,validation
14038,validation
14039,train
14040,train
14041,validation
14042,train
14043,validation
14044,test
14045,test
14046,train
14047,calibration
14048,train
14049,test
14050,test
14051,train
14052,train
14053,test
14054,calibration
14055,train
14056,train
14057,train
14058,calibration
14059,train
14060,train
14061,train
14062,train
14063,train
14064,calibration
14065,test
14066,test
14067,train
14068,test
14069,train
14070,train
14071,train
14072,train
14073,train
14074,test
14075,train
14076,train
14077,test
14078,validation
14079,train
14080,train
14081,validation
14082,validation
14083,train
14084,validation
14085,validation
14086,train
14087,train
14088,train
14089,validation
14090,validation
14091,test
14092,test
14093,train
14094,test
14095,train
14096,train
14097,train
14098,train
14099,calibration
14100,train
14101,train
14102,train
14103,train
14104,train
14105,validation
14106,train
14107,train
14108,train
14109,validation
14110,validation
14111,train
14112,train
14113,train
14114,validation
14115,test
14116,calibration
14117,train
14118,train
14119,validation
14120,validation
14121,calibration
14122,validation
14123,train
14124,train
14125,train
14126,train
14127,train
14128,test
14129,test
14130,calibration
14131,calibration
14132,calibration
14133,calibration
14134,validation
14135,train
14136,train
14137,test
14138,calibration
14139,train
14140,calibration
14141,train
14142,train
14143,test
14144,train
14145,validation
14146,calibration
14147,test
14148,train
14149,train
14150,train
14151,train
14152,calibration
14153,train
14154,validation
14155,train
14156,validation
14157,train
14158,train
14159,train
14160,train
14161,train
14162,train
14163,train
14164,train
14165,calibration
14166,train
14167,validation
14168,train
14169,test
14170,calibration
14171,train
14172,validation
14173,train
14174,train
14175,train
14176,test
14177,test
14178,train
14179,train
14180,train
14181,train
14182,validation
14183,validation
14184,train
14185,train
14186,train
14187,validation
14188,train
14189,train
14190,test
14191,train
14192,validation
14193,calibration
14194,calibration
14195,train
14196,calibration
14197,train
14198,train
14199,train
14200,train
14201,train
14202,train
14203,train
14204,test
14205,train
14206,test
14207,train
14208,train
14209,train
14210,train
14211,train
14212,train
14213,train
14214,train
14215,train
14216,validation
14217,train
14218,train
14219,train
14220,validation
14221,validation
14222,train
14223,test
14224,train
14225,test
14226,validation
14227,test
14228,validation
14229,test
14230,test
14231,train
14232,train
14233,train
14234,test
14235,train
14236,test
14237,train
14238,calibration
14239,train
14240,validation
14241,test
14242,train
14243,train
14244,train
14245,train
14246,calibration
14247,train
14248,validation
14249,train
14250,train
14251,test
14252,train
14253,train
14254,calibration
14255,calibration
14256,train
14257,train
14258,train
14259,train
14260,validation
14261,test
14262,train
14263,train
14264,calibration
14265,train
14266,train
14267,train
14268,train
14269,train
14270,train
14271,train
14272,calibration
14273,train
14274,calibration
14275,train
14276,train
14277,train
14278,validation
14279,test
14280,test
14281,train
14282,calibration
14283,train
14284,train
14285,train
14286,train
14287,train
14288,train
14289,train
14290,train
14291,train
14292,train
14293,calibration
14294,train
14295,train
14296,train
14297,validation
14298,calibration
14299,test
14300,calibration
14301,train
14302,train
14303,train
14304,test
14305,test
14306,validation
14307,train
14308,train
14309,validation
14310,train
14311,train
14312,train
14313,validation
14314,test
14315,train
14316,test
14317,train
14318,train
14319,test
14320,train
14321,train
14322,train
14323,validation
14324,validation
14325,train
14326,train
14327,train
14328,validation
14329,train
14330,train
14331,train
14332,test
14333,train
14334,calibration
14335,train
14336,train
14337,train
14338,test
14339,train
14340,train
14341,train
14342,validation
14343,train
14344,train
14345,validation
14346,train
14347,train
14348,validation
14349,train
14350,train
14351,calibration
14352,train
14353,test
14354,train
14355,validation
14356,validation
14357,train
14358,train
14359,train
14360,train
14361,validation
14362,train
14363,train
14364,test
14365,validation
14366,validation
14367,train
14368,test
14369,train
14370,train
14371,train
14372,train
14373,validation
14374,validation
14375,validation
14376,train
14377,validation
14378,test
14379,train
14380,validation
14381,train
14382,calibration
14383,validation
14384,test
14385,train
14386,calibration
14387,train
14388,validation
14389,train
14390,train
14391,calibration
14392,train
14393,train
14394,calibration
14395,train
14396,calibration
14397,train
14398,validation
14399,train
14400,train
14401,train
14402,test
14403,test
14404,train
14405,validation
14406,train
14407,validation
14408,calibration
14409,train
14410,train
14411,validation
14412,train
14413,train
14414,train
14415,train
14416,test
14417,test
14418,train
14419,validation
14420,train
14421,train
14422,train
14423,train
14424,train
14425,validation
14426,test
14427,train
14428,validation
14429,train
14430,train
14431,train
14432,train
14433,test
14434,calibration
14435,train
14436,train
14437,train
14438,train
14439,train
14440,train
14441,train
14442,train
14443,train
14444,train
14445,train
14446,validation
14447,validation
14448,train
14449,validation
14450,train
14451,validation
14452,train
14453,train
14454,calibration
14455,train
14456,train
14457,validation
14458,test
14459,test
14460,train
14461,test
14462,train
14463,test
14464,train
14465,train
14466,train
14467,train
14468,train
14469,test
14470,validation
14471,test
14472,train
14473,train
14474,train
14475,validation
14476,train
14477,validation
14478,validation
14479,train
14480,train
14481,train
14482,train
14483,train
14484,validation
14485,validation
14486,train
14487,test
14488,calibration
14489,train
14490,validation
14491,test
14492,test
14493,validation
14494,validation
14495,train
14496,train
14497,train
14498,train
14499,train
14500,validation
14501,train
14502,validation
14503,test
14504,train
14505,calibration
14506,calibration
14507,calibration
14508,validation
14509,validation
14510,test
14511,train
14512,validation
14513,train
14514,train
14515,train
14516,train
14517,train
14518,test
14519,train
14520,calibration
14521,validation
14522,validation
14523,train
14524,test
14525,validation
14526,calibration
14527,validation
14528,train
14529,train
14530,train
14531,validation
14532,train
14533,train
14534,calibration
14535,train
14536,train
14537,train
14538,test
14539,validation
14540,test
14541,calibration
14542,test
14543,train
14544,train
14545,train
14546,train
14547,train
14548,test
14549,train
14550,train
14551,train
14552,train
14553,train
14554,train
14555,validation
14556,train
14557,train
14558,train
14559,validation
14560,train
14561,train
14562,train
14563,test
14564,train
14565,train
14566,train
14567,train
14568,train
14569,train
14570,train
14571,train
14572,calibration
14573,validation
14574,train
14575,train
14576,train
14577,test
14578,train
14579,train
14580,calibration
14581,train
14582,train
14583,test
14584,train
14585,train
14586,train
14587,validation
14588,train
14589,train
14590,train
14591,train
14592,validation
14593,train
14594,calibration
14595,train
14596,train
14597,train
14598,validation
14599,calibration
14600,train
14601,train
14602,validation
14603,validation
14604,train
14605,validation
14606,train
14607,train
14608,train
14609,validation
14610,train
14611,train
14612,test
14613,train
14614,train
14615,calibration
14616,train
14617,train
14618,test
14619,test
14620,train
14621,calibration
14622,calibration
14623,test
14624,train
14625,train
14626,train
14627,test
14628,train
14629,train
14630,test
14631,train
14632,train
14633,train
14634,test
14635,train
14636,validation
14637,calibration
14638,train
14639,train
14640,train
14641,train
14642,test
14643,train
14644,train
14645,calibration
14646,train
14647,test
14648,validation
14649,test
14650,train
14651,test
14652,calibration
14653,train
14654,test
14655,test
14656,train
14657,train
14658,train
14659,test
14660,train
14661,train
14662,train
14663,train
14664,test
14665,train
14666,validation
14667,test
14668,test
14669,train
14670,validation
14671,train
14672,test
14673,train
14674,train
14675,train
14676,train
14677,train
14678,validation
14679,train
14680,train
14681,train
14682,test
14683,calibration
14684,test
14685,validation
14686,train
14687,train
14688,train
14689,train
14690,calibration
14691,train
14692,validation
14693,calibration
14694,train
14695,validation
14696,train
14697,test
14698,train
14699,validation
14700,train
14701,validation
14702,calibration
14703,train
14704,test
14705,train
14706,train
14707,train
14708,validation
14709,train
14710,test
14711,test
14712,test
14713,train
14714,validation
14715,train
14716,train
14717,test
14718,train
14719,train
14720,test
14721,train
14722,calibration
14723,train
14724,calibration
14725,calibration
14726,train
14727,validation
14728,train
14729,calibration
14730,validation
14731,calibration
14732,train
14733,validation
14734,test
14735,test
14736,test
14737,calibration
14738,train
14739,train
14740,test
14741,train
14742,train
14743,validation
14744,train
14745,calibration
14746,train
14747,calibration
14748,train
14749,train
14750,train
14751,calibration
14752,calibration
14753,train
14754,test
14755,train
14756,train
14757,train
14758,train
14759,test
14760,train
14761,calibration
14762,validation
14763,validation
14764,test
14765,train
14766,calibration
14767,train
14768,train
14769,train
14770,test
14771,train
14772,train
14773,train
14774,test
14775,train
14776,train
14777,train
14778,test
14779,train
14780,train
14781,validation
14782,train
14783,train
14784,test
14785,train
14786,train
14787,train
14788,train
14789,validation
14790,test
14791,train
14792,validation
14793,train
14794,train
14795,train
14796,train
14797,train
14798,train
14799,train
14800,test
14801,train
14802,train
14803,train
14804,validation
14805,train
14806,train
14807,train
14808,test
14809,calibration
14810,train
14811,validation
14812,train
14813,train
14814,test
14815,train
14816,validation
14817,train
14818,train
14819,calibration
14820,train
14821,train
14822,calibration
14823,calibration
14824,train
14825,train
14826,validation
14827,train
14828,train
14829,calibration
14830,train
14831,train
14832,train
14833,test
14834,validation
14835,train
14836,calibration
14837,train
14838,train
14839,train
14840,test
14841,train
14842,validation
14843,train
14844,train
14845,train
14846,train
14847,test
14848,train
14849,train
14850,test
14851,calibration
14852,train
14853,test
14854,test
14855,train
14856,train
14857,calibration
14858,calibration
14859,train
14860,test
14861,calibration
14862,train
14863,train
14864,train
14865,train
14866,train
14867,train
14868,train
14869,test
14870,train
14871,train
14872,test
14873,train
14874,test
14875,test
14876,train
14877,validation
14878,train
14879,train
14880,train
14881,test
14882,train
14883,train
14884,train
14885,train
14886,train
14887,train
14888,train
14889,train
14890,train
14891,test
14892,validation
14893,train
14894,validation
14895,train
14896,train
14897,validation
14898,train
14899,train
14900,train
14901,train
14902,test
14903,calibration
14904,train
14905,train
14906,test
14907,train
14908,train
14909,train
14910,train
14911,train
14912,train
14913,validation
14914,train
14915,train
14916,calibration
14917,train
14918,test
14919,train
14920,test
14921,train
14922,train
14923,train
14924,train
14925,train
14926,calibration
14927,train
14928,train
14929,train
14930,train
14931,test
14932,train
14933,calibration
14934,test
14935,validation
14936,validation
14937,train
14938,test
14939,train
14940,train
14941,train
14942,validation
14943,validation
14944,train
14945,test
14946,test
14947,train
14948,train
14949,train
14950,train
14951,train
14952,train
14953,train
14954,train
14955,calibration
14956,train
14957,calibration
14958,test
14959,test
14960,train
14961,train
14962,validation
14963,train
14964,train
14965,train
14966,validation
14967,validation
14968,train
14969,train
14970,train
14971,train
14972,train
14973,train
14974,validation
14975,train
14976,train
14977,test
14978,test
14979,train
14980,train
14981,test
14982,train
14983,train
14984,train
14985,train
14986,train
14987,test
14988,train
14989,test
14990,train
14991,train
14992,train
14993,train
14994,validation
14995,validation
14996,train
14997,calibration
14998,train
14999,test
15000,test
15001,train
15002,train
15003,validation
15004,train
15005,calibration
15006,train
15007,train
15008,calibration
15009,calibration
15010,train
15011,train
15012,train
15013,train
15014,train
15015,validation
15016,train
15017,test
15018,validation
15019,train
15020,validation
15021,train
15022,test
15023,train
15024,train
15025,train
15026,validation
15027,calibration
15028,train
15029,train
15030,test
15031,test
15032,train
15033,train
15034,train
15035,train
15036,validation
15037,validation
15038,train
15039,test
15040,test
15041,calibration
15042,train
15043,train
15044,validation
15045,train
15046,test
15047,train
15048,validation
15049,test
15050,train
15051,train
15052,validation
15053,train
15054,train
15055,validation
15056,test
15057,train
15058,calibration
15059,validation
15060,train
15061,train
15062,train
15063,test
15064,train
15065,train
15066,train
15067,train
15068,train
15069,train
15070,train
15071,validation
15072,train
15073,calibration
15074,validation
15075,train
15076,calibration
15077,train
15078,train
15079,train
15080,train
15081,train
15082,train
15083,calibration
15084,validation
15085,train
15086,train
15087,train
15088,train
15089,train
15090,train
15091,train
15092,train
15093,train
15094,train
15095,train
15096,train
15097,train
15098,test
15099,train
15100,calibration
15101,test
15102,test
15103,train
15104,train
15105,train
15106,validation
15107,train
15108,test
15109,validation
15110,test
15111,train
15112,test
15113,test
15114,validation
15115,validation
15116,validation
15117,validation
15118,train
15119,test
15120,train
15121,calibration
15122,train
15123,train
15124,train
15125,train
15126,train
15127,train
15128,validation
15129,train
15130,calibration
15131,train
15132,test
15133,train
15134,calibration
15135,validation
15136,calibration
15137,train
15138,train
15139,train
15140,validation
15141,validation
15142,train
15143,train
15144,train
15145,test
15146,train
15147,train
15148,test
15149,train
15150,train
15151,train
15152,validation
15153,train
15154,train
15155,train
15156,calibration
15157,train
15158,train
15159,train
15160,train
15161,calibration
15162,calibration
15163,calibration
15164,test
15165,train
15166,train
15167,validation
15168,train
15169,train
15170,train
15171,test
15172,test
15173,validation
15174,validation
15175,train
15176,calibration
15177,train
15178,train
15179,train
15180,test
15181,test
15182,train
15183,train
15184,calibration
15185,calibration
15186,train
15187,train
15188,train
15189,validation
15190,train
15191,train
15192,test
15193,validation
15194,train
15195,train
15196,train
15197,train
15198,validation
15199,calibration
15200,train
15201,train
15202,validation
15203,train
15204,train
15205,train
15206,train
15207,train
15208,test
15209,train
15210,calibration
15211,test
15212,test
15213,calibration
15214,train
15215,train
15216,train
15217,train
15218,validation
15219,train
15220,test
15221,train
15222,train
15223,calibration
15224,train
15225,train
15226,train
15227,train
15228,train
15229,train
15230,test
15231,validation
15232,train
15233,train
15234,calibration
15235,train
15236,test
15237,test
15238,test
15239,test
15240,validation
15241,train
15242,test
15243,train
15244,train
15245,train
15246,train
15247,train
15248,train
15249,train
15250,train
15251,calibration
15252,validation
15253,train
15254,train
15255,train
15256,train
15257,train
15258,test
15259,train
15260,train
15261,train
15262,train
15263,test
15264,train
15265,train
15266,test
15267,train
15268,test
15269,train
15270,train
15271,validation
15272,train
15273,test
15274,train
15275,train
15276,train
15277,train
15278,train
15279,validation
15280,train
15281,test
15282,train
15283,test
15284,train
15285,train
15286,test
15287,test
15288,validation
15289,validation
15290,validation
15291,test
15292,train
15293,train
15294,validation
15295,train
15296,test
15297,validation
15298,validation
15299,test
15300,calibration
15301,train
15302,train
15303,test
15304,train
15305,train
15306,test
15307,train
15308,train
15309,calibration
15310,train
15311,validation
15312,train
15313,train
15314,validation
15315,train
15316,train
15317,train
15318,train
15319,train
15320,train
15321,train
15322,train
15323,validation
15324,train
15325,train
15326,train
15327,train
15328,calibration
15329,train
15330,validation
15331,calibration
15332,calibration
15333,calibration
15334,validation
15335,train
15336,train
15337,test
15338,validation
15339,train
15340,train
15341,train
15342,train
15343,validation
15344,test
15345,validation
15346,train
15347,validation
15348,test
15349,train
15350,train
15351,train
15352,train
15353,train
15354,train
15355,calibration
15356,train
15357,train
15358,train
15359,validation
15360,train
15361,train
15362,train
15363,test
15364,test
15365,train
15366,train
15367,train
15368,train
15369,train
15370,test
15371,train
15372,train
15373,train
15374,train
15375,train
15376,train
15377,validation
15378,train
15379,train
15380,train
15381,test
15382,train
15383,validation
15384,train
15385,validation
15386,train
15387,train
15388,train
15389,train
15390,train
15391,validation
15392,test
15393,test
15394,train
15395,test
15396,test
15397,train
15398,train
15399,train
15400,test
15401,train
15402,calibration
15403,test
15404,calibration
15405,calibration
15406,train
15407,train
15408,train
15409,train
15410,train
15411,train
15412,validation
15413,validation
15414,train
15415,train
15416,train
15417,train
15418,validation
15419,train
15420,validation
15421,train
15422,validation
15423,test
15424,validation
15425,train
15426,test
15427,train
15428,train
15429,train
15430,test
15431,validation
15432,validation
15433,train
15434,validation
15435,validation
15436,test
15437,train
15438,calibration
15439,train
15440,test
15441,train
15442,validation
15443,train
15444,train
15445,train
15446,train
15447,train
15448,train
15449,train
15450,train
15451,train
15452,calibration
15453,validation
15454,validation
15455,train
15456,validation
15457,train
15458,train
15459,calibration
15460,validation
15461,train
15462,train
15463,train
15464,train
15465,train
15466,train
15467,calibration
15468,test
15469,train
15470,train
15471,train
15472,validation
15473,test
15474,validation
15475,validation
15476,validation
15477,train
15478,validation
15479,train
15480,train
15481,test
15482,train
15483,test
15484,validation
15485,train
15486,train
15487,train
15488,test
15489,calibration
15490,train
15491,train
15492,calibration
15493,train
15494,train
15495,train
15496,validation
15497,test
15498,test
15499,test
15500,train
15501,train
15502,calibration
15503,test
15504,train
15505,train
15506,train
15507,train
15508,train
15509,train
15510,validation
15511,train
15512,train
15513,train
15514,train
15515,calibration
15516,train
15517,validation
15518,train
15519,train
15520,train
15521,test
15522,calibration
15523,train
15524,train
15525,train
15526,train
15527,train
15528,train
15529,test
15530,test
15531,calibration
15532,validation
15533,test
15534,train
15535,test
15536,train
15537,train
15538,test
15539,validation
15540,calibration
15541,train
15542,validation
15543,train
15544,train
15545,calibration
15546,train
15547,test
15548,train
15549,calibration
15550,calibration
15551,train
15552,train
15553,validation
15554,train
15555,train
15556,test
15557,calibration
15558,test
15559,train
15560,train
15561,train
15562,train
15563,train
15564,train
15565,train
15566,train
15567,train
15568,test
15569,test
15570,test
15571,train
15572,train
15573,train
15574,validation
15575,train
15576,calibration
15577,train
15578,test
15579,test
15580,train
15581,train
15582,train
15583,train
15584,train
15585,train
15586,validation
15587,train
15588,train
15589,calibration
15590,test
15591,validation
15592,validation
15593,train
15594,train
15595,validation
15596,validation
15597,calibration
15598,train
15599,train
15600,train
15601,train
15602,test
15603,test
15604,test
15605,train
15606,test
15607,calibration
15608,train
15609,train
15610,train
15611,train
15612,train
15613,train
15614,train
15615,test
15616,train
15617,train
15618,train
15619,validation
15620,validation
15621,test
15622,calibration
15623,train
15624,train
15625,validation
15626,train
15627,train
15628,train
15629,train
15630,calibration
15631,test
15632,train
15633,train
15634,test
15635,train
15636,calibration
15637,test
15638,train
15639,train
15640,train
15641,train
15642,train
15643,validation
15644,train
15645,calibration
15646,validation
15647,validation
15648,train
15649,validation
15650,train
15651,validation
15652,test
15653,train
15654,train
15655,calibration
15656,test
15657,test
15658,train
15659,calibration
15660,train
15661,train
15662,train
15663,validation
15664,train
15665,test
15666,train
15667,train
15668,validation
15669,train
15670,train
15671,validation
15672,validation
15673,train
15674,train
15675,validation
15676,train
15677,train
15678,train
15679,validation
15680,train
15681,validation
15682,validation
15683,train
15684,validation
15685,test
15686,calibration
15687,validation
15688,train
15689,train
15690,calibration
15691,train
15692,train
15693,train
15694,train
15695,train
15696,train
15697,test
15698,train
15699,validation
15700,train
15701,train
15702,train
15703,train
15704,train
15705,validation
15706,calibration
15707,train
15708,train
15709,test
15710,train
15711,train
15712,train
15713,train
15714,train
15715,train
15716,train
15717,train
15718,test
15719,train
15720,validation
15721,train
15722,calibration
15723,test
15724,train
15725,validation
15726,train
15727,test
15728,validation
15729,train
15730,test
15731,test
15732,train
15733,train
15734,train
15735,train
15736,train
15737,validation
15738,train
15739,calibration
15740,train
15741,train
15742,calibration
15743,validation
15744,test
15745,validation
15746,train
15747,train
15748,train
15749,train
15750,train
15751,train
15752,validation
15753,train
15754,train
15755,train
15756,test
15757,train
15758,train
15759,validation
15760,test
15761,train
15762,train
15763,test
15764,train
15765,train
15766,calibration
15767,test
15768,train
15769,train
15770,train
15771,test
15772,test
15773,train
15774,train
15775,train
15776,test
15777,validation
15778,validation
15779,validation
15780,test
15781,train
15782,train
15783,train
15784,train
15785,validation
15786,train
15787,train
15788,train
15789,train
15790,train
15791,train
15792,train
15793,test
15794,validation
15795,train
15796,train
15797,train
15798,train
15799,validation
15800,validation
15801,train
15802,train
15803,validation
15804,validation
15805,train
15806,train
15807,validation
15808,validation
15809,validation
15810,calibration
15811,train
15812,validation
15813,validation
15814,train
15815,validation
15816,train
15817,train
15818,train
15819,test
15820,calibration
15821,validation
15822,train
15823,train
15824,test
15825,train
15826,train
15827,train
15828,test
15829,train
15830,train
15831,train
15832,train
15833,train
15834,test
15835,train
15836,train
15837,train
15838,validation
15839,validation
15840,test
15841,test
15842,test
15843,test
15844,test
15845,validation
15846,train
15847,train
15848,validation
15849,calibration
15850,calibration
15851,test
15852,calibration
15853,train
15854,train
15855,train
15856,train
15857,validation
15858,train
15859,train
15860,train
15861,train
15862,calibration
15863,train
15864,train
15865,test
15866,train
15867,train
15868,test
15869,train
15870,train
15871,validation
15872,train
15873,calibration
15874,validation
15875,test
15876,validation
15877,train
15878,test
15879,train
15880,train
15881,train
15882,train
15883,train
15884,train
15885,train
15886,train
15887,train
15888,test
15889,train
15890,train
15891,train
15892,train
15893,train
15894,calibration
15895,train
15896,train
15897,train
15898,train
15899,calibration
15900,test
15901,train
15902,validation
15903,train
15904,validation
15905,validation
15906,train
15907,train
15908,train
15909,train
15910,test
15911,calibration
15912,validation
15913,train
15914,test
15915,train
15916,train
15917,train
15918,calibration
15919,train
15920,train
15921,calibration
15922,train
15923,train
15924,train
15925,train
15926,train
15927,validation
15928,calibration
15929,validation
15930,train
15931,calibration
15932,train
15933,validation
15934,validation
15935,train
15936,validation
15937,train
15938,train
15939,train
15940,train
15941,train
15942,validation
15943,test
15944,test
15945,validation
15946,train
15947,test
15948,validation
15949,train
15950,train
15951,test
15952,test
15953,test
15954,calibration
15955,test
15956,calibration
15957,train
15958,train
15959,test
15960,train
15961,test
15962,train
15963,calibration
15964,test
15965,train
15966,train
15967,train
15968,calibration
15969,train
15970,train
15971,train
15972,train
15973,validation
15974,test
15975,test
15976,train
15977,train
15978,test
15979,train
15980,train
15981,test
15982,validation
15983,test
15984,test
15985,validation
15986,train
15987,test
15988,train
15989,train
15990,validation
15991,test
15992,train
15993,train
15994,calibration
15995,train
15996,train
15997,train
15998,train
15999,calibration
16000,calibration
16001,train
16002,train
16003,train
16004,train
16005,train
16006,calibration
16007,test
16008,test
16009,calibration
16010,train
16011,calibration
16012,calibration
16013,calibration
16014,calibration
16015,test
16016,validation
16017,train
16018,train
16019,train
16020,train
16021,validation
16022,validation
16023,train
16024,train
16025,test
16026,train
16027,validation
16028,calibration
16029,train
16030,train
16031,train
16032,train
16033,train
16034,validation
16035,train
16036,train
16037,validation
16038,train
16039,train
16040,test
16041,test
16042,train
16043,validation
16044,train
16045,train
16046,validation
16047,train
16048,train
16049,validation
16050,validation
16051,test
16052,validation
16053,train
16054,test
16055,test
16056,calibration
16057,validation
16058,train
16059,train
16060,train
16061,calibration
16062,test
16063,validation
16064,train
16065,calibration
16066,train
16067,calibration
16068,train
16069,test
16070,train
16071,test
16072,test
16073,validation
16074,train
16075,train
16076,validation
16077,train
16078,validation
16079,train
16080,train
16081,train
16082,train
16083,train
16084,validation
16085,test
16086,validation
16087,train
16088,train
16089,calibration
16090,test
16091,train
16092,train
16093,train
16094,train
16095,validation
16096,train
16097,test
16098,test
16099,train
16100,train
16101,train
16102,train
16103,train
16104,train
16105,train
16106,train
16107,test
16108,train
16109,train
16110,test
16111,validation
16112,calibration
16113,train
16114,test
16115,test
16116,train
16117,train
16118,train
16119,calibration
16120,validation
16121,train
16122,train
16123,train
16124,validation
16125,train
16126,train
16127,calibration
16128,calibration
16129,train
16130,test
16131,train
16132,test
16133,validation
16134,train
16135,train
16136,train
16137,test
16138,train
16139,train
16140,validation
16141,train
16142,calibration
16143,train
16144,test
16145,train
16146,validation
16147,test
16148,test
16149,train
16150,train
16151,test
16152,train
16153,train
16154,validation
16155,validation
16156,train
16157,calibration
16158,train
16159,train
16160,train
16161,test
16162,train
16163,train
16164,test
16165,train
16166,train
16167,train
16168,train
16169,validation
16170,validation
16171,train
16172,calibration
16173,train
16174,train
16175,test
16176,train
16177,train
16178,test
16179,train
16180,train
16181,train
16182,train
16183,train
16184,validation
16185,train
16186,test
16187,validation
16188,train
16189,validation
16190,train
16191,train
16192,train
16193,train
16194,validation
16195,train
16196,validation
16197,train
16198,train
16199,train
16200,test
16201,train
16202,test
16203,test
16204,test
16205,train
16206,train
16207,train
16208,train
16209,train
16210,train
16211,train
16212,train
16213,train
16214,train
16215,calibration
16216,validation
16217,train
16218,train
16219,train
16220,train
16221,train
16222,train
16223,train
16224,test
16225,calibration
16226,train
16227,validation
16228,test
16229,train
16230,train
16231,test
16232,validation
16233,train
16234,train
16235,train
16236,calibration
16237,train
16238,test
16239,calibration
16240,test
16241,train
16242,test
16243,train
16244,calibration
16245,validation
16246,train
16247,test
16248,test
16249,validation
16250,train
16251,calibration
16252,train
16253,train
16254,train
16255,test
16256,calibration
16257,train
16258,train
16259,train
16260,train
16261,test
16262,validation
16263,train
16264,train
16265,validation
16266,train
16267,train
16268,validation
16269,train
16270,test
16271,train
16272,train
16273,test
16274,train
16275,train
16276,train
16277,test
16278,train
16279,calibration
16280,validation
16281,calibration
16282,train
16283,validation
16284,calibration
16285,train
16286,train
16287,test
16288,train
16289,test
16290,train
16291,train
16292,train
16293,test
16294,calibration
16295,calibration
16296,train
16297,test
16298,validation
16299,train
16300,train
16301,train
16302,test
16303,train
16304,calibration
16305,train
16306,train
16307,train
16308,train
16309,train
16310,train
16311,train
16312,calibration
16313,validation
16314,validation
16315,train
16316,train
16317,train
16318,train
16319,train
16320,train
16321,train
16322,validation
16323,train
16324,validation
16325,train
16326,train
16327,train
16328,test
16329,calibration
16330,train
16331,train
16332,train
16333,train
16334,train
16335,calibration
16336,train
16337,test
16338,train
16339,calibration
16340,calibration
16341,train
16342,train
16343,train
16344,train
16345,train
16346,validation
16347,train
16348,train
16349,test
16350,train
16351,calibration
16352,test
16353,calibration
16354,train
16355,train
16356,train
16357,validation
16358,train
16359,train
16360,train
16361,test
16362,calibration
16363,train
16364,validation
16365,train
16366,train
16367,train
16368,calibration
16369,train
16370,train
16371,train
16372,test
16373,test
16374,validation
16375,train
16376,train
16377,validation
16378,train
16379,calibration
16380,validation
16381,train
16382,calibration
16383,train
16384,test
16385,calibration
16386,train
16387,train
16388,train
16389,train
16390,train
16391,train
16392,test
16393,validation
16394,train
16395,train
16396,calibration
16397,calibration
16398,validation
16399,train
16400,validation
16401,train
16402,train
16403,train
16404,train
16405,train
16406,train
16407,validation
16408,test
16409,calibration
16410,train
16411,calibration
16412,train
16413,calibration
16414,train
16415,test
16416,validation
16417,train
16418,train
16419,calibration
16420,train
16421,train
16422,train
16423,validation
16424,test
16425,train
16426,train
16427,train
16428,train
16429,calibration
16430,train
16431,validation
16432,calibration
16433,train
16434,train
16435,train
16436,train
16437,test
16438,train
16439,test
16440,train
16441,train
16442,train
16443,train
16444,test
16445,test
16446,train
16447,validation
16448,train
16449,train
16450,validation
16451,train
16452,train
16453,validation
16454,train
16455,train
16456,validation
16457,train
16458,train
16459,train
16460,train
16461,train
16462,train
16463,train
16464,train
16465,train
16466,validation
16467,validation
16468,train
16469,train
16470,train
16471,train
16472,train
16473,train
16474,calibration
16475,validation
16476,train
16477,test
16478,validation
16479,train
16480,validation
16481,train
16482,train
16483,train
16484,validation
16485,calibration
16486,test
16487,validation
16488,train
16489,validation
16490,train
16491,calibration
16492,train
16493,train
16494,train
16495,test
16496,test
16497,train
16498,train
16499,train
16500,validation
16501,calibration
16502,train
16503,test
16504,train
16505,train
16506,validation
16507,train
16508,train
16509,train
16510,calibration
16511,validation
16512,train
16513,calibration
16514,train
16515,train
16516,train
16517,train
16518,train
16519,train
16520,validation
16521,train
16522,validation
16523,train
16524,train
16525,train
16526,validation
16527,train
16528,train
16529,train
16530,train
16531,calibration
16532,train
16533,test
16534,train
16535,train
16536,train
16537,train
16538,train
16539,test
16540,train
16541,test
16542,train
16543,train
16544,train
16545,train
16546,train
16547,train
16548,calibration
16549,calibration
16550,test
16551,validation
16552,validation
16553,train
16554,train
16555,calibration
16556,test
16557,train
16558,train
16559,calibration
16560,test
16561,train
16562,train
16563,test
16564,train
16565,train
16566,train
16567,train
16568,train
16569,train
16570,train
16571,train
16572,train
16573,train
16574,train
16575,train
16576,train
16577,train
16578,train
16579,test
16580,validation
16581,train
16582,train
16583,train
16584,calibration
16585,validation
16586,train
16587,calibration
16588,test
16589,train
16590,train
16591,train
16592,train
16593,validation
16594,calibration
16595,train
16596,test
16597,train
16598,test
16599,calibration
16600,validation
16601,calibration
16602,train
16603,test
16604,test
16605,test
16606,test
16607,calibration
16608,train
16609,validation
16610,train
16611,train
16612,test
16613,train
16614,validation
16615,validation
16616,train
16617,train
16618,validation
16619,validation
16620,train
16621,test
16622,train
16623,train
16624,validation
16625,train
16626,train
16627,validation
16628,train
16629,train
16630,train
16631,calibration
16632,train
16633,train
16634,train
16635,validation
16636,test
16637,train
16638,validation
16639,validation
16640,train
16641,validation
16642,train
16643,calibration
16644,train
16645,train
16646,validation
16647,validation
16648,validation
16649,train
16650,validation
16651,validation
16652,train
16653,train
16654,validation
16655,train
16656,train
16657,train
16658,test
16659,calibration
16660,test
16661,train
16662,train
16663,calibration
16664,train
16665,test
16666,calibration
16667,train
16668,train
16669,train
16670,train
16671,train
16672,train
16673,train
16674,train
16675,calibration
16676,calibration
16677,train
16678,train
16679,train
16680,train
16681,train
16682,train
16683,train
16684,validation
16685,test
16686,train
16687,train
16688,test
16689,validation
16690,calibration
16691,train
16692,train
16693,validation
16694,train
16695,train
16696,train
16697,test
16698,train
16699,validation
16700,validation
16701,train
16702,train
16703,train
16704,validation
16705,validation
16706,test
16707,train
16708,train
16709,train
16710,validation
16711,test
16712,train
16713,train
16714,train
16715,train
16716,calibration
16717,train
16718,test
16719,train
16720,train
16721,train
16722,validation
16723,train
16724,train
16725,train
16726,validation
16727,train
16728,train
16729,train
16730,test
16731,calibration
16732,train
16733,calibration
16734,test
16735,test
16736,train
16737,train
16738,train
16739,train
16740,train
16741,test
16742,train
16743,train
16744,test
16745,test
16746,test
16747,train
16748,validation
16749,train
16750,train
16751,test
16752,train
16753,train
16754,train
16755,train
16756,train
16757,train
16758,calibration
16759,train
16760,train
16761,train
16762,train
16763,train
16764,test
16765,test
16766,train
16767,train
16768,train
16769,validation
16770,train
16771,calibration
16772,train
16773,calibration
16774,train
16775,train
16776,train
16777,validation
16778,train
16779,train
16780,validation
16781,train
16782,train
16783,validation
16784,train
16785,validation
16786,train
16787,train
16788,train
16789,train
16790,test
16791,train
16792,validation
16793,test
16794,train
16795,test
16796,train
16797,train
16798,train
16799,train
16800,calibration
16801,test
16802,train
16803,train
16804,train
16805,train
16806,train
16807,train
16808,test
16809,calibration
16810,validation
16811,train
16812,validation
16813,test
16814,validation
16815,train
16816,test
16817,test
16818,test
16819,calibration
16820,validation
16821,validation
16822,train
16823,train
16824,train
16825,train
16826,test
16827,train
16828,train
16829,train
16830,train
16831,validation
16832,train
16833,train
16834,train
16835,calibration
16836,train
16837,test
16838,validation
16839,test
16840,train
16841,train
16842,validation
16843,validation
16844,calibration
16845,train
16846,train
16847,train
16848,train
16849,calibration
16850,train
16851,calibration
16852,train
16853,calibration
16854,train
16855,validation
16856,validation
16857,train
16858,calibration
16859,calibration
16860,train
16861,train
16862,train
16863,train
16864,train
16865,train
16866,train
16867,validation
16868,calibration
16869,validation
16870,train
16871,test
16872,train
16873,validation
16874,calibration
16875,validation
16876,train
16877,train
16878,train
16879,validation
16880,validation
16881,train
16882,train
16883,train
16884,train
16885,train
16886,train
16887,train
16888,train
16889,calibration
16890,train
16891,test
16892,train
16893,test
16894,train
16895,test
16896,train
16897,train
16898,train
16899,train
16900,train
16901,train
16902,train
16903,test
16904,test
16905,train
16906,train
16907,validation
16908,validation
16909,test
16910,train
16911,train
16912,train
16913,validation
16914,test
16915,train
16916,train
16917,train
16918,train
16919,train
16920,train
16921,validation
16922,calibration
16923,validation
16924,train
16925,train
16926,train
16927,train
16928,train
16929,train
16930,calibration
16931,train
16932,validation
16933,validation
16934,validation
16935,train
16936,train
16937,train
16938,test
16939,validation
16940,train
16941,train
16942,train
16943,train
16944,train
16945,calibration
16946,train
16947,train
16948,calibration
16949,train
16950,train
16951,calibration
16952,train
16953,train
16954,train
16955,train
16956,validation
16957,train
16958,train
16959,train
16960,train
16961,train
16962,validation
16963,validation
16964,train
16965,train
16966,train
16967,train
16968,train
16969,train
16970,train
16971,validation
16972,validation
16973,test
16974,test
16975,train
16976,test
16977,calibration
16978,train
16979,validation
16980,train
16981,test
16982,train
16983,test
16984,validation
16985,train
16986,train
16987,test
16988,calibration
16989,train
16990,calibration
16991,train
16992,test
16993,test
16994,validation
16995,validation
16996,test
16997,train
16998,validation
16999,train
17000,train
17001,train
17002,calibration
17003,train
17004,train
17005,train
17006,train
17007,validation
17008,train
17009,train
17010,validation
17011,train
17012,train
17013,validation
17014,validation
17015,train
17016,calibration
17017,train
17018,validation
17019,train
17020,train
17021,test
17022,train
17023,test
17024,validation
17025,train
17026,test
17027,train
17028,train
17029,train
17030,train
17031,test
17032,validation
17033,train
17034,train
17035,train
17036,test
17037,test
17038,train
17039,train
17040,train
17041,train
17042,train
17043,train
17044,train
17045,train
17046,train
17047,validation
17048,test
17049,train
17050,train
17051,train
17052,validation
17053,train
17054,calibration
17055,validation
17056,test
17057,train
17058,train
17059,train
17060,train
17061,train
17062,validation
17063,train
17064,train
17065,train
17066,train
17067,calibration
17068,validation
17069,train
17070,train
17071,train
17072,train
17073,train
17074,train
17075,train
17076,train
17077,calibration
17078,train
17079,train
17080,validation
17081,validation
17082,train
17083,test
17084,test
17085,train
17086,validation
17087,train
17088,train
17089,train
17090,train
17091,train
17092,validation
17093,train
17094,train
17095,train
17096,train
17097,train
17098,train
17099,test
17100,calibration
17101,train
17102,train
17103,train
17104,test
17105,test
17106,train
17107,train
17108,test
17109,train
17110,train
17111,train
17112,test
17113,test
17114,train
17115,test
17116,train
17117,validation
17118,train
17119,train
17120,train
17121,validation
17122,validation
17123,test
17124,validation
17125,test
17126,train
17127,validation
17128,test
17129,train
17130,calibration
17131,validation
17132,train
17133,test
17134,test
17135,test
17136,train
17137,validation
17138,train
17139,train
17140,validation
17141,train
17142,train
17143,train
17144,train
17145,train
17146,calibration
17147,test
17148,train
17149,train
17150,train
17151,train
17152,train
17153,train
17154,train
17155,train
17156,test
17157,train
17158,train
17159,validation
17160,train
17161,train
17162,train
17163,train
17164,train
17165,train
17166,train
17167,train
17168,validation
17169,train
17170,train
17171,train
17172,train
17173,train
17174,train
17175,train
17176,test
17177,calibration
17178,calibration
17179,train
17180,train
17181,test
17182,calibration
17183,train
17184,test
17185,validation
17186,train
17187,calibration
17188,train
17189,train
17190,train
17191,train
17192,train
17193,train
17194,train
17195,train
17196,train
17197,validation
17198,train
17199,train
17200,train
17201,test
17202,train
17203,test
17204,train
17205,train
17206,validation
17207,train
17208,validation
17209,train
17210,test
17211,train
17212,test
17213,calibration
17214,train
17215,test
17216,calibration
17217,train
17218,test
17219,calibration
17220,train
17221,validation
17222,train
17223,calibration
17224,test
17225,test
17226,train
17227,test
17228,train
17229,train
17230,train
17231,train
17232,train
17233,validation
17234,train
17235,validation
17236,train
17237,train
17238,train
17239,train
17240,calibration
17241,train
17242,validation
17243,validation
17244,test
17245,train
17246,train
17247,validation
17248,validation
17249,train
17250,test
17251,calibration
17252,train
17253,validation
17254,train
17255,train
17256,train
17257,validation
17258,train
17259,train
17260,calibration
17261,train
17262,train
17263,validation
17264,train
17265,validation
17266,train
17267,test
17268,validation
17269,train
17270,validation
17271,train
17272,validation
17273,train
17274,calibration
17275,validation
17276,validation
17277,train
17278,train
17279,train
17280,train
17281,train
17282,train
17283,validation
17284,test
17285,train
17286,train
17287,train
17288,train
17289,train
17290,validation
17291,test
17292,train
17293,train
17294,train
17295,test
17296,train
17297,train
17298,test
17299,validation
17300,train
17301,train
17302,train
17303,train
17304,train
17305,train
17306,test
17307,test
17308,train
17309,train
17310,train
17311,validation
17312,train
17313,train
17314,train
17315,test
17316,train
17317,calibration
17318,train
17319,train
17320,train
17321,test
17322,validation
17323,calibration
17324,test
17325,train
17326,train
17327,validation
17328,test
17329,train
17330,train
17331,train
17332,train
17333,validation
17334,train
17335,train
17336,calibration
17337,validation
17338,train
17339,test
17340,train
17341,train
17342,train
17343,validation
17344,test
17345,calibration
17346,test
17347,calibration
17348,train
17349,train
17350,train
17351,validation
17352,validation
17353,calibration
17354,train
17355,test
17356,train
17357,train
17358,train
17359,train
17360,calibration
17361,test
17362,test
17363,validation
17364,train
17365,validation
17366,train
17367,train
17368,train
17369,train
17370,train
17371,validation
17372,validation
17373,train
17374,train
17375,train
17376,train
17377,train
17378,train
17379,test
17380,train
17381,train
17382,train
17383,test
17384,train
17385,validation
17386,train
17387,train
17388,train
17389,train
17390,train
17391,test
17392,calibration
17393,train
17394,test
17395,train
17396,train
17397,train
17398,train
17399,test
17400,train
17401,train
17402,test
17403,train
17404,train
17405,calibration
17406,test
17407,train
17408,test
17409,train
17410,train
17411,calibration
17412,train
17413,calibration
17414,train
17415,train
17416,train
17417,train
17418,test
17419,train
17420,validation
17421,calibration
17422,test
17423,train
17424,train
17425,test
17426,test
17427,train
17428,calibration
17429,train
17430,calibration
17431,calibration
17432,train
17433,train
17434,validation
17435,test
17436,calibration
17437,train
17438,train
17439,train
17440,test
17441,train
17442,train
17443,train
17444,train
17445,test
17446,validation
17447,train
17448,train
17449,train
17450,train
17451,train
17452,calibration
17453,validation
17454,validation
17455,validation
17456,train
17457,validation
17458,calibration
17459,train
17460,calibration
17461,calibration
17462,validation
17463,validation
17464,train
17465,train
17466,validation
17467,validation
17468,train
17469,train
17470,test
17471,test
17472,train
17473,test
17474,test
17475,train
17476,validation
17477,test
17478,train
17479,train
17480,calibration
17481,calibration
17482,train
17483,train
17484,train
17485,train
17486,train
17487,train
17488,validation
17489,train
17490,calibration
17491,test
17492,validation
17493,train
17494,train
17495,train
17496,train
17497,train
17498,train
17499,validation
17500,calibration
17501,train
17502,train
17503,validation
17504,train
17505,train
17506,validation
17507,train
17508,train
17509,validation
17510,train
17511,test
17512,test
17513,validation
17514,train
17515,train
17516,train
17517,train
17518,calibration
17519,train
17520,train
17521,validation
17522,validation
17523,test
17524,train
17525,train
17526,test
17527,train
17528,test
17529,train
17530,validation
17531,train
17532,train
17533,test
17534,train
17535,train
17536,test
17537,calibration
17538,test
17539,train
17540,train
17541,train
17542,test
17543,validation
17544,train
17545,validation
17546,test
17547,validation
17548,train
17549,train
17550,calibration
17551,train
17552,test
17553,train
17554,calibration
17555,train
17556,train
17557,train
17558,calibration
17559,test
17560,train
17561,test
17562,train
17563,train
17564,train
17565,train
17566,test
17567,calibration
17568,train
17569,train
17570,train
17571,train
17572,train
17573,validation
17574,calibration
17575,calibration
17576,calibration
17577,train
17578,test
17579,train
17580,calibration
17581,train
17582,calibration
17583,test
17584,validation
17585,calibration
17586,validation
17587,train
17588,train
17589,calibration
17590,test
17591,train
17592,train
17593,train
17594,train
17595,train
17596,test
17597,train
17598,calibration
17599,train
17600,train
17601,test
17602,train
17603,train
17604,train
17605,train
17606,validation
17607,train
17608,validation
17609,validation
17610,validation
17611,calibration
17612,validation
17613,validation
17614,test
17615,train
17616,train
17617,train
17618,calibration
17619,train
17620,train
17621,train
17622,calibration
17623,calibration
17624,train
17625,train
17626,test
17627,train
17628,validation
17629,train
17630,train
17631,test
17632,train
17633,calibration
17634,train
17635,test
17636,train
17637,train
17638,calibration
17639,train
17640,calibration
17641,train
17642,train
17643,train
17644,calibration
17645,train
17646,train
17647,train
17648,validation
17649,train
17650,train
17651,test
17652,validation
17653,train
17654,validation
17655,test
17656,train
17657,calibration
17658,validation
17659,train
17660,validation
17661,test
17662,train
17663,train
17664,calibration
17665,train
17666,validation
17667,validation
17668,validation
17669,train
17670,calibration
17671,validation
17672,validation
17673,train
17674,calibration
17675,train
17676,validation
17677,train
17678,validation
17679,test
17680,calibration
17681,calibration
17682,train
17683,train
17684,test
17685,train
17686,train
17687,test
17688,train
17689,calibration
17690,train
17691,calibration
17692,validation
17693,test
17694,train
17695,train
17696,train
17697,validation
17698,validation
17699,train
17700,calibration
17701,train
17702,train
17703,train
17704,validation
17705,calibration
17706,train
17707,train
17708,calibration
17709,train
17710,train
17711,train
17712,validation
17713,train
17714,test
17715,train
17716,train
17717,train
17718,train
17719,train
17720,calibration
17721,train
17722,train
17723,test
17724,train
17725,train
17726,train
17727,train
17728,test
17729,validation
17730,train
17731,test
17732,train
17733,train
17734,train
17735,test
17736,train
17737,train
17738,train
17739,train
17740,validation
17741,train
17742,test
17743,train
17744,train
17745,train
17746,calibration
17747,train
17748,train
17749,validation
17750,train
17751,train
17752,train
17753,train
17754,test
17755,train
17756,test
17757,train
17758,train
17759,test
17760,train
17761,train
17762,test
17763,test
17764,train
17765,train
17766,train
17767,train
17768,test
17769,test
17770,train
17771,train
17772,train
17773,train
17774,validation
17775,test
17776,test
17777,test
17778,train
17779,validation
17780,train
17781,test
17782,test
17783,train
17784,train
17785,train
17786,train
17787,train
17788,train
17789,train
17790,train
17791,train
17792,train
17793,train
17794,train
17795,train
17796,train
17797,validation
17798,validation
17799,test
17800,validation
17801,train
17802,test
17803,test
17804,validation
17805,validation
17806,validation
17807,validation
17808,train
17809,train
17810,validation
17811,train
17812,train
17813,train
17814,train
17815,validation
17816,train
17817,train
17818,train
17819,train
17820,train
17821,calibration
17822,train
17823,train
17824,calibration
17825,validation
17826,validation
17827,calibration
17828,validation
17829,test
17830,test
17831,validation
17832,validation
17833,validation
17834,test
17835,train
17836,calibration
17837,test
17838,train
17839,train
17840,train
17841,train
17842,calibration
17843,train
17844,train
17845,train
17846,train
17847,validation
17848,train
17849,train
17850,validation
17851,validation
17852,test
17853,train
17854,train
17855,train
17856,train
17857,calibration
17858,validation
17859,validation
17860,calibration
17861,train
17862,train
17863,train
17864,validation
17865,validation
17866,test
17867,train
17868,calibration
17869,test
17870,train
17871,validation
17872,train
17873,validation
17874,train
17875,test
17876,test
17877,validation
17878,test
17879,train
17880,calibration
17881,train
17882,train
17883,validation
17884,train
17885,train
17886,train
17887,train
17888,train
17889,train
17890,validation
17891,train
17892,test
17893,validation
17894,train
17895,validation
17896,validation
17897,test
17898,calibration
17899,train
17900,validation
17901,train
17902,train
17903,validation
17904,train
17905,calibration
17906,train
17907,train
17908,train
17909,train
17910,train
17911,train
17912,train
17913,test
17914,test
17915,validation
17916,train
17917,train
17918,train
17919,train
17920,train
17921,train
17922,train
17923,validation
17924,train
17925,test
17926,train
17927,train
17928,train
17929,validation
17930,train
17931,validation
17932,train
17933,test
17934,train
17935,test
17936,train
17937,validation
17938,test
17939,train
17940,train
17941,train
17942,train
17943,validation
17944,validation
17945,train
17946,train
17947,train
17948,train
17949,train
17950,test
17951,train
17952,train
17953,train
17954,validation
17955,validation
17956,train
17957,train
17958,train
17959,train
17960,train
17961,validation
17962,calibration
17963,validation
17964,test
17965,train
17966,calibration
17967,train
17968,train
17969,validation
17970,test
17971,train
17972,calibration
17973,train
17974,train
17975,train
17976,test
17977,train
17978,validation
17979,train
17980,train
17981,train
17982,test
17983,train
17984,train
17985,train
17986,train
17987,validation
17988,train
17989,train
17990,train
17991,test
17992,train
17993,train
17994,validation
17995,train
17996,calibration
17997,train
17998,test
17999,train
18000,train
18001,train
18002,train
18003,test
18004,validation
18005,test
18006,validation
18007,validation
18008,test
18009,train
18010,train
18011,train
18012,validation
18013,train
18014,calibration
18015,train
18016,train
18017,calibration
18018,train
18019,train
18020,train
18021,test
18022,calibration
18023,validation
18024,train
18025,test
18026,test
18027,train
18028,train
18029,validation
18030,train
18031,calibration
18032,train
18033,calibration
18034,train
18035,train
18036,test
18037,train
18038,train
18039,test
18040,test
18041,calibration
18042,train
18043,validation
18044,train
18045,validation
18046,validation
18047,train
18048,train
18049,test
18050,validation
18051,train
18052,train
18053,train
18054,train
18055,train
18056,test
18057,train
18058,train
18059,test
18060,train
18061,train
18062,train
18063,test
18064,train
18065,test
18066,train
18067,train
18068,validation
18069,train
18070,calibration
18071,train
18072,test
18073,validation
18074,validation
18075,test
18076,train
18077,train
18078,validation
18079,test
18080,train
18081,train
18082,train
18083,test
18084,train
18085,test
18086,train
18087,validation
18088,train
18089,test
18090,validation
18091,validation
18092,train
18093,validation
18094,train
18095,test
18096,train
18097,train
18098,test
18099,validation
18100,validation
18101,train
18102,calibration
18103,train
18104,train
18105,train
18106,test
18107,test
18108,train
18109,train
18110,train
18111,train
18112,test
18113,train
18114,test
18115,test
18116,test
18117,train
18118,train
18119,train
18120,train
18121,train
18122,validation
18123,test
18124,train
18125,train
18126,validation
18127,validation
18128,train
18129,train
18130,train
18131,test
18132,validation
18133,train
18134,train
18135,train
18136,train
18137,train
18138,train
18139,test
18140,train
18141,train
18142,train
18143,train
18144,test
18145,train
18146,calibration
18147,validation
18148,validation
18149,train
18150,validation
18151,train
18152,validation
18153,train
18154,train
18155,calibration
18156,calibration
18157,train
18158,train
18159,calibration
18160,train
18161,train
18162,train
18163,validation
18164,test
18165,validation
18166,train
18167,train
18168,train
18169,train
18170,train
18171,train
18172,validation
18173,train
18174,train
18175,calibration
18176,train
18177,validation
18178,calibration
18179,train
18180,train
18181,train
18182,train
18183,calibration
18184,validation
18185,test
18186,train
18187,train
18188,train
18189,test
18190,train
18191,train
18192,train
18193,calibration
18194,train
18195,train
18196,train
18197,train
18198,validation
18199,train
18200,train
18201,train
18202,validation
18203,train
18204,train
18205,train
18206,train
18207,validation
18208,train
18209,train
18210,test
18211,train
18212,train
18213,calibration
18214,train
18215,train
18216,train
18217,validation
18218,train
18219,train
18220,train
18221,calibration
18222,train
18223,train
18224,train
18225,train
18226,train
18227,train
18228,train
18229,test
18230,train
18231,train
18232,train
18233,calibration
18234,train
18235,train
18236,test
18237,train
18238,train
18239,train
18240,train
18241,train
18242,test
18243,train
18244,validation
18245,test
18246,test
18247,test
18248,train
18249,calibration
18250,validation
18251,test
18252,validation
18253,train
18254,train
18255,train
18256,train
18257,validation
18258,train
18259,train
18260,train
18261,train
18262,validation
18263,validation
18264,test
18265,validation
18266,train
18267,train
18268,validation
18269,test
18270,train
18271,train
18272,train
18273,train
18274,train
18275,test
18276,train
18277,calibration
18278,train
18279,train
18280,train
18281,train
18282,train
18283,train
18284,train
18285,validation
18286,calibration
18287,train
18288,train
18289,test
18290,train
18291,train
18292,validation
18293,validation
18294,validation
18295,train
18296,train
18297,train
18298,train
18299,train
18300,train
18301,calibration
18302,validation
18303,test
18304,train
18305,train
18306,test
18307,train
18308,test
18309,train
18310,train
18311,train
18312,train
18313,train
18314,validation
18315,test
18316,train
18317,test
18318,train
18319,test
18320,train
18321,calibration
18322,train
18323,train
18324,validation
18325,train
18326,train
18327,train
18328,test
18329,validation
18330,validation
18331,calibration
18332,train
18333,train
18334,train
18335,train
18336,train
18337,train
18338,train
18339,train
18340,calibration
18341,test
18342,test
18343,train
18344,train
18345,train
18346,train
18347,train
18348,validation
18349,train
18350,validation
18351,train
18352,train
18353,test
18354,train
18355,train
18356,train
18357,train
18358,train
18359,train
18360,train
18361,validation
18362,test
18363,validation
18364,validation
18365,train
18366,train
18367,train
18368,train
18369,train
18370,test
18371,train
18372,train
18373,calibration
18374,calibration
18375,calibration
18376,validation
18377,train
18378,train
18379,train
18380,train
18381,train
18382,test
18383,validation
18384,train
18385,validation
18386,train
18387,validation
18388,train
18389,calibration
18390,calibration
18391,calibration
18392,train
18393,train
18394,validation
18395,validation
18396,train
18397,train
18398,train
18399,train
18400,validation
18401,train
18402,train
18403,train
18404,test
18405,train
18406,train
18407,train
18408,train
18409,calibration
18410,train
18411,train
18412,train
18413,calibration
18414,train
18415,test
18416,train
18417,train
18418,train
18419,test
18420,train
18421,test
18422,train
18423,train
18424,train
18425,train
18426,train
18427,train
18428,train
18429,train
18430,train
18431,train
18432,validation
18433,test
18434,train
18435,calibration
18436,train
18437,train
18438,train
18439,train
18440,train
18441,train
18442,test
18443,train
18444,train
18445,train
18446,train
18447,train
18448,train
18449,train
18450,validation
18451,validation
18452,train
18453,test
18454,train
18455,test
18456,train
18457,calibration
18458,calibration
18459,validation
18460,validation
18461,validation
18462,train
18463,test
18464,validation
18465,train
18466,calibration
18467,train
18468,calibration
18469,test
18470,train
18471,train
18472,train
18473,test
18474,validation
18475,train
18476,train
18477,train
18478,train
18479,test
18480,train
18481,train
18482,validation
18483,test
18484,train
18485,train
18486,validation
18487,validation
18488,train
18489,train
18490,validation
18491,train
18492,test
18493,calibration
18494,train
18495,train
18496,train
18497,train
18498,validation
18499,validation
18500,test
18501,test
18502,test
18503,train
18504,validation
18505,train
18506,validation
18507,test
18508,test
18509,train
18510,calibration
18511,train
18512,train
18513,train
18514,train
18515,train
18516,train
18517,test
18518,train
18519,train
18520,train
18521,calibration
18522,calibration
18523,train
18524,validation
18525,train
18526,train
18527,train
18528,train
18529,validation
18530,train
18531,train
18532,train
18533,train
18534,train
18535,validation
18536,test
18537,validation
18538,test
18539,calibration
18540,train
18541,train
18542,train
18543,test
18544,train
18545,calibration
18546,train
18547,train
18548,validation
18549,calibration
18550,train
18551,test
18552,test
18553,validation
18554,train
18555,train
18556,train
18557,train
18558,train
18559,train
18560,train
18561,train
18562,train
18563,train
18564,train
18565,train
18566,validation
18567,validation
18568,train
18569,train
18570,calibration
18571,validation
18572,validation
18573,train
18574,calibration
18575,validation
18576,train
18577,train
18578,train
18579,validation
18580,calibration
18581,train
18582,train
18583,validation
18584,train
18585,train
18586,train
18587,train
18588,train
18589,validation
18590,train
18591,train
18592,train
18593,train
18594,validation
18595,train
18596,calibration
18597,train
18598,validation
18599,train
18600,test
18601,train
18602,test
18603,train
18604,train
18605,train
18606,train
18607,calibration
18608,validation
18609,train
18610,train
18611,train
18612,train
18613,train
18614,train
18615,train
18616,validation
18617,train
18618,train
18619,train
18620,train
18621,calibration
18622,train
18623,calibration
18624,train
18625,validation
18626,train
18627,train
18628,train
18629,validation
18630,test
18631,validation
18632,test
18633,calibration
18634,train
18635,train
18636,validation
18637,train
18638,calibration
18639,train
18640,train
18641,train
18642,train
18643,train
18644,train
18645,calibration
18646,train
18647,train
18648,train
18649,train
18650,train
18651,train
18652,train
18653,train
18654,train
18655,train
18656,train
18657,validation
18658,train
18659,train
18660,calibration
18661,train
18662,train
18663,train
18664,validation
18665,train
18666,train
18667,train
18668,validation
18669,train
18670,test
18671,train
18672,train
18673,calibration
18674,train
18675,validation
18676,train
18677,train
18678,validation
18679,train
18680,validation
18681,train
18682,train
18683,calibration
18684,train
18685,test
18686,calibration
18687,test
18688,calibration
18689,train
18690,train
18691,train
18692,train
18693,validation
18694,train
18695,test
18696,train
18697,validation
18698,train
18699,train
18700,train
18701,train
18702,train
18703,train
18704,test
18705,train
18706,calibration
18707,test
18708,train
18709,train
18710,train
18711,train
18712,validation
18713,validation
18714,train
18715,train
18716,test
18717,train
18718,train
18719,validation
18720,train
18721,validation
18722,validation
18723,train
18724,train
18725,validation
18726,validation
18727,train
18728,test
18729,test
18730,validation
18731,train
18732,test
18733,train
18734,calibration
18735,train
18736,test
18737,train
18738,test
18739,train
18740,validation
18741,test
18742,train
18743,train
18744,test
18745,train
18746,train
18747,train
18748,train
18749,train
18750,calibration
18751,test
18752,train
18753,train
18754,train
18755,train
18756,train
18757,train
18758,train
18759,train
18760,train
18761,calibration
18762,test
18763,calibration
18764,validation
18765,train
18766,test
18767,validation
18768,validation
18769,train
18770,calibration
18771,train
18772,test
18773,train
18774,test
18775,test
18776,test
18777,train
18778,train
18779,calibration
18780,test
18781,train
18782,train
18783,calibration
18784,train
18785,test
18786,calibration
18787,train
18788,validation
18789,train
18790,train
18791,test
18792,train
18793,train
18794,test
18795,train
18796,train
18797,test
18798,validation
18799,train
18800,train
18801,test
18802,train
18803,validation
18804,train
18805,train
18806,calibration
18807,train
18808,train
18809,train
18810,calibration
18811,train
18812,train
18813,train
18814,train
18815,validation
18816,train
18817,validation
18818,train
18819,train
18820,train
18821,validation
18822,train
18823,train
18824,train
18825,validation
18826,train
18827,calibration
18828,validation
18829,test
18830,train
18831,train
18832,calibration
18833,validation
18834,train
18835,test
18836,calibration
18837,train
18838,calibration
18839,test
18840,test
18841,validation
18842,train
18843,calibration
18844,train
18845,validation
18846,calibration
18847,train
18848,train
18849,train
18850,train
18851,validation
18852,train
18853,train
18854,validation
18855,validation
18856,validation
18857,train
18858,validation
18859,train
18860,train
18861,calibration
18862,train
18863,train
18864,train
18865,validation
18866,test
18867,train
18868,train
18869,test
18870,calibration
18871,train
18872,train
18873,train
18874,train
18875,test
18876,train
18877,train
18878,test
18879,test
18880,train
18881,train
18882,train
18883,validation
18884,test
18885,test
18886,test
18887,validation
18888,train
18889,train
18890,train
18891,train
18892,train
18893,test
18894,validation
18895,validation
18896,train
18897,train
18898,train
18899,train
18900,test
18901,test
18902,train
18903,test
18904,calibration
18905,train
18906,train
18907,test
18908,calibration
18909,train
18910,train
18911,train
18912,validation
18913,train
18914,validation
18915,train
18916,train
18917,train
18918,train
18919,validation
18920,validation
18921,calibration
18922,validation
18923,calibration
18924,calibration
18925,train
18926,test
18927,test
18928,train
18929,test
18930,train
18931,calibration
18932,validation
18933,validation
18934,train
18935,validation
18936,train
18937,train
18938,test
18939,calibration
18940,train
18941,train
18942,train
18943,train
18944,validation
18945,train
18946,train
18947,train
18948,train
18949,calibration
18950,calibration
18951,train
18952,train
18953,train
18954,calibration
18955,train
18956,test
18957,test
18958,train
18959,train
18960,train
18961,train
18962,train
18963,train
18964,train
18965,train
18966,train
18967,train
18968,train
18969,test
18970,test
18971,train
18972,train
18973,test
18974,train
18975,test
18976,train
18977,validation
18978,train
18979,test
18980,train
18981,train
18982,calibration
18983,validation
18984,validation
18985,test
18986,train
18987,train
18988,train
18989,train
18990,train
18991,train
18992,validation
18993,train
18994,train
18995,calibration
18996,train
18997,train
18998,train
18999,test
19000,train
19001,train
19002,train
19003,train
19004,train
19005,train
19006,train
19007,train
19008,train
19009,test
19010,train
19011,train
19012,train
19013,train
19014,test
19015,train
19016,train
19017,train
19018,train
19019,train
19020,validation
19021,test
19022,test
19023,calibration
19024,train
19025,train
19026,train
19027,train
19028,train
19029,train
19030,train
19031,train
19032,train
19033,train
19034,train
19035,test
19036,calibration
19037,train
19038,train
19039,train
19040,train
19041,train
19042,test
19043,train
19044,train
19045,train
19046,test
19047,train
19048,train
19049,validation
19050,train
19051,train
19052,train
19053,validation
19054,calibration
19055,test
19056,train
19057,validation
19058,calibration
19059,validation
19060,train
19061,train
19062,train
19063,validation
19064,test
19065,train
19066,test
19067,train
19068,train
19069,train
19070,train
19071,train
19072,test
19073,train
19074,calibration
19075,validation
19076,test
19077,test
19078,calibration
19079,train
19080,test
19081,calibration
19082,calibration
19083,train
19084,calibration
19085,calibration
19086,train
19087,train
19088,validation
19089,calibration
19090,train
19091,train
19092,train
19093,train
19094,validation
19095,calibration
19096,validation
19097,train
19098,validation
19099,train
19100,validation
19101,calibration
19102,train
19103,calibration
19104,train
19105,train
19106,train
19107,train
19108,validation
19109,calibration
19110,train
19111,train
19112,validation
19113,validation
19114,test
19115,train
19116,train
19117,train
19118,calibration
19119,train
19120,train
19121,train
19122,train
19123,train
19124,train
19125,train
19126,validation
19127,validation
19128,train
19129,train
19130,train
19131,train
19132,train
19133,train
19134,test
19135,validation
19136,train
19137,calibration
19138,validation
19139,train
19140,validation
19141,calibration
19142,train
19143,train
19144,test
19145,validation
19146,calibration
19147,validation
19148,train
19149,train
19150,test
19151,train
19152,train
19153,test
19154,train
19155,test
19156,train
19157,train
19158,train
19159,validation
19160,train
19161,train
19162,validation
19163,train
19164,train
19165,train
19166,train
19167,train
19168,train
19169,calibration
19170,calibration
19171,validation
19172,train
19173,train
19174,train
19175,train
19176,calibration
19177,train
19178,calibration
19179,train
19180,validation
19181,train
19182,train
19183,train
19184,train
19185,test
19186,train
19187,train
19188,validation
19189,test
19190,train
19191,validation
19192,train
19193,test
19194,calibration
19195,train
19196,train
19197,train
19198,validation
19199,train
19200,train
19201,validation
19202,test
19203,train
19204,train
19205,train
19206,train
19207,train
19208,calibration
19209,validation
19210,train
19211,train
19212,validation
19213,train
19214,train
19215,train
19216,validation
19217,train
19218,validation
19219,train
19220,test
19221,validation
19222,train
19223,train
19224,test
19225,calibration
19226,train
19227,validation
19228,train
19229,train
19230,train
19231,train
19232,train
19233,train
19234,calibration
19235,train
19236,test
19237,train
19238,train
19239,train
19240,train
19241,test
19242,validation
19243,test
19244,test
19245,test
19246,train
19247,train
19248,train
19249,validation
19250,validation
19251,train
19252,train
19253,train
19254,train
19255,train
19256,train
19257,validation
19258,train
19259,train
19260,test
19261,train
19262,train
19263,test
19264,test
19265,validation
19266,test
19267,train
19268,train
19269,train
19270,train
19271,train
19272,test
19273,test
19274,train
19275,train
19276,train
19277,train
19278,test
19279,test
19280,validation
19281,validation
19282,train
19283,train
19284,calibration
19285,train
19286,train
19287,validation
19288,train
19289,train
19290,train
19291,train
19292,train
19293,calibration
19294,train
19295,train
19296,train
19297,test
19298,train
19299,calibration
19300,validation
19301,train
19302,test
19303,train
19304,train
19305,train
19306,train
19307,train
19308,train
19309,calibration
19310,test
19311,train
19312,train
19313,train
19314,test
19315,train
19316,train
19317,calibration
19318,train
19319,calibration
19320,train
19321,train
19322,train
19323,train
19324,train
19325,train
19326,train
19327,train
19328,train
19329,train
19330,train
19331,validation
19332,test
19333,validation
19334,validation
19335,test
19336,validation
19337,train
19338,test
19339,train
19340,validation
19341,train
19342,train
19343,test
19344,validation
19345,calibration
19346,test
19347,train
19348,train
19349,train
19350,test
19351,train
19352,calibration
19353,validation
19354,train
19355,train
19356,validation
19357,train
19358,train
19359,validation
19360,calibration
19361,train
19362,train
19363,train
19364,train
19365,train
19366,train
19367,test
19368,test
19369,train
19370,train
19371,train
19372,calibration
19373,validation
19374,train
19375,train
19376,train
19377,train
19378,train
19379,test
19380,calibration
19381,validation
19382,train
19383,train
19384,test
19385,train
19386,test
19387,calibration
19388,train
19389,train
19390,train
19391,test
19392,train
19393,train
19394,train
19395,train
19396,train
19397,train
19398,train
19399,train
19400,train
19401,validation
19402,train
19403,train
19404,train
19405,train
19406,calibration
19407,test
19408,train
19409,train
19410,test
19411,train
19412,train
19413,train
19414,calibration
19415,train
19416,train
19417,test
19418,train
19419,test
19420,train
19421,test
19422,train
19423,train
19424,test
19425,test
19426,train
19427,train
19428,calibration
19429,test
19430,calibration
19431,train
19432,test
19433,train
19434,train
19435,calibration
19436,train
19437,train
19438,test
19439,train
19440,validation
19441,test
19442,calibration
19443,calibration
19444,validation
19445,train
19446,train
19447,test
19448,train
19449,test
19450,test
19451,train
19452,test
19453,train
19454,test
19455,train
19456,validation
19457,validation
19458,test
19459,train
19460,calibration
19461,train
19462,calibration
19463,train
19464,test
19465,train
19466,calibration
19467,calibration
19468,validation
19469,train
19470,test
19471,train
19472,train
19473,train
19474,test
19475,calibration
19476,test
19477,train
19478,train
19479,train
19480,train
19481,train
19482,test
19483,train
19484,test
19485,test
19486,validation
19487,validation
19488,train
19489,train
19490,test
19491,validation
19492,validation
19493,calibration
19494,train
19495,test
19496,validation
19497,train
19498,test
19499,train
19500,test
19501,validation
19502,train
19503,train
19504,train
19505,train
19506,train
19507,validation
19508,calibration
19509,train
19510,train
19511,calibration
19512,train
19513,train
19514,train
19515,validation
19516,test
19517,train
19518,calibration
19519,train
19520,train
19521,test
19522,train
19523,calibration
19524,test
19525,test
19526,validation
19527,train
19528,validation
19529,test
19530,train
19531,train
19532,validation
19533,validation
19534,train
19535,train
19536,train
19537,test
19538,train
19539,train
19540,train
19541,validation
19542,calibration
19543,train
19544,train
19545,train
19546,validation
19547,train
19548,train
19549,train
19550,train
19551,validation
19552,train
19553,train
19554,train
19555,train
19556,train
19557,train
19558,train
19559,train
19560,train
19561,train
19562,test
19563,calibration
19564,validation
19565,calibration
19566,calibration
19567,train
19568,test
19569,train
19570,train
19571,train
19572,validation
19573,train
19574,validation
19575,test
19576,train
19577,train
19578,train
19579,train
19580,validation
19581,train
19582,calibration
19583,train
19584,train
19585,validation
19586,train
19587,train
19588,calibration
19589,train
19590,train
19591,test
19592,train
19593,train
19594,train
19595,train
19596,train
19597,train
19598,train
19599,train
19600,train
19601,validation
19602,train
19603,train
19604,train
19605,test
19606,train
19607,train
19608,train
19609,calibration
19610,train
19611,train
19612,test
19613,train
19614,validation
19615,train
19616,train
19617,test
19618,test
19619,validation
19620,test
19621,train
19622,train
19623,train
19624,train
19625,validation
19626,train
19627,train
19628,calibration
19629,train
19630,train
19631,train
19632,validation
19633,train
19634,validation
19635,train
19636,train
19637,calibration
19638,validation
19639,calibration
19640,validation
19641,train
19642,train
19643,calibration
19644,train
19645,train
19646,train
19647,test
19648,train
19649,train
19650,test
19651,train
19652,calibration
19653,test
19654,train
19655,train
19656,calibration
19657,train
19658,train
19659,validation
19660,train
19661,train
19662,train
19663,validation
19664,validation
19665,train
19666,test
19667,calibration
19668,train
19669,train
19670,train
19671,train
19672,train
19673,train
19674,test
19675,train
19676,calibration
19677,train
19678,train
19679,train
19680,train
19681,calibration
19682,test
19683,validation
19684,train
19685,train
19686,validation
19687,test
19688,test
19689,train
19690,calibration
19691,train
19692,train
19693,train
19694,calibration
19695,train
19696,calibration
19697,train
19698,validation
19699,train
19700,train
19701,train
19702,train
19703,train
19704,train
19705,calibration
19706,test
19707,train
19708,validation
19709,train
19710,calibration
19711,validation
19712,test
19713,train
19714,train
19715,train
19716,test
19717,train
19718,calibration
19719,train
19720,test
19721,test
19722,train
19723,train
19724,validation
19725,validation
19726,train
19727,validation
19728,train
19729,train
19730,train
19731,validation
19732,train
19733,validation
19734,calibration
19735,test
19736,train
19737,validation
19738,train
19739,test
19740,test
19741,train
19742,train
19743,train
19744,train
19745,train
19746,validation
19747,validation
19748,train
19749,test
19750,validation
19751,train
19752,calibration
19753,train
19754,calibration
19755,train
19756,train
19757,train
19758,calibration
19759,validation
19760,train
19761,train
19762,train
19763,train
19764,test
19765,train
19766,train
19767,test
19768,train
19769,train
19770,train
19771,test
19772,train
19773,train
19774,train
19775,train
19776,validation
19777,train
19778,train
19779,train
19780,test
19781,test
19782,train
19783,test
19784,calibration
19785,train
19786,test
19787,train
19788,train
19789,calibration
19790,train
19791,validation
19792,calibration
19793,validation
19794,test
19795,train
19796,train
19797,train
19798,calibration
19799,train
19800,train
19801,train
19802,test
19803,test
19804,train
19805,validation
19806,validation
19807,test
19808,train
19809,train
19810,train
19811,train
19812,train
19813,train
19814,train
19815,train
19816,train
19817,train
19818,train
19819,train
19820,train
19821,train
19822,test
19823,train
19824,validation
19825,test
19826,train
19827,train
19828,train
19829,train
19830,train
19831,train
19832,calibration
19833,test
19834,train
19835,calibration
19836,train
19837,train
19838,validation
19839,test
19840,train
19841,validation
19842,train
19843,validation
19844,calibration
19845,test
19846,calibration
19847,train
19848,validation
19849,validation
19850,calibration
19851,test
19852,validation
19853,train
19854,test
19855,validation
19856,train
19857,train
19858,train
19859,train
19860,train
19861,test
19862,train
19863,train
19864,train
19865,calibration
19866,train
19867,train
19868,calibration
19869,calibration
19870,train
19871,train
19872,train
19873,train
19874,train
19875,train
19876,calibration
19877,validation
19878,train
19879,train
19880,validation
19881,train
19882,calibration
19883,train
19884,validation
19885,test
19886,train
19887,train
19888,train
19889,calibration
19890,validation
19891,train
19892,train
19893,train
19894,train
19895,train
19896,train
19897,validation
19898,train
19899,train
19900,validation
19901,train
19902,train
19903,train
19904,train
19905,train
19906,train
19907,train
19908,train
19909,train
19910,train
19911,test
19912,train
19913,train
19914,train
19915,train
19916,validation
19917,calibration
19918,train
19919,train
19920,validation
19921,train
19922,test
19923,calibration
19924,train
19925,train
19926,test
19927,validation
19928,train
19929,validation
19930,test
19931,train
19932,train
19933,validation
19934,train
19935,train
19936,train
19937,train
19938,train
19939,train
19940,validation
19941,train
19942,train
19943,train
19944,train
19945,calibration
19946,calibration
19947,train
19948,train
19949,validation
19950,train
19951,train
19952,validation
19953,train
19954,train
19955,train
19956,train
19957,train
19958,validation
19959,train
19960,train
19961,train
19962,train
19963,train
19964,train
19965,train
19966,train
19967,validation
19968,calibration
19969,calibration
19970,train
19971,train
19972,train
19973,validation
19974,train
19975,train
19976,validation
19977,calibration
19978,train
19979,test
19980,test
19981,test
19982,train
19983,train
19984,train
19985,train
19986,train
19987,train
19988,calibration
19989,train
19990,test
19991,train
19992,train
19993,train
19994,calibration
19995,test
19996,validation
19997,train
19998,calibration
19999,train
20000,train
20001,train
20002,train
20003,train
20004,train
20005,train
20006,validation
20007,train
20008,train
20009,train
20010,train
20011,test
20012,train
20013,train
20014,train
20015,train
20016,calibration
20017,train
20018,train
20019,train
20020,train
20021,train
20022,train
20023,train
20024,train
20025,train
20026,train
20027,test
20028,train
20029,train
20030,train
20031,test
20032,train
20033,calibration
20034,train
20035,test
20036,train
20037,calibration
20038,train
20039,train
20040,train
20041,test
20042,validation
20043,train
20044,train
20045,validation
20046,train
20047,train
20048,train
20049,train
20050,train
20051,validation
20052,train
20053,test
20054,train
20055,train
20056,train
20057,train
20058,validation
20059,train
20060,test
20061,train
20062,train
20063,calibration
20064,train
20065,test
20066,train
20067,validation
20068,test
20069,validation
20070,validation
20071,train
20072,test
20073,validation
20074,train
20075,calibration
20076,validation
20077,calibration
20078,test
20079,calibration
20080,calibration
20081,train
20082,test
20083,calibration
20084,test
20085,validation
20086,train
20087,train
20088,train
20089,calibration
20090,train
20091,train
20092,train
20093,train
20094,validation
20095,train
20096,validation
20097,test
20098,validation
20099,train
20100,train
20101,validation
20102,calibration
20103,train
20104,train
20105,train
20106,calibration
20107,train
20108,test
20109,train
20110,train
20111,test
20112,train
20113,train
20114,train
20115,train
20116,train
20117,test
20118,validation
20119,train
20120,train
20121,train
20122,train
20123,validation
20124,train
20125,calibration
20126,train
20127,validation
20128,train
20129,train
20130,validation
20131,validation
20132,train
20133,validation
20134,train
20135,calibration
20136,train
20137,test
20138,validation
20139,train
20140,train
20141,train
20142,train
20143,validation
20144,train
20145,train
20146,validation
20147,calibration
20148,calibration
20149,validation
20150,train
20151,train
20152,train
20153,train
20154,train
20155,test
20156,calibration
20157,train
20158,train
20159,train
20160,validation
20161,calibration
20162,validation
20163,validation
20164,train
20165,validation
20166,train
20167,train
20168,calibration
20169,validation
20170,train
20171,calibration
20172,validation
20173,train
20174,test
20175,train
20176,train
20177,train
20178,validation
20179,validation
20180,calibration
20181,train
20182,train
20183,calibration
20184,train
20185,train
20186,train
20187,train
20188,test
20189,train
20190,validation
20191,validation
20192,train
20193,test
20194,train
20195,train
20196,train
20197,train
20198,train
20199,validation
20200,train
20201,train
20202,calibration
20203,validation
20204,calibration
20205,train
20206,validation
20207,train
20208,train
20209,train
20210,train
20211,train
20212,validation
20213,calibration
20214,train
20215,calibration
20216,train
20217,train
20218,train
20219,train
20220,validation
20221,test
20222,train
20223,validation
20224,validation
20225,validation
20226,validation
20227,train
20228,train
20229,train
20230,train
20231,train
20232,calibration
20233,validation
20234,calibration
20235,train
20236,test
20237,validation
20238,train
20239,train
20240,train
20241,validation
20242,train
20243,validation
20244,train
20245,train
20246,calibration
20247,train
20248,test
20249,train
20250,train
20251,train
20252,train
20253,train
20254,train
20255,train
20256,validation
20257,train
20258,train
20259,train
20260,train
20261,train
20262,train
20263,train
20264,validation
20265,train
20266,validation
20267,train
20268,calibration
20269,validation
20270,train
20271,validation
20272,test
20273,test
20274,train
20275,train
20276,calibration
20277,train
20278,train
20279,validation
20280,train
20281,train
20282,train
20283,train
20284,test
20285,calibration
20286,test
20287,train
20288,train
20289,train
20290,train
20291,train
20292,train
20293,validation
20294,test
20295,train
20296,calibration
20297,validation
20298,test
20299,train
20300,train
20301,train
20302,train
20303,train
20304,train
20305,calibration
20306,validation
20307,train
20308,train
20309,validation
20310,validation
20311,train
20312,train
20313,train
20314,validation
20315,validation
20316,train
20317,validation
20318,train
20319,train
20320,train
20321,train
20322,calibration
20323,train
20324,validation
20325,test
20326,calibration
20327,validation
20328,validation
20329,train
20330,calibration
20331,validation
20332,train
20333,train
20334,train
20335,train
20336,train
20337,train
20338,calibration
20339,validation
20340,train
20341,calibration
20342,validation
20343,validation
20344,train
20345,train
20346,train
20347,train
20348,test
20349,calibration
20350,train
20351,calibration
20352,train
20353,validation
20354,validation
20355,train
20356,train
20357,train
20358,train
20359,train
20360,train
20361,train
20362,validation
20363,train
20364,test
20365,validation
20366,train
20367,train
20368,train
20369,train
20370,train
20371,test
20372,train
20373,test
20374,test
20375,test
20376,train
20377,train
20378,train
20379,test
20380,test
20381,test
20382,validation
20383,train
20384,calibration
20385,train
20386,test
20387,test
20388,test
20389,validation
20390,validation
20391,calibration
20392,train
20393,train
20394,validation
20395,calibration
20396,test
20397,test
20398,train
20399,train
20400,train
20401,validation
20402,calibration
20403,train
20404,validation
20405,train
20406,validation
20407,train
20408,test
20409,train
20410,test
20411,validation
20412,train
20413,test
20414,test
20415,test
20416,train
20417,train
20418,train
20419,train
20420,calibration
20421,train
20422,train
20423,train
20424,train
20425,train
20426,calibration
20427,test
20428,train
20429,validation
20430,calibration
20431,train
20432,train
20433,calibration
20434,test
20435,train
20436,train
20437,test
20438,validation
20439,train
20440,test
20441,validation
20442,test
20443,calibration
20444,train
20445,train
20446,train
20447,train
20448,test
20449,train
20450,train
20451,train
20452,train
20453,train
20454,train
20455,train
20456,validation
20457,test
20458,calibration
20459,train
20460,validation
20461,test
20462,train
20463,train
20464,calibration
20465,train
20466,calibration
20467,train
20468,test
20469,train
20470,train
20471,test
20472,validation
20473,validation
20474,test
20475,test
20476,calibration
20477,validation
20478,calibration
20479,train
20480,test
20481,validation
20482,test
20483,calibration
20484,train
20485,train
20486,train
20487,train
20488,train
20489,train
20490,calibration
20491,train
20492,test
20493,train
20494,validation
20495,calibration
20496,train
20497,validation
20498,validation
20499,validation
20500,train
20501,train
20502,train
20503,calibration
20504,train
20505,test
20506,train
20507,validation
20508,train
20509,validation
20510,test
20511,train
20512,validation
20513,train
20514,train
20515,train
20516,test
20517,train
20518,train
20519,train
20520,calibration
20521,train
20522,train
20523,validation
20524,validation
20525,train
20526,test
20527,train
20528,train
20529,train
20530,train
20531,train
20532,train
20533,test
20534,validation
20535,validation
20536,train
20537,train
20538,train
20539,train
20540,calibration
20541,validation
20542,train
20543,validation
20544,train
20545,train
20546,validation
20547,train
20548,train
20549,train
20550,test
20551,train
20552,train
20553,calibration
20554,test
20555,train
20556,train
20557,calibration
20558,train
20559,train
20560,train
20561,validation
20562,train
20563,train
20564,validation
20565,train
20566,calibration
20567,calibration
20568,test
20569,test
20570,validation
20571,train
20572,train
20573,train
20574,validation
20575,test
20576,test
20577,test
20578,calibration
20579,validation
20580,train
20581,validation
20582,train
20583,train
20584,train
20585,validation
20586,test
20587,train
20588,train
20589,train
20590,train
20591,calibration
20592,train
20593,train
20594,test
20595,train
20596,train
20597,calibration
20598,validation
20599,train
20600,validation
20601,test
20602,train
20603,train
20604,train
20605,test
20606,train
20607,train
20608,calibration
20609,train
20610,validation
20611,calibration
20612,train
20613,train
20614,test
20615,train
20616,train
20617,train
20618,validation
20619,train
20620,train
20621,test
20622,train
20623,calibration
20624,calibration
20625,validation
20626,train
20627,test
20628,train
20629,test
20630,train
20631,validation
20632,validation
20633,calibration
20634,calibration
20635,validation
20636,calibration
20637,calibration
20638,train
20639,train
20640,train
20641,train
20642,train
20643,validation
20644,train
20645,validation
20646,test
20647,train
20648,train
20649,test
20650,test
20651,train
20652,train
20653,train
20654,train
20655,train
20656,test
20657,train
20658,train
20659,train
20660,train
20661,train
20662,validation
20663,test
20664,train
20665,train
20666,validation
20667,calibration
20668,train
20669,validation
20670,validation
20671,validation
20672,validation
20673,calibration
20674,validation
20675,validation
20676,train
20677,train
20678,train
20679,train
20680,validation
20681,train
20682,train
20683,test
20684,test
20685,validation
20686,train
20687,train
20688,test
20689,train
20690,calibration
20691,train
20692,train
20693,test
20694,train
20695,validation
20696,train
20697,test
20698,train
20699,train
20700,validation
20701,train
20702,train
20703,train
20704,test
20705,train
20706,train
20707,train
20708,train
20709,validation
20710,train
20711,validation
20712,train
20713,train
20714,validation
20715,train
20716,train
20717,test
20718,train
20719,train
20720,test
20721,validation
20722,train
20723,test
20724,train
20725,train
20726,test
20727,test
20728,train
20729,test
20730,train
20731,test
20732,train
20733,train
20734,train
20735,train
20736,test
20737,test
20738,train
20739,train
20740,calibration
20741,train
20742,test
20743,train
20744,train
20745,validation
20746,train
20747,calibration
20748,train
20749,train
20750,train
20751,test
20752,test
20753,train
20754,train
20755,train
20756,train
20757,validation
20758,validation
20759,test
20760,train
20761,train
20762,train
20763,calibration
20764,train
20765,calibration
20766,test
20767,train
20768,train
20769,train
20770,train
20771,train
20772,train
20773,test
20774,test
20775,test
20776,train
20777,train
20778,train
20779,validation
20780,train
20781,test
20782,calibration
20783,train
20784,train
20785,train
20786,train
20787,train
20788,train
20789,train
20790,validation
20791,test
20792,validation
20793,train
20794,test
20795,calibration
20796,train
20797,calibration
20798,train
20799,test
20800,train
20801,train
20802,test
20803,test
20804,test
20805,train
20806,train
20807,train
20808,train
20809,calibration
20810,train
20811,validation
20812,train
20813,train
20814,train
20815,train
20816,train
20817,train
20818,validation
20819,calibration
20820,train
20821,validation
20822,test
20823,train
20824,train
20825,test
20826,validation
20827,train
20828,train
20829,train
20830,train
20831,validation
20832,train
20833,train
20834,train
20835,test
20836,train
20837,train
20838,train
20839,train
20840,train
20841,test
20842,train
20843,test
20844,validation
20845,train
20846,train
20847,train
20848,validation
20849,train
20850,validation
20851,validation
20852,calibration
20853,validation
20854,train
20855,train
20856,train
20857,train
20858,calibration
20859,train
20860,validation
20861,validation
20862,train
20863,train
20864,test
20865,test
20866,validation
20867,train
20868,train
20869,train
20870,calibration
20871,train
20872,train
20873,calibration
20874,test
20875,train
20876,train
20877,train
20878,train
20879,test
20880,train
20881,train
20882,calibration
20883,train
20884,train
20885,train
20886,validation
20887,validation
20888,train
20889,calibration
20890,validation
20891,test
20892,validation
20893,train
20894,calibration
20895,validation
20896,calibration
20897,test
20898,calibration
20899,validation
20900,train
20901,calibration
20902,train
20903,train
20904,test
20905,train
20906,train
20907,train
20908,train
20909,train
20910,calibration
20911,calibration
20912,validation
20913,test
20914,validation
20915,train
20916,train
20917,validation
20918,train
20919,train
20920,validation
20921,train
20922,train
20923,train
20924,calibration
20925,train
20926,train
20927,train
20928,test
20929,train
20930,train
20931,calibration
20932,train
20933,train
20934,train
20935,train
20936,validation
20937,train
20938,train
20939,train
20940,train
20941,train
20942,train
20943,train
20944,train
20945,calibration
20946,test
20947,train
20948,test
20949,train
20950,train
20951,train
20952,train
20953,train
20954,train
20955,train
20956,test
20957,train
20958,train
20959,train
20960,validation
20961,train
20962,train
20963,train
20964,train
20965,train
20966,train
20967,train
20968,validation
20969,validation
20970,train
20971,train
20972,test
20973,train
20974,train
20975,train
20976,train
20977,train
20978,train
20979,train
20980,train
20981,train
20982,train
20983,train
20984,train
20985,train
20986,validation
20987,validation
20988,test
20989,train
20990,train
20991,validation
20992,test
20993,test
20994,train
20995,train
20996,test
20997,test
20998,test
20999,train
21000,test
21001,validation
21002,test
21003,test
21004,train
21005,train
21006,validation
21007,calibration
21008,train
21009,calibration
21010,test
21011,test
21012,train
21013,calibration
21014,calibration
21015,calibration
21016,test
21017,validation
21018,train
21019,train
21020,train
21021,train
21022,validation
21023,train
21024,train
21025,test
21026,validation
21027,train
21028,test
21029,train
21030,train
21031,train
21032,train
21033,calibration
21034,train
21035,calibration
21036,test
21037,calibration
21038,train
21039,train
21040,validation
21041,calibration
21042,validation
21043,train
21044,train
21045,validation
21046,test
21047,test
21048,train
21049,train
21050,validation
21051,train
21052,validation
21053,train
21054,calibration
21055,train
21056,train
21057,train
21058,calibration
21059,train
21060,validation
21061,calibration
21062,train
21063,validation
21064,test
21065,train
21066,train
21067,validation
21068,test
21069,test
21070,validation
21071,test
21072,train
21073,train
21074,train
21075,calibration
21076,calibration
21077,validation
21078,test
21079,train
21080,calibration
21081,train
21082,train
21083,train
21084,train
21085,train
21086,validation
21087,validation
21088,train
21089,train
21090,validation
21091,train
21092,validation
21093,train
21094,calibration
21095,train
21096,train
21097,train
21098,test
21099,test
21100,validation
21101,train
21102,train
21103,validation
21104,validation
21105,train
21106,test
21107,train
21108,train
21109,train
21110,validation
21111,train
21112,train
21113,train
21114,validation
21115,train
21116,train
21117,validation
21118,train
21119,train
21120,train
21121,train
21122,train
21123,train
21124,calibration
21125,train
21126,calibration
21127,train
21128,validation
21129,test
21130,train
21131,validation
21132,train
21133,train
21134,test
21135,train
21136,train
21137,train
21138,test
21139,train
21140,train
21141,train
21142,train
21143,test
21144,train
21145,train
21146,validation
21147,train
21148,train
21149,train
21150,train
21151,test
21152,train
21153,calibration
21154,test
21155,train
21156,train
21157,train
21158,train
21159,test
21160,test
21161,train
21162,validation
21163,test
21164,train
21165,validation
21166,test
21167,calibration
21168,calibration
21169,train
21170,train
21171,test
21172,train
21173,validation
21174,train
21175,train
21176,test
21177,test
21178,train
21179,train
21180,validation
21181,train
21182,test
21183,train
21184,train
21185,validation
21186,train
21187,validation
21188,train
21189,train
21190,test
21191,train
21192,test
21193,validation
21194,train
21195,train
21196,train
21197,train
21198,train
21199,train
21200,test
21201,train
21202,train
21203,train
21204,train
21205,train
21206,calibration
21207,test
21208,train
21209,train
21210,test
21211,train
21212,train
21213,train
21214,train
21215,train
21216,train
21217,train
21218,train
21219,calibration
21220,train
21221,train
21222,train
21223,train
21224,train
21225,validation
21226,validation
21227,train
21228,train
21229,train
21230,train
21231,train
21232,test
21233,validation
21234,calibration
21235,train
21236,train
21237,calibration
21238,train
21239,train
21240,validation
21241,train
21242,train
21243,train
21244,test
21245,train
21246,train
21247,test
21248,test
21249,train
21250,train
21251,test
21252,train
21253,train
21254,test
21255,test
21256,train
21257,validation
21258,validation
21259,train
21260,train
21261,train
21262,test
21263,test
21264,train
21265,validation
21266,train
21267,train
21268,train
21269,test
21270,validation
21271,validation
21272,train
21273,calibration
21274,validation
21275,test
21276,calibration
21277,train
21278,train
21279,train
21280,train
21281,train
21282,train
21283,test
21284,test
21285,calibration
21286,train
21287,train
21288,train
21289,train
21290,train
21291,calibration
21292,validation
21293,train
21294,train
21295,train
21296,test
21297,train
21298,calibration
21299,train
21300,train
21301,train
21302,train
21303,test
21304,train
21305,calibration
21306,validation
21307,train
21308,validation
21309,test
21310,train
21311,calibration
21312,train
21313,train
21314,train
21315,train
21316,train
21317,calibration
21318,calibration
21319,train
21320,train
21321,calibration
21322,calibration
21323,train
21324,test
21325,calibration
21326,calibration
21327,train
21328,train
21329,train
21330,validation
21331,train
21332,train
21333,test
21334,train
21335,train
21336,train
21337,calibration
21338,train
21339,test
21340,train
21341,train
21342,train
21343,train
21344,train
21345,train
21346,validation
21347,train
21348,test
21349,test
21350,train
21351,test
21352,validation
21353,validation
21354,train
21355,test
21356,test
21357,train
21358,calibration
21359,validation
21360,train
21361,train
21362,test
21363,train
21364,validation
21365,calibration
21366,validation
21367,test
21368,train
21369,test
21370,train
21371,train
21372,calibration
21373,train
21374,train
21375,train
21376,train
21377,train
21378,calibration
21379,train
21380,train
21381,test
21382,train
21383,train
21384,calibration
21385,train
21386,train
21387,train
21388,validation
21389,train
21390,calibration
21391,train
21392,train
21393,train
21394,train
21395,train
21396,train
21397,validation
21398,train
21399,train
21400,train
21401,train
21402,train
21403,test
21404,test
21405,train
21406,train
21407,train
21408,train
21409,train
21410,train
21411,validation
21412,train
21413,train
21414,train
21415,train
21416,calibration
21417,train
21418,test
21419,validation
21420,train
21421,train
21422,test
21423,validation
21424,train
21425,train
21426,train
21427,train
21428,train
21429,train
21430,calibration
21431,train
21432,train
21433,train
21434,train
21435,calibration
21436,calibration
21437,train
21438,train
21439,calibration
21440,train
21441,test
21442,train
21443,train
21444,train
21445,train
21446,train
21447,train
21448,train
21449,test
21450,train
21451,train
21452,validation
21453,train
21454,calibration
21455,test
21456,train
21457,train
21458,test
21459,train
21460,validation
21461,test
21462,calibration
21463,train
21464,train
21465,train
21466,test
21467,train
21468,train
21469,train
21470,train
21471,validation
21472,validation
21473,calibration
21474,test
21475,train
21476,test
21477,validation
21478,train
21479,train
21480,train
21481,train
21482,train
21483,validation
21484,validation
21485,train
21486,train
21487,train
21488,validation
21489,train
21490,train
21491,train
21492,train
21493,validation
21494,calibration
21495,test
21496,validation
21497,train
21498,train
21499,train
21500,train
21501,calibration
21502,validation
21503,train
21504,test
21505,test
21506,train
21507,calibration
21508,train
21509,train
21510,validation
21511,test
21512,calibration
21513,train
21514,test
21515,train
21516,train
21517,calibration
21518,validation
21519,test
21520,validation
21521,train
21522,train
21523,train
21524,validation
21525,train
21526,train
21527,test
21528,calibration
21529,test
21530,train
21531,train
21532,validation
21533,calibration
21534,train
21535,train
21536,test
21537,train
21538,train
21539,train
21540,train
21541,calibration
21542,train
21543,validation
21544,validation
21545,calibration
21546,train
21547,train
21548,train
21549,train
21550,train
21551,train
21552,train
21553,train
21554,train
21555,train
21556,validation
21557,train
21558,train
21559,validation
21560,train
21561,train
21562,train
21563,train
21564,test
21565,train
21566,train
21567,train
21568,calibration
21569,train
21570,train
21571,calibration
21572,train
21573,train
21574,train
21575,train
21576,calibration
21577,train
21578,validation
21579,train
21580,train
21581,train
21582,test
21583,train
21584,train
21585,train
21586,test
21587,train
21588,train
21589,calibration
21590,train
21591,calibration
21592,validation
21593,test
21594,validation
21595,train
21596,test
21597,test
21598,validation
21599,train
21600,train
21601,train
21602,calibration
21603,validation
21604,validation
21605,calibration
21606,train
21607,train
21608,train
21609,train
21610,train
21611,train
21612,train
21613,train
21614,calibration
21615,validation
21616,calibration
21617,calibration
21618,train
21619,calibration
21620,calibration
21621,train
21622,train
21623,test
21624,train
21625,train
21626,train
21627,train
21628,train
21629,validation
21630,train
21631,validation
21632,calibration
21633,calibration
21634,calibration
21635,validation
21636,train
21637,train
21638,validation
21639,train
21640,test
21641,validation
21642,validation
21643,train
21644,train
21645,test
21646,train
21647,train
21648,train
21649,calibration
21650,train
21651,train
21652,train
21653,train
21654,train
21655,train
21656,train
21657,train
21658,calibration
21659,train
21660,train
21661,train
21662,calibration
21663,test
21664,train
21665,train
21666,train
21667,calibration
21668,test
21669,train
21670,calibration
21671,train
21672,train
21673,train
21674,train
21675,validation
21676,test
21677,validation
21678,train
21679,validation
21680,train
21681,test
21682,train
21683,train
21684,train
21685,train
21686,train
21687,train
21688,train
21689,train
21690,validation
21691,train
21692,train
21693,validation
21694,validation
21695,train
21696,train
21697,train
21698,train
21699,train
21700,train
21701,train
21702,train
21703,train
21704,train
21705,train
21706,train
21707,train
21708,test
21709,train
21710,train
21711,train
21712,train
21713,validation
21714,train
21715,validation
21716,train
21717,train
21718,train
21719,train
21720,test
21721,calibration
21722,train
21723,calibration
21724,train
21725,train
21726,train
21727,train
21728,train
21729,validation
21730,validation
21731,train
21732,calibration
21733,train
21734,validation
21735,train
21736,train
21737,validation
21738,test
21739,train
21740,calibration
21741,test
21742,train
21743,test
21744,validation
21745,train
21746,train
21747,calibration
21748,train
21749,calibration
21750,test
21751,train
21752,train
21753,test
21754,train
21755,train
21756,test
21757,validation
21758,calibration
21759,train
21760,train
21761,train
21762,validation
21763,test
21764,test
21765,calibration
21766,test
21767,train
21768,test
21769,train
21770,train
21771,train
21772,train
21773,validation
21774,test
21775,train
21776,train
21777,train
21778,train
21779,test
21780,train
21781,train
21782,train
21783,train
21784,train
21785,train
21786,test
21787,test
21788,train
21789,validation
21790,validation
21791,train
21792,validation
21793,train
21794,train
21795,train
21796,train
21797,train
21798,test
21799,validation
21800,calibration
21801,test
21802,train
21803,train
21804,validation
21805,train
21806,test
21807,train
21808,train
21809,validation
21810,validation
21811,train
21812,validation
21813,train
21814,train
21815,validation
21816,train
21817,train
21818,test
21819,validation
21820,train
21821,train
21822,train
21823,train
21824,calibration
21825,train
21826,train
21827,train
21828,validation
21829,validation
21830,validation
21831,train
21832,test
21833,train
21834,train
21835,train
21836,train
21837,train
21838,test
21839,validation
21840,train
21841,train
21842,test
21843,train
21844,train
21845,validation
21846,train
21847,train
21848,train
21849,train
21850,validation
21851,train
21852,calibration
21853,train
21854,train
21855,train
21856,train
21857,validation
21858,train
21859,validation
21860,train
21861,train
21862,train
21863,train
21864,train
21865,train
21866,train
21867,train
21868,calibration
21869,train
21870,train
21871,train
21872,train
21873,validation
21874,calibration
21875,train
21876,test
21877,calibration
21878,train
21879,test
21880,train
21881,validation
21882,train
21883,train
21884,train
21885,calibration
21886,train
21887,validation
21888,train
21889,train
21890,test
21891,train
21892,train
21893,train
21894,train
21895,train
21896,train
21897,train
21898,validation
21899,train
21900,validation
21901,validation
21902,train
21903,test
21904,train
21905,train
21906,train
21907,train
21908,test
21909,train
21910,validation
21911,train
21912,train
21913,calibration
21914,validation
21915,train
21916,train
21917,validation
21918,calibration
21919,calibration
21920,validation
21921,train
21922,train
21923,validation
21924,train
21925,calibration
21926,train
21927,train
21928,test
21929,validation
21930,validation
21931,train
21932,calibration
21933,test
21934,train
21935,calibration
21936,validation
21937,train
21938,train
21939,train
21940,train
21941,calibration
21942,train
21943,train
21944,calibration
21945,validation
21946,train
21947,train
21948,validation
21949,train
21950,calibration
21951,train
21952,train
21953,train
21954,validation
21955,train
21956,test
21957,test
21958,test
21959,train
21960,test
21961,train
21962,calibration
21963,test
21964,train
21965,train
21966,validation
21967,test
21968,train
21969,train
21970,train
21971,validation
21972,train
21973,train
21974,train
21975,train
21976,train
21977,calibration
21978,train
21979,test
21980,validation
21981,test
21982,validation
21983,validation
21984,train
21985,train
21986,train
21987,train
21988,train
21989,train
21990,test
21991,train
21992,train
21993,validation
21994,test
21995,test
21996,train
21997,calibration
21998,test
21999,train
22000,train
22001,test
22002,train
22003,validation
22004,test
22005,calibration
22006,train
22007,test
22008,train
22009,train
22010,train
22011,train
22012,train
22013,calibration
22014,calibration
22015,train
22016,calibration
22017,train
22018,train
22019,train
22020,test
22021,validation
22022,train
22023,test
22024,test
22025,train
22026,test
22027,validation
22028,train
22029,train
22030,train
22031,train
22032,test
22033,validation
22034,test
22035,validation
22036,validation
22037,test
22038,train
22039,train
22040,calibration
22041,calibration
22042,train
22043,train
22044,test
22045,train
22046,validation
22047,train
22048,validation
22049,train
22050,calibration
22051,train
22052,train
22053,train
22054,train
22055,train
22056,validation
22057,train
22058,train
22059,train
22060,train
22061,train
22062,test
22063,train
22064,train
22065,train
22066,train
22067,test
22068,train
22069,calibration
22070,train
22071,train
22072,train
22073,validation
22074,train
22075,calibration
22076,test
22077,validation
22078,validation
22079,test
22080,train
22081,train
22082,train
22083,train
22084,train
22085,test
22086,train
22087,test
22088,train
22089,validation
22090,train
22091,validation
22092,train
22093,train
22094,calibration
22095,train
22096,validation
22097,calibration
22098,test
22099,validation
22100,calibration
22101,train
22102,train
22103,test
22104,train
22105,test
22106,train
22107,train
22108,train
22109,train
22110,validation
22111,validation
22112,train
22113,validation
22114,validation
22115,calibration
22116,train
22117,test
22118,validation
22119,test
22120,train
22121,validation
22122,train
22123,train
22124,train
22125,train
22126,train
22127,train
22128,test
22129,train
22130,test
22131,calibration
22132,train
22133,test
22134,validation
22135,train
22136,train
22137,train
22138,validation
22139,validation
22140,train
22141,test
22142,train
22143,test
22144,train
22145,train
22146,test
22147,test
22148,calibration
22149,calibration
22150,train
22151,train
22152,validation
22153,train
22154,train
22155,train
22156,train
22157,train
22158,validation
22159,train
22160,train
22161,calibration
22162,test
22163,train
22164,train
22165,calibration
22166,test
22167,train
22168,train
22169,train
22170,validation
22171,train
22172,test
22173,calibration
22174,validation
22175,test
22176,test
22177,calibration
22178,test
22179,validation
22180,calibration
22181,validation
22182,train
22183,test
22184,train
22185,test
22186,train
22187,calibration
22188,train
22189,validation
22190,train
22191,train
22192,train
22193,train
22194,calibration
22195,train
22196,train
22197,train
22198,test
22199,train
22200,train
22201,test
22202,validation
22203,validation
22204,train
22205,calibration
22206,validation
22207,train
22208,train
22209,train
22210,train
22211,validation
22212,calibration
22213,calibration
22214,train
22215,train
22216,train
22217,test
22218,train
22219,train
22220,train
22221,test
22222,train
22223,calibration
22224,test
22225,train
22226,train
22227,test
22228,train
22229,test
22230,train
22231,train
22232,train
22233,validation
22234,validation
22235,train
22236,train
22237,train
22238,train
22239,validation
22240,train
22241,validation
22242,train
22243,train
22244,train
22245,train
22246,train
22247,validation
22248,train
22249,train
22250,train
22251,train
22252,train
22253,train
22254,test
22255,test
22256,train
22257,train
22258,train
22259,validation
22260,validation
22261,train
22262,train
22263,train
22264,train
22265,calibration
22266,train
22267,calibration
22268,calibration
22269,calibration
22270,train
22271,train
22272,train
22273,train
22274,test
22275,train
22276,train
22277,train
22278,calibration
22279,train
22280,test
22281,train
22282,test
22283,train
22284,train
22285,train
22286,train
22287,train
22288,train
22289,train
22290,train
22291,test
22292,train
22293,train
22294,train
22295,train
22296,train
22297,validation
22298,train
22299,validation
22300,train
22301,train
22302,train
22303,validation
22304,train
22305,train
22306,train
22307,train
22308,train
22309,validation
22310,train
22311,train
22312,calibration
22313,validation
22314,validation
22315,train
22316,calibration
22317,calibration
22318,train
22319,train
22320,calibration
22321,train
22322,train
22323,validation
22324,calibration
22325,train
22326,validation
22327,train
22328,train
22329,train
22330,train
22331,calibration
22332,validation
22333,test
22334,train
22335,validation
22336,train
22337,train
22338,train
22339,test
22340,train
22341,train
22342,train
22343,validation
22344,train
22345,train
22346,calibration
22347,test
22348,train
22349,calibration
22350,train
22351,train
22352,train
22353,validation
22354,calibration
22355,calibration
22356,calibration
22357,train
22358,validation
22359,calibration
22360,train
22361,train
22362,train
22363,validation
22364,train
22365,test
22366,validation
22367,test
22368,train
22369,train
22370,train
22371,train
22372,train
22373,validation
22374,train
22375,validation
22376,train
22377,validation
22378,calibration
22379,train
22380,train
22381,train
22382,train
22383,calibration
22384,train
22385,train
22386,validation
22387,train
22388,calibration
22389,train
22390,train
22391,validation
22392,validation
22393,validation
22394,calibration
22395,calibration
22396,train
22397,test
22398,train
22399,calibration
22400,train
22401,calibration
22402,calibration
22403,train
22404,train
22405,validation
22406,test
22407,calibration
22408,train
22409,test
22410,train
22411,train
22412,validation
22413,calibration
22414,train
22415,train
22416,train
22417,train
22418,validation
22419,train
22420,train
22421,calibration
22422,train
22423,validation
22424,train
22425,calibration
22426,calibration
22427,train
22428,train
22429,train
22430,test
22431,train
22432,train
22433,calibration
22434,calibration
22435,test
22436,validation
22437,validation
22438,test
22439,validation
22440,train
22441,validation
22442,test
22443,train
22444,calibration
22445,train
22446,train
22447,validation
22448,train
22449,train
22450,train
22451,train
22452,train
22453,test
22454,test
22455,calibration
22456,calibration
22457,validation
22458,validation
22459,test
22460,calibration
22461,train
22462,train
22463,train
22464,validation
22465,train
22466,train
22467,train
22468,validation
22469,test
22470,train
22471,train
22472,test
22473,train
22474,test
22475,calibration
22476,validation
22477,test
22478,train
22479,train
22480,test
22481,train
22482,train
22483,train
22484,train
22485,validation
22486,train
22487,test
22488,test
22489,train
22490,calibration
22491,validation
22492,test
22493,train
22494,test
22495,validation
22496,test
22497,validation
22498,validation
22499,validation
22500,train
22501,train
22502,test
22503,train
22504,train
22505,test
22506,validation
22507,train
22508,train
22509,test
22510,train
22511,train
22512,train
22513,calibration
22514,test
22515,train
22516,train
22517,calibration
22518,validation
22519,train
22520,train
22521,train
22522,train
22523,train
22524,train
22525,test
22526,train
22527,calibration
22528,train
22529,calibration
22530,test
22531,train
22532,train
22533,test
22534,validation
22535,train
22536,calibration
22537,train
22538,test
22539,validation
22540,validation
22541,validation
22542,train
22543,train
22544,calibration
22545,test
22546,test
22547,train
22548,train
22549,train
22550,train
22551,train
22552,train
22553,train
22554,calibration
22555,validation
22556,validation
22557,train
22558,test
22559,test
22560,train
22561,validation
22562,test
22563,train
22564,train
22565,validation
22566,train
22567,test
22568,test
22569,train
22570,train
22571,train
22572,test
22573,test
22574,train
22575,train
22576,test
22577,test
22578,train
22579,test
22580,validation
22581,train
22582,calibration
22583,test
22584,train
22585,train
22586,train
22587,train
22588,train
22589,train
22590,test
22591,train
22592,train
22593,train
22594,validation
22595,train
22596,train
22597,train
22598,calibration
22599,train
22600,validation
22601,train
22602,train
22603,calibration
22604,train
22605,test
22606,train
22607,train
22608,train
22609,test
22610,test
22611,train
22612,calibration
22613,train
22614,validation
22615,calibration
22616,train
22617,train
22618,train
22619,calibration
22620,train
22621,validation
22622,train
22623,validation
22624,train
22625,train
22626,train
22627,test
22628,train
22629,validation
22630,train
22631,calibration
22632,train
22633,train
22634,train
22635,train
22636,train
22637,train
22638,calibration
22639,train
22640,train
22641,validation
22642,train
22643,test
22644,validation
22645,train
22646,train
22647,train
22648,calibration
22649,validation
22650,train
22651,train
22652,validation
22653,test
22654,validation
22655,train
22656,train
22657,validation
22658,train
22659,train
22660,train
22661,validation
22662,train
22663,calibration
22664,train
22665,train
22666,test
22667,train
22668,train
22669,train
22670,train
22671,train
22672,test
22673,train
22674,calibration
22675,train
22676,train
22677,train
22678,train
22679,train
22680,test
22681,train
22682,train
22683,train
22684,train
22685,test
22686,train
22687,train
22688,test
22689,train
22690,test
22691,train
22692,train
22693,train
22694,train
22695,validation
22696,train
22697,train
22698,train
22699,test
22700,calibration
22701,train
22702,train
22703,test
22704,train
22705,validation
22706,train
22707,calibration
22708,train
22709,test
22710,train
22711,train
22712,train
22713,train
22714,test
22715,train
22716,train
22717,test
22718,validation
22719,test
22720,train
22721,train
22722,train
22723,train
22724,validation
22725,train
22726,train
22727,train
22728,test
22729,calibration
22730,train
22731,test
22732,test
22733,calibration
22734,test
22735,test
22736,validation
22737,validation
22738,train
22739,train
22740,calibration
22741,train
22742,validation
22743,calibration
22744,train
22745,train
22746,validation
22747,train
22748,train
22749,calibration
22750,validation
22751,calibration
22752,calibration
22753,calibration
22754,test
22755,train
22756,train
22757,train
22758,calibration
22759,calibration
22760,train
22761,test
22762,calibration
22763,calibration
22764,train
22765,train
22766,calibration
22767,validation
22768,train
22769,test
22770,train
22771,train
22772,test
22773,train
22774,train
22775,train
22776,test
22777,train
22778,calibration
22779,train
22780,train
22781,train
22782,train
22783,train
22784,train
22785,train
22786,train
22787,test
22788,train
22789,test
22790,train
22791,train
22792,train
22793,train
22794,validation
22795,train
22796,calibration
22797,validation
22798,train
22799,test
22800,calibration
22801,train
22802,train
22803,validation
22804,train
22805,validation
22806,train
22807,train
22808,test
22809,train
22810,train
22811,train
22812,train
22813,train
22814,validation
22815,calibration
22816,train
22817,train
22818,calibration
22819,train
22820,test
22821,validation
22822,train
22823,train
22824,test
22825,train
22826,test
22827,calibration
22828,train
22829,test
22830,train
22831,train
22832,calibration
22833,test
22834,test
22835,validation
22836,train
22837,calibration
22838,validation
22839,calibration
22840,train
22841,train
22842,test
22843,train
22844,train
22845,train
22846,train
22847,calibration
22848,train
22849,train
22850,validation
22851,calibration
22852,train
22853,train
22854,test
22855,test
22856,test
22857,test
22858,train
22859,test
22860,train
22861,train
22862,train
22863,train
22864,calibration
22865,calibration
22866,train
22867,calibration
22868,train
22869,train
22870,train
22871,train
22872,validation
22873,train
22874,train
22875,train
22876,train
22877,train
22878,train
22879,train
22880,validation
22881,test
22882,train
22883,validation
22884,test
22885,train
22886,train
22887,calibration
22888,test
22889,train
22890,train
22891,calibration
22892,test
22893,train
22894,train
22895,train
22896,test
22897,validation
22898,train
22899,train
22900,train
22901,train
22902,train
22903,validation
22904,test
22905,train
22906,train
22907,train
22908,train
22909,train
22910,train
22911,train
22912,train
22913,calibration
22914,train
22915,train
22916,train
22917,validation
22918,train
22919,validation
22920,train
22921,train
22922,train
22923,validation
22924,train
22925,train
22926,train
22927,train
22928,train
22929,test
22930,train
22931,validation
22932,train
22933,train
22934,train
22935,train
22936,validation
22937,train
22938,validation
22939,calibration
22940,train
22941,train
22942,train
22943,train
22944,test
22945,test
22946,calibration
22947,train
22948,train
22949,train
22950,train
22951,train
22952,validation
22953,train
22954,test
22955,calibration
22956,test
22957,train
22958,train
22959,validation
22960,train
22961,validation
22962,train
22963,train
22964,calibration
22965,test
22966,calibration
22967,train
22968,train
22969,train
22970,calibration
22971,train
22972,validation
22973,calibration
22974,test
22975,train
22976,train
22977,train
22978,calibration
22979,train
22980,validation
22981,train
22982,calibration
22983,train
22984,train
22985,train
22986,validation
22987,train
22988,validation
22989,train
22990,train
22991,train
22992,train
22993,validation
22994,test
22995,test
22996,train
22997,validation
22998,train
22999,validation
23000,train
23001,train
23002,calibration
23003,train
23004,test
23005,train
23006,validation
23007,test
23008,train
23009,train
23010,validation
23011,train
23012,validation
23013,validation
23014,test
23015,train
23016,train
23017,train
23018,test
23019,calibration
23020,test
23021,validation
23022,test
23023,train
23024,validation
23025,train
23026,test
23027,validation
23028,train
23029,train
23030,train
23031,train
23032,train
23033,train
23034,train
23035,test
23036,validation
23037,train
23038,train
23039,calibration
23040,train
23041,train
23042,train
23043,train
23044,test
23045,train
23046,train
23047,calibration
23048,train
23049,train
23050,train
23051,train
23052,calibration
23053,validation
23054,test
23055,train
23056,train
23057,train
23058,validation
23059,train
23060,train
23061,calibration
23062,train
23063,train
23064,calibration
23065,validation
23066,calibration
23067,train
23068,train
23069,train
23070,train
23071,validation
23072,train
23073,train
23074,train
23075,validation
23076,train
23077,train
23078,train
23079,validation
23080,test
23081,train
23082,train
23083,train
23084,validation
23085,test
23086,train
23087,train
23088,train
23089,train
23090,train
23091,train
23092,train
23093,train
23094,validation
23095,validation
23096,test
23097,calibration
23098,calibration
23099,train
23100,test
23101,train
23102,train
23103,test
23104,train
23105,train
23106,validation
23107,validation
23108,train
23109,train
23110,train
23111,train
23112,calibration
23113,train
23114,train
23115,train
23116,train
23117,test
23118,train
23119,test
23120,test
23121,train
23122,train
23123,test
23124,validation
23125,test
23126,train
23127,train
23128,calibration
23129,validation
23130,test
23131,test
23132,validation
23133,train
23134,train
23135,train
23136,train
23137,calibration
23138,train
23139,train
23140,test
23141,test
23142,train
23143,train
23144,validation
23145,train
23146,train
23147,calibration
23148,calibration
23149,calibration
23150,calibration
23151,train
23152,test
23153,test
23154,train
23155,train
23156,train
23157,train
23158,train
23159,calibration
23160,train
23161,train
23162,validation
23163,train
23164,validation
23165,train
23166,train
23167,test
23168,validation
23169,train
23170,test
23171,calibration
23172,train
23173,train
23174,train
23175,train
23176,test
23177,validation
23178,train
23179,validation
23180,train
23181,train
23182,test
23183,train
23184,train
23185,train
23186,calibration
23187,train
23188,train
23189,validation
23190,train
23191,train
23192,train
23193,train
23194,test
23195,train
23196,train
23197,train
23198,train
23199,train
23200,test
23201,validation
23202,test
23203,train
23204,train
23205,validation
23206,validation
23207,train
23208,test
23209,train
23210,test
23211,train
23212,train
23213,calibration
23214,test
23215,test
23216,train
23217,train
23218,train
23219,train
23220,validation
23221,test
23222,train
23223,test
23224,calibration
23225,validation
23226,validation
23227,train
23228,calibration
23229,train
23230,train
23231,calibration
23232,validation
23233,calibration
23234,test
23235,train
23236,train
23237,train
23238,calibration
23239,validation
23240,test
23241,train
23242,train
23243,calibration
23244,train
23245,test
23246,validation
23247,calibration
23248,train
23249,train
23250,train
23251,validation
23252,train
23253,train
23254,train
23255,train
23256,train
23257,train
23258,validation
23259,test
23260,test
23261,calibration
23262,train
23263,train
23264,train
23265,train
23266,test
23267,train
23268,train
23269,validation
23270,calibration
23271,train
23272,train
23273,train
23274,test
23275,train
23276,validation
23277,validation
23278,train
23279,train
23280,test
23281,train
23282,test
23283,validation
23284,train
23285,train
23286,validation
23287,train
23288,train
23289,train
23290,train
23291,train
23292,calibration
23293,train
23294,validation
23295,train
23296,calibration
23297,train
23298,train
23299,calibration
23300,train
23301,train
23302,validation
23303,train
23304,train
23305,train
23306,train
23307,test
23308,validation
23309,test
23310,train
23311,train
23312,train
23313,train
23314,validation
23315,train
23316,train
23317,validation
23318,train
23319,calibration
23320,validation
23321,train
23322,validation
23323,train
23324,train
23325,train
23326,calibration
23327,calibration
23328,train
23329,calibration
23330,validation
23331,train
23332,train
23333,train
23334,train
23335,validation
23336,validation
23337,train
23338,train
23339,validation
23340,validation
23341,train
23342,train
23343,train
23344,train
23345,train
23346,test
23347,train
23348,test
23349,validation
23350,train
23351,train
23352,calibration
23353,test
23354,validation
23355,validation
23356,test
23357,train
23358,train
23359,train
23360,train
23361,train
23362,train
23363,test
23364,validation
23365,train
23366,test
23367,train
23368,train
23369,calibration
23370,train
23371,calibration
23372,train
23373,train
23374,train
23375,train
23376,train
23377,train
23378,train
23379,train
23380,train
23381,train
23382,train
23383,validation
23384,train
23385,test
23386,validation
23387,train
23388,validation
23389,train
23390,calibration
23391,train
23392,train
23393,train
23394,train
23395,train
23396,train
23397,validation
23398,train
23399,calibration
23400,train
23401,validation
23402,test
23403,test
23404,train
23405,test
23406,test
23407,train
23408,calibration
23409,calibration
23410,train
23411,train
23412,test
23413,train
23414,train
23415,train
23416,train
23417,train
23418,validation
23419,train
23420,train
23421,calibration
23422,validation
23423,train
23424,validation
23425,train
23426,train
23427,validation
23428,train
23429,train
23430,calibration
23431,train
23432,test
23433,test
23434,train
23435,train
23436,train
23437,train
23438,train
23439,test
23440,train
23441,calibration
23442,train
23443,train
23444,train
23445,calibration
23446,train
23447,train
23448,calibration
23449,train
23450,validation
23451,test
23452,train
23453,train
23454,test
23455,train
23456,train
23457,validation
23458,validation
23459,train
23460,calibration
23461,train
23462,test
23463,train
23464,train
23465,train
23466,train
23467,train
23468,train
23469,train
23470,train
23471,train
23472,train
23473,train
23474,test
23475,train
23476,train
23477,test
23478,validation
23479,test
23480,validation
23481,train
23482,train
23483,train
23484,test
23485,calibration
23486,train
23487,train
23488,train
23489,train
23490,calibration
23491,validation
23492,train
23493,test
23494,validation
23495,train
23496,validation
23497,train
23498,train
23499,train
23500,validation
23501,train
23502,calibration
23503,test
23504,calibration
23505,train
23506,test
23507,test
23508,validation
23509,train
23510,train
23511,train
23512,validation
23513,validation
23514,train
23515,train
23516,train
23517,train
23518,train
23519,validation
23520,train
23521,validation
23522,train
23523,validation
23524,train
23525,train
23526,train
23527,train
23528,train
23529,train
23530,train
23531,train
23532,test
23533,train
23534,train
23535,calibration
23536,train
23537,validation
23538,test
23539,train
23540,train
23541,test
23542,validation
23543,train
23544,validation
23545,train
23546,calibration
23547,validation
23548,validation
23549,train
23550,train
23551,train
23552,train
23553,train
23554,train
23555,test
23556,train
23557,validation
23558,train
23559,validation
23560,train
23561,train
23562,train
23563,calibration
23564,test
23565,train
23566,train
23567,calibration
23568,train
23569,train
23570,train
23571,train
23572,test
23573,train
23574,calibration
23575,train
23576,train
23577,test
23578,calibration
23579,test
23580,validation
23581,calibration
23582,train
23583,train
23584,test
23585,train
23586,train
23587,validation
23588,train
23589,train
23590,train
23591,calibration
23592,train
23593,train
23594,train
23595,calibration
23596,train
23597,train
23598,test
23599,validation
23600,train
23601,train
23602,validation
23603,train
23604,calibration
23605,validation
23606,test
23607,train
23608,validation
23609,train
23610,train
23611,train
23612,train
23613,validation
23614,train
23615,validation
23616,train
23617,train
23618,validation
23619,train
23620,validation
23621,train
23622,calibration
23623,train
23624,train
23625,train
23626,validation
23627,validation
23628,test
23629,train
23630,train
23631,train
23632,test
23633,train
23634,test
23635,validation
23636,train
23637,train
23638,train
23639,train
23640,validation
23641,train
23642,validation
23643,train
23644,calibration
23645,train
23646,train
23647,test
23648,train
23649,train
23650,train
23651,test
23652,validation
23653,train
23654,train
23655,test
23656,test
23657,train
23658,test
23659,validation
23660,train
23661,test
23662,validation
23663,validation
23664,validation
23665,validation
23666,train
23667,test
23668,test
23669,train
23670,test
23671,validation
23672,test
23673,calibration
23674,calibration
23675,train
23676,test
23677,test
23678,train
23679,train
23680,test
23681,train
23682,train
23683,train
23684,test
23685,calibration
23686,train
23687,train
23688,train
23689,train
23690,train
23691,train
23692,validation
23693,validation
23694,train
23695,validation
23696,train
23697,train
23698,train
23699,train
23700,train
23701,test
23702,train
23703,train
23704,test
23705,validation
23706,train
23707,train
23708,calibration
23709,test
23710,train
23711,train
23712,train
23713,train
23714,train
23715,train
23716,train
23717,calibration
23718,train
23719,train
23720,train
23721,train
23722,calibration
23723,train
23724,train
23725,train
23726,test
23727,train
23728,validation
23729,train
23730,calibration
23731,test
23732,train
23733,train
23734,train
23735,train
23736,validation
23737,validation
23738,test
23739,train
23740,train
23741,train
23742,train
23743,test
23744,validation
23745,validation
23746,train
23747,validation
23748,train
23749,train
23750,validation
23751,test
23752,train
23753,test
23754,train
23755,train
23756,train
23757,train
23758,train
23759,train
23760,train
23761,train
23762,train
23763,test
23764,train
23765,train
23766,validation
23767,train
23768,calibration
23769,calibration
23770,validation
23771,train
23772,train
23773,train
23774,train
23775,validation
23776,train
23777,train
23778,train
23779,calibration
23780,test
23781,validation
23782,train
23783,train
23784,train
23785,train
23786,test
23787,train
23788,train
23789,train
23790,train
23791,train
23792,train
23793,train
23794,calibration
23795,train
23796,validation
23797,train
23798,train
23799,train
23800,train
23801,validation
23802,train
23803,validation
23804,train
23805,validation
23806,train
23807,train
23808,train
23809,train
23810,test
23811,train
23812,train
23813,train
23814,train
23815,train
23816,calibration
23817,test
23818,train
23819,train
23820,test
23821,train
23822,train
23823,train
23824,train
23825,train
23826,test
23827,train
23828,train
23829,train
23830,train
23831,train
23832,validation
23833,train
23834,validation
23835,train
23836,train
23837,train
23838,train
23839,train
23840,train
23841,train
23842,calibration
23843,test
23844,train
23845,train
23846,train
23847,calibration
23848,test
23849,train
23850,test
23851,train
23852,train
23853,test
23854,train
23855,test
23856,test
23857,calibration
23858,train
23859,train
23860,train
23861,train
23862,train
23863,train
23864,train
23865,train
23866,train
23867,train
23868,validation
23869,test
23870,train
23871,train
23872,test
23873,train
23874,train
23875,train
23876,test
23877,train
23878,train
23879,train
23880,test
23881,train
23882,train
23883,validation
23884,test
23885,train
23886,test
23887,calibration
23888,train
23889,train
23890,train
23891,test
23892,test
23893,calibration
23894,train
23895,train
23896,validation
23897,train
23898,train
23899,calibration
23900,train
23901,train
23902,train
23903,train
23904,train
23905,train
23906,train
23907,test
23908,test
23909,calibration
23910,train
23911,train
23912,train
23913,train
23914,train
23915,validation
23916,train
23917,test
23918,test
23919,calibration
23920,train
23921,train
23922,train
23923,calibration
23924,calibration
23925,train
23926,train
23927,train
23928,calibration
23929,validation
23930,train
23931,calibration
23932,train
23933,train
23934,train
23935,test
23936,train
23937,validation
23938,train
23939,train
23940,test
23941,train
23942,validation
23943,train
23944,calibration
23945,train
23946,calibration
23947,train
23948,validation
23949,train
23950,test
23951,train
23952,train
23953,train
23954,calibration
23955,train
23956,train
23957,train
23958,train
23959,train
23960,calibration
23961,train
23962,test
23963,train
23964,train
23965,test
23966,validation
23967,train
23968,calibration
23969,test
23970,train
23971,train
23972,train
23973,train
23974,train
23975,train
23976,train
23977,validation
23978,train
23979,train
23980,validation
23981,train
23982,train
23983,train
23984,test
23985,calibration
23986,train
23987,train
23988,train
23989,train
23990,train
23991,calibration
23992,train
23993,calibration
23994,validation
23995,calibration
23996,train
23997,train
23998,train
23999,validation
24000,train
24001,train
24002,train
24003,train
24004,validation
24005,train
24006,train
24007,validation
24008,train
24009,test
24010,train
24011,train
24012,train
24013,calibration
24014,test
24015,validation
24016,train
24017,train
24018,train
24019,train
24020,train
24021,test
24022,train
24023,train
24024,train
24025,train
24026,train
24027,train
24028,train
24029,train
24030,train
24031,train
24032,train
24033,calibration
24034,calibration
24035,train
24036,test
24037,train
24038,test
24039,train
24040,train
24041,test
24042,calibration
24043,train
24044,train
24045,train
24046,validation
24047,calibration
24048,train
24049,train
24050,calibration
24051,train
24052,train
24053,calibration
24054,test
24055,train
24056,calibration
24057,train
24058,calibration
24059,calibration
24060,test
24061,validation
24062,calibration
24063,train
24064,train
24065,validation
24066,train
24067,train
24068,validation
24069,train
24070,train
24071,calibration
24072,train
24073,train
24074,test
24075,train
24076,test
24077,train
24078,train
24079,validation
24080,calibration
24081,train
24082,train
24083,train
24084,train
24085,train
24086,train
24087,calibration
24088,test
24089,validation
24090,test
24091,train
24092,train
24093,calibration
24094,validation
24095,validation
24096,train
24097,train
24098,train
24099,train
24100,train
24101,train
24102,test
24103,train
24104,test
24105,calibration
24106,train
24107,train
24108,train
24109,train
24110,train
24111,validation
24112,calibration
24113,calibration
24114,train
24115,train
24116,train
24117,train
24118,validation
24119,test
24120,test
24121,train
24122,calibration
24123,train
24124,test
24125,test
24126,calibration
24127,calibration
24128,train
24129,test
24130,calibration
24131,train
24132,train
24133,train
24134,test
24135,train
24136,test
24137,train
24138,validation
24139,train
24140,train
24141,train
24142,train
24143,train
24144,train
24145,test
24146,train
24147,train
24148,train
24149,train
24150,train
24151,validation
24152,train
24153,train
24154,train
24155,train
24156,validation
24157,train
24158,test
24159,validation
24160,validation
24161,train
24162,train
24163,train
24164,train
24165,train
24166,train
24167,train
24168,train
24169,train
24170,train
24171,test
24172,train
24173,train
24174,calibration
24175,train
24176,validation
24177,train
24178,validation
24179,train
24180,test
24181,train
24182,validation
24183,train
24184,validation
24185,calibration
24186,train
24187,train
24188,train
24189,train
24190,validation
24191,train
24192,train
24193,validation
24194,test
24195,train
24196,calibration
24197,test
24198,test
24199,test
24200,validation
24201,validation
24202,train
24203,train
24204,train
24205,train
24206,test
24207,train
24208,train
24209,train
24210,validation
24211,calibration
24212,calibration
24213,train
24214,calibration
24215,train
24216,train
24217,calibration
24218,train
24219,train
24220,train
24221,train
24222,calibration
24223,test
24224,test
24225,train
24226,train
24227,train
24228,train
24229,validation
24230,train
24231,test
24232,calibration
24233,train
24234,train
24235,validation
24236,test
24237,train
24238,train
24239,validation
24240,test
24241,train
24242,train
24243,validation
24244,validation
24245,validation
24246,train
24247,train
24248,validation
24249,calibration
24250,train
24251,train
24252,train
24253,train
24254,calibration
24255,train
24256,test
24257,train
24258,train
24259,train
24260,calibration
24261,train
24262,train
24263,test
24264,train
24265,train
24266,train
24267,train
24268,train
24269,train
24270,validation
24271,test
24272,train
24273,validation
24274,calibration
24275,train
24276,train
24277,validation
24278,train
24279,train
24280,validation
24281,train
24282,validation
24283,test
24284,train
24285,calibration
24286,train
24287,test
24288,validation
24289,train
24290,train
24291,test
24292,calibration
24293,train
24294,test
24295,test
24296,train
24297,train
24298,train
24299,train
24300,train
24301,calibration
24302,train
24303,train
24304,train
24305,train
24306,train
24307,train
24308,train
24309,train
24310,train
24311,train
24312,train
24313,train
24314,validation
24315,test
24316,calibration
24317,train
24318,train
24319,train
24320,train
24321,test
24322,validation
24323,train
24324,train
24325,train
24326,validation
24327,test
24328,test
24329,test
24330,test
24331,test
24332,train
24333,train
24334,train
24335,train
24336,train
24337,test
24338,validation
24339,test
24340,calibration
24341,validation
24342,train
24343,train
24344,train
24345,calibration
24346,validation
24347,train
24348,train
24349,calibration
24350,train
24351,train
24352,train
24353,train
24354,train
24355,train
24356,train
24357,calibration
24358,train
24359,train
24360,test
24361,train
24362,train
24363,train
24364,validation
24365,validation
24366,train
24367,calibration
24368,train
24369,train
24370,train
24371,test
24372,test
24373,validation
24374,train
24375,train
24376,validation
24377,test
24378,calibration
24379,train
24380,test
24381,train
24382,test
24383,calibration
24384,test
24385,train
24386,train
24387,train
24388,train
24389,train
24390,calibration
24391,validation
24392,train
24393,test
24394,calibration
24395,train
24396,test
24397,test
24398,train
24399,train
24400,test
24401,train
24402,train
24403,train
24404,test
24405,validation
24406,train
24407,calibration
24408,validation
24409,train
24410,train
24411,train
24412,train
24413,validation
24414,train
24415,train
24416,train
24417,train
24418,train
24419,validation
24420,calibration
24421,train
24422,test
24423,train
24424,validation
24425,validation
24426,test
24427,train
24428,validation
24429,train
24430,train
24431,train
24432,validation
24433,validation
24434,test
24435,test
24436,calibration
24437,test
24438,validation
24439,calibration
24440,train
24441,calibration
24442,train
24443,test
24444,test
24445,train
24446,train
24447,calibration
24448,test
24449,train
24450,train
24451,train
24452,calibration
24453,train
24454,train
24455,train
24456,train
24457,calibration
24458,train
24459,test
24460,validation
24461,train
24462,calibration
24463,test
24464,train
24465,train
24466,train
24467,test
24468,train
24469,validation
24470,train
24471,calibration
24472,train
24473,train
24474,test
24475,train
24476,train
24477,train
24478,train
24479,test
24480,validation
24481,train
24482,train
24483,train
24484,train
24485,validation
24486,train
24487,calibration
24488,train
24489,train
24490,train
24491,test
24492,train
24493,train
24494,train
24495,train
24496,test
24497,test
24498,validation
24499,test
24500,train
24501,train
24502,calibration
24503,train
24504,validation
24505,train
24506,train
24507,train
24508,train
24509,validation
24510,train
24511,train
24512,train
24513,validation
24514,train
24515,train
24516,calibration
24517,calibration
24518,train
24519,train
24520,test
24521,test
24522,train
24523,train
24524,validation
24525,test
24526,calibration
24527,train
24528,train
24529,train
24530,test
24531,validation
24532,train
24533,train
24534,train
24535,train
24536,validation
24537,train
24538,train
24539,train
24540,train
24541,train
24542,train
24543,train
24544,train
24545,train
24546,train
24547,calibration
24548,train
24549,calibration
24550,train
24551,train
24552,train
24553,train
24554,train
24555,train
24556,train
24557,validation
24558,train
24559,train
24560,train
24561,test
24562,train
24563,validation
24564,train
24565,train
24566,calibration
24567,train
24568,train
24569,train
24570,train
24571,validation
24572,test
24573,train
24574,train
24575,validation
24576,train
24577,train
24578,calibration
24579,train
24580,train
24581,train
24582,calibration
24583,train
24584,train
24585,train
24586,train
24587,calibration
24588,train
24589,test
24590,train
24591,validation
24592,calibration
24593,train
24594,train
24595,train
24596,train
24597,train
24598,train
24599,train
24600,calibration
24601,validation
24602,calibration
24603,train
24604,train
24605,train
24606,test
24607,test
24608,calibration
24609,validation
24610,validation
24611,train
24612,test
24613,train
24614,validation
24615,validation
24616,train
24617,train
24618,train
24619,validation
24620,train
24621,train
24622,train
24623,train
24624,train
24625,test
24626,calibration
24627,calibration
24628,train
24629,calibration
24630,train
24631,test
24632,train
24633,train
24634,calibration
24635,train
24636,test
24637,validation
24638,test
24639,train
24640,train
24641,train
24642,train
24643,train
24644,train
24645,train
24646,train
24647,train
24648,calibration
24649,train
24650,train
24651,test
24652,validation
24653,test
24654,train
24655,test
24656,train
24657,test
24658,train
24659,train
24660,train
24661,calibration
24662,train
24663,test
24664,calibration
24665,train
24666,test
24667,train
24668,train
24669,calibration
24670,train
24671,calibration
24672,validation
24673,test
24674,calibration
24675,validation
24676,train
24677,train
24678,validation
24679,train
24680,train
24681,train
24682,train
24683,train
24684,train
24685,train
24686,train
24687,validation
24688,train
24689,train
24690,train
24691,train
24692,train
24693,train
24694,test
24695,calibration
24696,train
24697,train
24698,train
24699,train
24700,train
24701,calibration
24702,test
24703,train
24704,train
24705,calibration
24706,train
24707,train
24708,validation
24709,train
24710,train
24711,train
24712,calibration
24713,train
24714,test
24715,train
24716,calibration
24717,test
24718,train
24719,train
24720,train
24721,train
24722,train
24723,test
24724,calibration
24725,validation
24726,train
24727,train
24728,train
24729,train
24730,train
24731,train
24732,calibration
24733,train
24734,train
24735,train
24736,train
24737,train
24738,calibration
24739,validation
24740,train
24741,calibration
24742,calibration
24743,test
24744,test
24745,validation
24746,train
24747,test
24748,test
24749,train
24750,test
24751,validation
24752,train
24753,train
24754,calibration
24755,train
24756,validation
24757,test
24758,test
24759,test
24760,validation
24761,test
24762,train
24763,test
24764,test
24765,train
24766,train
24767,calibration
24768,train
24769,validation
24770,train
24771,train
24772,train
24773,train
24774,train
24775,train
24776,train
24777,train
24778,validation
24779,train
24780,train
24781,train
24782,test
24783,test
24784,train
24785,train
24786,train
24787,train
24788,test
24789,test
24790,train
24791,train
24792,train
24793,calibration
24794,test
24795,train
24796,train
24797,train
24798,test
24799,train
24800,calibration
24801,train
24802,calibration
24803,validation
24804,train
24805,train
24806,validation
24807,train
24808,test
24809,train
24810,train
24811,train
24812,train
24813,train
24814,train
24815,test
24816,train
24817,train
24818,train
24819,train
24820,calibration
24821,test
24822,calibration
24823,calibration
24824,train
24825,train
24826,train
24827,validation
24828,train
24829,train
24830,train
24831,test
24832,train
24833,train
24834,train
24835,test
24836,train
24837,validation
24838,validation
24839,train
24840,calibration
24841,test
24842,validation
24843,test
24844,train
24845,train
24846,calibration
24847,calibration
24848,test
24849,train
24850,calibration
24851,test
24852,train
24853,test
24854,train
24855,test
24856,train
24857,test
24858,validation
24859,train
24860,train
24861,train
24862,calibration
24863,train
24864,train
24865,calibration
24866,train
24867,train
24868,train
24869,validation
24870,train
24871,train
24872,train
24873,train
24874,validation
24875,train
24876,train
24877,validation
24878,test
24879,train
24880,train
24881,train
24882,train
24883,train
24884,train
24885,train
24886,test
24887,train
24888,train
24889,calibration
24890,train
24891,validation
24892,validation
24893,train
24894,train
24895,train
24896,test
24897,calibration
24898,validation
24899,test
24900,train
24901,train
24902,train
24903,train
24904,train
24905,test
24906,validation
24907,train
24908,train
24909,train
24910,test
24911,train
24912,train
24913,calibration
24914,train
24915,test
24916,train
24917,validation
24918,validation
24919,test
24920,train
24921,train
24922,calibration
24923,validation
24924,validation
24925,train
24926,validation
24927,test
24928,train
24929,train
24930,validation
24931,test
24932,train
24933,train
24934,train
24935,calibration
24936,train
24937,calibration
24938,train
24939,train
24940,train
24941,validation
24942,test
24943,validation
24944,train
24945,train
24946,train
24947,train
24948,calibration
24949,train
24950,validation
24951,train
24952,test
24953,validation
24954,validation
24955,calibration
24956,train
24957,train
24958,validation
24959,calibration
24960,validation
24961,test
24962,train
24963,calibration
24964,test
24965,test
24966,validation
24967,test
24968,train
24969,train
24970,train
24971,validation
24972,train
24973,train
24974,calibration
24975,train
24976,train
24977,validation
24978,train
24979,calibration
24980,train
24981,train
24982,train
24983,train
24984,test
24985,train
24986,test
24987,train
24988,train
24989,test
24990,train
24991,calibration
24992,train
24993,train
24994,train
24995,train
24996,train
24997,test
24998,test
24999,train
25000,train
25001,validation
25002,validation
25003,train
25004,calibration
25005,train
25006,calibration
25007,train
25008,test
25009,train
25010,validation
25011,train
25012,train
25013,train
25014,train
25015,test
25016,train
25017,test
25018,train
25019,train
25020,train
25021,test
25022,test
25023,test
25024,train
25025,train
25026,calibration
25027,train
25028,train
25029,train
25030,train
25031,train
25032,train
25033,validation
25034,calibration
25035,calibration
25036,train
25037,train
25038,train
25039,train
25040,validation
25041,train
25042,train
25043,train
25044,train
25045,train
25046,validation
25047,calibration
25048,train
25049,train
25050,validation
25051,validation
25052,test
25053,train
25054,test
25055,train
25056,train
25057,train
25058,validation
25059,validation
25060,train
25061,train
25062,validation
25063,calibration
25064,calibration
25065,train
25066,train
25067,validation
25068,train
25069,train
25070,train
25071,train
25072,train
25073,train
25074,test
25075,train
25076,train
25077,train
25078,validation
25079,calibration
25080,train
25081,train
25082,train
25083,train
25084,train
25085,calibration
25086,train
25087,train
25088,validation
25089,train
25090,validation
25091,train
25092,validation
25093,test
25094,train
25095,test
25096,train
25097,train
25098,validation
25099,train
25100,train
25101,validation
25102,train
25103,train
25104,train
25105,test
25106,train
25107,test
25108,train
25109,train
25110,validation
25111,train
25112,calibration
25113,validation
25114,test
25115,train
25116,train
25117,train
25118,test
25119,train
25120,validation
25121,train
25122,train
25123,validation
25124,test
25125,test
25126,train
25127,train
25128,train
25129,train
25130,test
25131,validation
25132,train
25133,calibration
25134,train
25135,validation
25136,test
25137,train
25138,train
25139,train
25140,train
25141,test
25142,train
25143,train
25144,calibration
25145,test
25146,train
25147,train
25148,train
25149,train
25150,train
25151,calibration
25152,test
25153,train
25154,test
25155,validation
25156,train
25157,validation
25158,train
25159,test
25160,test
25161,train
25162,validation
25163,train
25164,train
25165,train
25166,validation
25167,validation
25168,validation
25169,train
25170,validation
25171,train
25172,train
25173,train
25174,train
25175,validation
25176,validation
25177,train
25178,test
25179,train
25180,train
25181,train
25182,validation
25183,test
25184,validation
25185,validation
25186,train
25187,train
25188,train
25189,train
25190,calibration
25191,validation
25192,train
25193,train
25194,validation
25195,train
25196,train
25197,train
25198,test
25199,train
25200,train
25201,calibration
25202,calibration
25203,test
25204,validation
25205,train
25206,train
25207,train
25208,test
25209,train
25210,train
25211,train
25212,calibration
25213,test
25214,validation
25215,validation
25216,train
25217,train
25218,validation
25219,calibration
25220,validation
25221,validation
25222,train
25223,train
25224,train
25225,train
25226,validation
25227,train
25228,train
25229,validation
25230,calibration
25231,test
25232,train
25233,validation
25234,train
25235,validation
25236,train
25237,calibration
25238,validation
25239,calibration
25240,train
25241,train
25242,train
25243,train
25244,train
25245,train
25246,train
25247,test
25248,train
25249,train
25250,train
25251,train
25252,calibration
25253,train
25254,test
25255,train
25256,train
25257,validation
25258,train
25259,train
25260,train
25261,train
25262,train
25263,test
25264,test
25265,train
25266,test
25267,train
25268,train
25269,train
25270,train
25271,test
25272,validation
25273,validation
25274,train
25275,train
25276,train
25277,validation
25278,calibration
25279,train
25280,train
25281,train
25282,calibration
25283,validation
25284,validation
25285,train
25286,train
25287,train
25288,calibration
25289,train
25290,train
25291,train
25292,test
25293,train
25294,test
25295,calibration
25296,calibration
25297,validation
25298,train
25299,train
25300,test
25301,test
25302,train
25303,train
25304,train
25305,train
25306,train
25307,train
25308,test
25309,train
25310,train
25311,train
25312,validation
25313,train
25314,calibration
25315,train
25316,train
25317,calibration
25318,train
25319,train
25320,validation
25321,train
25322,test
25323,train
25324,test
25325,train
25326,train
25327,train
25328,train
25329,calibration
25330,train
25331,train
25332,train
25333,test
25334,test
25335,validation
25336,train
25337,train
25338,train
25339,validation
25340,train
25341,train
25342,train
25343,test
25344,train
25345,train
25346,calibration
25347,train
25348,validation
25349,validation
25350,train
25351,train
25352,validation
25353,calibration
25354,train
25355,test
25356,test
25357,test
25358,train
25359,calibration
25360,validation
25361,validation
25362,train
25363,train
25364,train
25365,train
25366,test
25367,train
25368,train
25369,train
25370,calibration
25371,validation
25372,train
25373,train
25374,test
25375,train
25376,train
25377,test
25378,test
25379,train
25380,train
25381,train
25382,train
25383,train
25384,test
25385,test
25386,train
25387,test
25388,train
25389,train
25390,train
25391,train
25392,train
25393,train
25394,train
25395,train
25396,train
25397,test
25398,train
25399,train
25400,train
25401,train
25402,train
25403,train
25404,train
25405,test
25406,train
25407,train
25408,test
25409,test
25410,train
25411,validation
25412,calibration
25413,train
25414,train
25415,calibration
25416,validation
25417,train
25418,train
25419,test
25420,train
25421,train
25422,train
25423,train
25424,test
25425,calibration
25426,train
25427,train
25428,calibration
25429,test
25430,test
25431,train
25432,calibration
25433,train
25434,train
25435,calibration
25436,test
25437,train
25438,train
25439,train
25440,train
25441,train
25442,calibration
25443,train
25444,train
25445,validation
25446,train
25447,test
25448,train
25449,train
25450,train
25451,train
25452,validation
25453,train
25454,calibration
25455,train
25456,test
25457,train
25458,train
25459,calibration
25460,test
25461,calibration
25462,test
25463,validation
25464,validation
25465,train
25466,test
25467,test
25468,test
25469,validation
25470,calibration
25471,calibration
25472,train
25473,train
25474,train
25475,train
25476,calibration
25477,train
25478,train
25479,train
25480,validation
25481,train
25482,train
25483,validation
25484,train
25485,train
25486,validation
25487,test
25488,test
25489,test
25490,train
25491,train
25492,train
25493,validation
25494,train
25495,train
25496,train
25497,train
25498,train
25499,train
25500,train
25501,train
25502,validation
25503,calibration
25504,train
25505,train
25506,test
25507,train
25508,train
25509,test
25510,validation
25511,train
25512,validation
25513,train
25514,test
25515,validation
25516,test
25517,train
25518,train
25519,train
25520,validation
25521,validation
25522,train
25523,train
25524,train
25525,validation
25526,validation
25527,calibration
25528,train
25529,train
25530,train
25531,test
25532,train
25533,train
25534,validation
25535,train
25536,train
25537,train
25538,train
25539,train
25540,train
25541,validation
25542,validation
25543,train
25544,validation
25545,train
25546,train
25547,train
25548,train
25549,calibration
25550,train
25551,train
25552,train
25553,train
25554,train
25555,validation
25556,train
25557,test
25558,train
25559,train
25560,test
25561,train
25562,train
25563,validation
25564,calibration
25565,validation
25566,train
25567,train
25568,validation
25569,test
25570,train
25571,train
25572,test
25573,validation
25574,train
25575,test
25576,train
25577,train
25578,train
25579,train
25580,validation
25581,validation
25582,train
25583,train
25584,train
25585,train
25586,train
25587,train
25588,test
25589,train
25590,train
25591,train
25592,train
25593,train
25594,test
25595,train
25596,train
25597,train
25598,train
25599,validation
25600,train
25601,train
25602,train
25603,train
25604,validation
25605,train
25606,train
25607,train
25608,train
25609,train
25610,validation
25611,validation
25612,train
25613,train
25614,train
25615,test
25616,calibration
25617,calibration
25618,train
25619,train
25620,train
25621,train
25622,train
25623,train
25624,validation
25625,train
25626,calibration
25627,train
25628,validation
25629,train
25630,train
25631,test
25632,test
25633,test
25634,train
25635,train
25636,train
25637,validation
25638,calibration
25639,train
25640,train
25641,validation
25642,train
25643,train
25644,test
25645,calibration
25646,train
25647,validation
25648,train
25649,train
25650,train
25651,validation
25652,train
25653,test
25654,test
25655,test
25656,validation
25657,train
25658,train
25659,train
25660,train
25661,train
25662,train
25663,validation
25664,train
25665,train
25666,test
25667,train
25668,train
25669,calibration
25670,validation
25671,train
25672,test
25673,train
25674,test
25675,validation
25676,validation
25677,train
25678,train
25679,calibration
25680,test
25681,train
25682,calibration
25683,train
25684,train
25685,train
25686,train
25687,test
25688,train
25689,validation
25690,train
25691,train
25692,calibration
25693,train
25694,train
25695,train
25696,train
25697,train
25698,test
25699,train
25700,test
25701,train
25702,train
25703,train
25704,train
25705,validation
25706,train
25707,validation
25708,calibration
25709,validation
25710,train
25711,train
25712,validation
25713,train
25714,train
25715,train
25716,calibration
25717,train
25718,validation
25719,validation
25720,train
25721,train
25722,calibration
25723,validation
25724,train
25725,test
25726,train
25727,validation
25728,test
25729,validation
25730,validation
25731,train
25732,train
25733,calibration
25734,train
25735,train
25736,train
25737,train
25738,train
25739,train
25740,train
25741,train
25742,calibration
25743,test
25744,train
25745,train
25746,train
25747,test
25748,train
25749,train
25750,test
25751,train
25752,validation
25753,validation
25754,calibration
25755,test
25756,train
25757,test
25758,train
25759,validation
25760,validation
25761,train
25762,test
25763,train
25764,train
25765,test
25766,calibration
25767,calibration
25768,train
25769,train
25770,test
25771,validation
25772,test
25773,train
25774,calibration
25775,train
25776,train
25777,test
25778,test
25779,test
25780,train
25781,calibration
25782,train
25783,train
25784,train
25785,train
25786,test
25787,train
25788,validation
25789,train
25790,train
25791,calibration
25792,test
25793,train
25794,test
25795,validation
25796,calibration
25797,train
25798,train
25799,train
25800,train
25801,train
25802,test
25803,validation
25804,test
25805,validation
25806,train
25807,train
25808,train
25809,train
25810,test
25811,calibration
25812,train
25813,train
25814,calibration
25815,train
25816,train
25817,train
25818,train
25819,validation
25820,validation
25821,train
25822,test
25823,validation
25824,train
25825,test
25826,train
25827,train
25828,train
25829,test
25830,train
25831,train
25832,calibration
25833,train
25834,calibration
25835,train
25836,test
25837,train
25838,train
25839,train
25840,validation
25841,train
25842,train
25843,test
25844,calibration
25845,train
25846,test
25847,train
25848,train
25849,train
25850,calibration
25851,validation
25852,calibration
25853,train
25854,train
25855,test
25856,train
25857,train
25858,train
25859,train
25860,validation
25861,calibration
25862,train
25863,test
25864,calibration
25865,train
25866,train
25867,train
25868,test
25869,train
25870,test
25871,calibration
25872,calibration
25873,train
25874,test
25875,train
25876,train
25877,train
25878,train
25879,calibration
25880,train
25881,train
25882,test
25883,validation
25884,test
25885,validation
25886,train
25887,train
25888,train
25889,train
25890,train
25891,calibration
25892,validation
25893,train
25894,train
25895,train
25896,validation
25897,train
25898,test
25899,train
25900,train
25901,train
25902,train
25903,train
25904,test
25905,train
25906,train
25907,validation
25908,train
25909,train
25910,validation
25911,train
25912,train
25913,test
25914,train
25915,train
25916,train
25917,test
25918,train
25919,validation
25920,train
25921,train
25922,train
25923,validation
25924,calibration
25925,train
25926,train
25927,test
25928,test
25929,train
25930,train
25931,train
25932,test
25933,train
25934,train
25935,test
25936,calibration
25937,test
25938,train
25939,train
25940,train
25941,calibration
25942,train
25943,validation
25944,validation
25945,train
25946,validation
25947,calibration
25948,train
25949,test
25950,validation
25951,train
25952,validation
25953,train
25954,train
25955,train
25956,validation
25957,test
25958,train
25959,validation
25960,train
25961,calibration
25962,test
25963,train
25964,validation
25965,train
25966,test
25967,train
25968,train
25969,train
25970,calibration
25971,validation
25972,validation
25973,train
25974,train
25975,calibration
25976,test
25977,test
25978,test
25979,calibration
25980,train
25981,train
25982,train
25983,train
25984,test
25985,train
25986,calibration
25987,train
25988,train
25989,test
25990,train
25991,test
25992,train
25993,calibration
25994,calibration
25995,train
25996,test
25997,train
25998,train
25999,test
26000,test
26001,train
26002,train
26003,train
26004,validation
26005,validation
26006,train
26007,train
26008,calibration
26009,train
26010,train
26011,train
26012,calibration
26013,calibration
26014,train
26015,train
26016,validation
26017,calibration
26018,train
26019,test
26020,validation
26021,train
26022,test
26023,train
26024,train
26025,validation
26026,train
26027,train
26028,train
26029,train
26030,train
26031,validation
26032,train
26033,train
26034,train
26035,train
26036,validation
26037,test
26038,train
26039,train
26040,train
26041,train
26042,validation
26043,validation
26044,train
26045,train
26046,train
26047,validation
26048,test
26049,train
26050,train
26051,calibration
26052,train
26053,train
26054,train
26055,train
26056,train
26057,calibration
26058,test
26059,train
26060,test
26061,train
26062,train
26063,train
26064,train
26065,calibration
26066,train
26067,train
26068,train
26069,train
26070,train
26071,validation
26072,test
26073,train
26074,validation
26075,train
26076,validation
26077,validation
26078,validation
26079,train
26080,train
26081,train
26082,validation
26083,train
26084,train
26085,train
26086,calibration
26087,calibration
26088,test
26089,validation
26090,train
26091,train
26092,train
26093,train
26094,train
26095,train
26096,calibration
26097,calibration
26098,train
26099,train
26100,train
26101,train
26102,calibration
26103,train
26104,calibration
26105,calibration
26106,train
26107,train
26108,train
26109,train
26110,validation
26111,test
26112,train
26113,calibration
26114,train
26115,calibration
26116,train
26117,test
26118,train
26119,train
26120,calibration
26121,train
26122,train
26123,train
26124,train
26125,train
26126,train
26127,train
26128,calibration
26129,train
26130,calibration
26131,train
26132,validation
26133,train
26134,train
26135,train
26136,train
26137,train
26138,train
26139,train
26140,train
26141,train
26142,train
26143,train
26144,train
26145,test
26146,validation
26147,test
26148,train
26149,validation
26150,train
26151,validation
26152,validation
26153,train
26154,test
26155,validation
26156,train
26157,train
26158,train
26159,train
26160,train
26161,validation
26162,train
26163,calibration
26164,train
26165,validation
26166,calibration
26167,test
26168,train
26169,test
26170,train
26171,calibration
26172,calibration
26173,train
26174,train
26175,train
26176,calibration
26177,validation
26178,test
26179,test
26180,train
26181,train
26182,train
26183,train
26184,train
26185,train
26186,train
26187,train
26188,train
26189,train
26190,train
26191,test
26192,test
26193,train
26194,train
26195,train
26196,train
26197,calibration
26198,validation
26199,train
26200,train
26201,train
26202,test
26203,train
26204,train
26205,train
26206,train
26207,test
26208,calibration
26209,train
26210,train
26211,train
26212,train
26213,validation
26214,test
26215,train
26216,train
26217,train
26218,validation
26219,train
26220,train
26221,train
26222,train
26223,train
26224,test
26225,test
26226,train
26227,test
26228,test
26229,train
26230,train
26231,train
26232,train
26233,test
26234,train
26235,validation
26236,train
26237,train
26238,train
26239,train
26240,train
26241,train
26242,train
26243,train
26244,train
26245,calibration
26246,calibration
26247,validation
26248,train
26249,train
26250,train
26251,test
26252,test
26253,train
26254,train
26255,train
26256,train
26257,validation
26258,train
26259,test
26260,calibration
26261,train
26262,test
26263,train
26264,train
26265,calibration
26266,train
26267,train
26268,test
26269,validation
26270,validation
26271,validation
26272,train
26273,train
26274,train
26275,train
26276,validation
26277,train
26278,train
26279,test
26280,train
26281,test
26282,calibration
26283,validation
26284,train
26285,test
26286,train
26287,train
26288,train
26289,train
26290,validation
26291,calibration
26292,train
26293,validation
26294,train
26295,train
26296,validation
26297,train
26298,calibration
26299,train
26300,calibration
26301,train
26302,train
26303,validation
26304,train
26305,train
26306,train
26307,test
26308,train
26309,train
26310,test
26311,train
26312,calibration
26313,test
26314,train
26315,train
26316,train
26317,train
26318,train
26319,train
26320,train
26321,train
26322,test
26323,validation
26324,train
26325,train
26326,test
26327,train
26328,train
26329,train
26330,train
26331,train
26332,train
26333,validation
26334,test
26335,train
26336,train
26337,train
26338,train
26339,train
26340,train
26341,test
26342,validation
26343,test
26344,train
26345,train
26346,test
26347,validation
26348,train
26349,validation
26350,train
26351,validation
26352,test
26353,validation
26354,validation
26355,train
26356,train
26357,train
26358,train
26359,train
26360,train
26361,train
26362,train
26363,train
26364,train
26365,validation
26366,train
26367,train
26368,validation
26369,train
26370,train
26371,train
26372,train
26373,train
26374,validation
26375,train
26376,test
26377,test
26378,train
26379,train
26380,train
26381,train
26382,train
26383,train
26384,validation
26385,calibration
26386,calibration
26387,train
26388,train
26389,calibration
26390,train
26391,train
26392,train
26393,validation
26394,validation
26395,train
26396,train
26397,train
26398,train
26399,train
26400,train
26401,calibration
26402,test
26403,validation
26404,train
26405,train
26406,train
26407,train
26408,validation
26409,train
26410,calibration
26411,train
26412,train
26413,train
26414,validation
26415,test
26416,train
26417,train
26418,train
26419,calibration
26420,train
26421,calibration
26422,train
26423,train
26424,train
26425,test
26426,train
26427,train
26428,validation
26429,calibration
26430,train
26431,train
26432,train
26433,train
26434,calibration
26435,validation
26436,train
26437,train
26438,validation
26439,train
26440,validation
26441,train
26442,test
26443,train
26444,train
26445,train
26446,train
26447,train
26448,train
26449,test
26450,validation
26451,test
26452,train
26453,validation
26454,train
26455,train
26456,validation
26457,test
26458,test
26459,test
26460,validation
26461,train
26462,test
26463,train
26464,test
26465,train
26466,validation
26467,train
26468,train
26469,train
26470,train
26471,validation
26472,train
26473,calibration
26474,validation
26475,train
26476,train
26477,train
26478,validation
26479,train
26480,train
26481,train
26482,train
26483,train
26484,train
26485,train
26486,train
26487,train
26488,calibration
26489,train
26490,train
26491,train
26492,calibration
26493,test
26494,test
26495,train
26496,test
26497,train
26498,validation
26499,validation
26500,train
26501,train
26502,train
26503,train
26504,train
26505,train
26506,train
26507,train
26508,train
26509,train
26510,validation
26511,train
26512,train
26513,test
26514,train
26515,calibration
26516,validation
26517,calibration
26518,train
26519,train
26520,test
26521,calibration
26522,calibration
26523,calibration
26524,train
26525,validation
26526,train
26527,calibration
26528,train
26529,train
26530,train
26531,train
26532,train
26533,validation
26534,train
26535,calibration
26536,test
26537,test
26538,validation
26539,train
26540,test
26541,train
26542,validation
26543,validation
26544,train
26545,train
26546,train
26547,train
26548,train
26549,train
26550,train
26551,test
26552,train
26553,validation
26554,train
26555,train
26556,train
26557,train
26558,train
26559,train
26560,train
26561,train
26562,test
26563,train
26564,validation
26565,test
26566,test
26567,train
26568,train
26569,train
26570,train
26571,validation
26572,train
26573,calibration
26574,calibration
26575,train
26576,validation
26577,train
26578,test
26579,train
26580,train
26581,test
26582,calibration
26583,test
26584,train
26585,train
26586,test
26587,train
26588,train
26589,train
26590,train
26591,train
26592,test
26593,calibration
26594,train
26595,calibration
26596,test
26597,train
26598,train
26599,validation
26600,test
26601,train
26602,test
26603,test
26604,train
26605,train
26606,train
26607,train
26608,train
26609,train
26610,calibration
26611,train
26612,validation
26613,train
26614,validation
26615,train
26616,calibration
26617,test
26618,train
26619,validation
26620,train
26621,test
26622,train
26623,validation
26624,train
26625,train
26626,train
26627,train
26628,train
26629,train
26630,train
26631,train
26632,test
26633,train
26634,calibration
26635,train
26636,validation
26637,train
26638,train
26639,train
26640,calibration
26641,train
26642,calibration
26643,train
26644,test
26645,train
26646,validation
26647,validation
26648,train
26649,train
26650,test
26651,test
26652,train
26653,calibration
26654,train
26655,train
26656,train
26657,calibration
26658,test
26659,train
26660,train
26661,train
26662,train
26663,validation
26664,train
26665,train
26666,test
26667,train
26668,test
26669,train
26670,train
26671,train
26672,train
26673,train
26674,train
26675,train
26676,train
26677,train
26678,train
26679,train
26680,test
26681,calibration
26682,train
26683,test
26684,validation
26685,train
26686,train
26687,train
26688,train
26689,test
26690,test
26691,train
26692,test
26693,validation
26694,train
26695,train
26696,train
26697,train
26698,train
26699,train
26700,train
26701,calibration
26702,train
26703,train
26704,test
26705,train
26706,train
26707,validation
26708,train
26709,train
26710,test
26711,train
26712,test
26713,train
26714,train
26715,train
26716,train
26717,train
26718,train
26719,train
26720,validation
26721,train
26722,test
26723,calibration
26724,train
26725,train
26726,train
26727,train
26728,train
26729,train
26730,train
26731,test
26732,train
26733,train
26734,train
26735,train
26736,train
26737,calibration
26738,train
26739,train
26740,train
26741,validation
26742,train
26743,train
26744,test
26745,train
26746,train
26747,test
26748,train
26749,train
26750,train
26751,train
26752,test
26753,calibration
26754,validation
26755,calibration
26756,train
26757,test
26758,validation
26759,test
26760,calibration
26761,test
26762,test
26763,train
26764,train
26765,test
26766,test
26767,train
26768,test
26769,train
26770,train
26771,test
26772,train
26773,train
26774,train
26775,train
26776,test
26777,train
26778,train
26779,train
26780,calibration
26781,validation
26782,train
26783,train
26784,train
26785,train
26786,test
26787,validation
26788,calibration
26789,train
26790,train
26791,train
26792,train
26793,test
26794,train
26795,train
26796,train
26797,train
26798,train
26799,train
26800,validation
26801,test
26802,test
26803,train
26804,train
26805,validation
26806,train
26807,train
26808,test
26809,train
26810,train
26811,calibration
26812,train
26813,train
26814,test
26815,train
26816,train
26817,train
26818,train
26819,train
26820,calibration
26821,calibration
26822,calibration
26823,validation
26824,test
26825,test
26826,validation
26827,train
26828,validation
26829,train
26830,train
26831,calibration
26832,train
26833,train
26834,train
26835,validation
26836,validation
26837,calibration
26838,train
26839,train
26840,test
26841,train
26842,train
26843,test
26844,train
26845,train
26846,train
26847,train
26848,train
26849,validation
26850,train
26851,train
26852,validation
26853,train
26854,train
26855,train
26856,train
26857,validation
26858,calibration
26859,validation
26860,validation
26861,train
26862,calibration
26863,train
26864,train
26865,validation
26866,test
26867,test
26868,calibration
26869,train
26870,validation
26871,train
26872,train
26873,calibration
26874,test
26875,test
26876,test
26877,test
26878,validation
26879,train
26880,calibration
26881,train
26882,validation
26883,test
26884,train
26885,train
26886,train
26887,calibration
26888,validation
26889,calibration
26890,train
26891,calibration
26892,train
26893,train
26894,test
26895,train
26896,calibration
26897,train
26898,train
26899,train
26900,validation
26901,calibration
26902,train
26903,test
26904,train
26905,validation
26906,test
26907,train
26908,train
26909,test
26910,test
26911,train
26912,train
26913,train
26914,validation
26915,train
26916,train
26917,train
26918,train
26919,train
26920,train
26921,train
26922,validation
26923,validation
26924,train
26925,validation
26926,calibration
26927,train
26928,calibration
26929,train
26930,train
26931,train
26932,train
26933,test
26934,train
26935,train
26936,train
26937,calibration
26938,train
26939,calibration
26940,test
26941,test
26942,train
26943,test
26944,train
26945,validation
26946,train
26947,test
26948,train
26949,train
26950,calibration
26951,train
26952,calibration
26953,train
26954,train
26955,calibration
26956,train
26957,train
26958,train
26959,train
26960,test
26961,train
26962,validation
26963,test
26964,calibration
26965,calibration
26966,train
26967,train
26968,train
26969,train
26970,train
26971,test
26972,train
26973,validation
26974,train
26975,train
26976,test
26977,train
26978,train
26979,train
26980,validation
26981,test
26982,train
26983,train
26984,train
26985,train
26986,train
26987,train
26988,train
26989,calibration
26990,validation
26991,train
26992,train
26993,train
26994,test
26995,train
26996,train
26997,validation
26998,train
26999,train
27000,train
27001,train
27002,train
27003,train
27004,test
27005,train
27006,train
27007,validation
27008,validation
27009,train
27010,test
27011,validation
27012,train
27013,train
27014,test
27015,test
27016,test
27017,test
27018,train
27019,calibration
27020,train
27021,train
27022,train
27023,calibration
27024,train
27025,calibration
27026,train
27027,train
27028,train
27029,train
27030,test
27031,test
27032,train
27033,train
27034,train
27035,train
27036,train
27037,train
27038,train
27039,train
27040,validation
27041,validation
27042,train
27043,train
27044,train
27045,train
27046,train
27047,train
27048,train
27049,validation
27050,validation
27051,test
27052,train
27053,test
27054,validation
27055,test
27056,train
27057,train
27058,train
27059,train
27060,train
27061,test
27062,validation
27063,calibration
27064,train
27065,train
27066,train
27067,test
27068,train
27069,train
27070,validation
27071,train
27072,train
27073,validation
27074,test
27075,test
27076,train
27077,train
27078,validation
27079,calibration
27080,train
27081,test
27082,train
27083,validation
27084,train
27085,test
27086,train
27087,train
27088,validation
27089,train
27090,test
27091,train
27092,train
27093,train
27094,validation
27095,validation
27096,train
27097,train
27098,calibration
27099,train
27100,validation
27101,calibration
27102,test
27103,calibration
27104,train
27105,train
27106,test
27107,test
27108,train
27109,test
27110,train
27111,train
27112,calibration
27113,validation
27114,train
27115,train
27116,train
27117,train
27118,train
27119,validation
27120,train
27121,train
27122,validation
27123,train
27124,test
27125,train
27126,validation
27127,validation
27128,train
27129,test
27130,train
27131,test
27132,calibration
27133,train
27134,train
27135,train
27136,train
27137,validation
27138,test
27139,train
27140,calibration
27141,validation
27142,test
27143,train
27144,test
27145,train
27146,test
27147,test
27148,train
27149,train
27150,validation
27151,calibration
27152,train
27153,train
27154,train
27155,train
27156,train
27157,validation
27158,train
27159,train
27160,test
27161,train
27162,train
27163,calibration
27164,train
27165,train
27166,test
27167,test
27168,train
27169,train
27170,validation
27171,test
27172,validation
27173,train
27174,train
27175,validation
27176,test
27177,train
27178,test
27179,train
27180,train
27181,train
27182,test
27183,train
27184,train
27185,validation
27186,validation
27187,test
27188,train
27189,test
27190,train
27191,validation
27192,train
27193,train
27194,train
27195,train
27196,test
27197,train
27198,validation
27199,calibration
27200,test
27201,train
27202,train
27203,train
27204,train
27205,train
27206,train
27207,train
27208,calibration
27209,train
27210,test
27211,train
27212,train
27213,validation
27214,test
27215,train
27216,train
27217,calibration
27218,calibration
27219,calibration
27220,train
27221,train
27222,train
27223,test
27224,train
27225,train
27226,validation
27227,train
27228,train
27229,validation
27230,test
27231,train
27232,validation
27233,calibration
27234,calibration
27235,test
27236,calibration
27237,train
27238,train
27239,test
27240,validation
27241,train
27242,train
27243,train
27244,train
27245,train
27246,validation
27247,train
27248,train
27249,validation
27250,train
27251,train
27252,calibration
27253,train
27254,train
27255,test
27256,train
27257,calibration
27258,train
27259,test
27260,train
27261,test
27262,train
27263,train
27264,validation
27265,train
27266,validation
27267,test
27268,train
27269,train
27270,train
27271,validation
27272,train
27273,train
27274,train
27275,train
27276,validation
27277,train
27278,train
27279,train
27280,calibration
27281,calibration
27282,train
27283,validation
27284,train
27285,train
27286,calibration
27287,train
27288,train
27289,test
27290,train
27291,train
27292,train
27293,train
27294,train
27295,train
27296,train
27297,train
27298,train
27299,train
27300,train
27301,test
27302,train
27303,validation
27304,train
27305,calibration
27306,train
27307,train
27308,train
27309,calibration
27310,train
27311,train
27312,train
27313,train
27314,train
27315,train
27316,train
27317,calibration
27318,test
27319,train
27320,train
27321,train
27322,train
27323,test
27324,test
27325,train
27326,test
27327,train
27328,train
27329,validation
27330,validation
27331,train
27332,train
27333,test
27334,calibration
27335,train
27336,validation
27337,validation
27338,validation
27339,train
27340,train
27341,train
27342,train
27343,validation
27344,train
27345,train
27346,train
27347,calibration
27348,train
27349,train
27350,train
27351,validation
27352,train
27353,train
27354,train
27355,validation
27356,validation
27357,train
27358,train
27359,train
27360,train
27361,validation
27362,test
27363,train
27364,train
27365,test
27366,train
27367,test
27368,validation
27369,train
27370,train
27371,train
27372,train
27373,train
27374,train
27375,train
27376,train
27377,test
27378,validation
27379,train
27380,train
27381,train
27382,train
27383,test
27384,train
27385,test
27386,test
27387,test
27388,test
27389,train
27390,train
27391,test
27392,validation
27393,test
27394,test
27395,calibration
27396,train
27397,train
27398,train
27399,train
27400,train
27401,train
27402,train
27403,test
27404,validation
27405,validation
27406,train
27407,train
27408,train
27409,train
27410,train
27411,train
27412,test
27413,train
27414,train
27415,validation
27416,train
27417,test
27418,train
27419,train
27420,train
27421,validation
27422,train
27423,train
27424,calibration
27425,validation
27426,train
27427,train
27428,calibration
27429,train
27430,test
27431,train
27432,validation
27433,train
27434,train
27435,validation
27436,train
27437,train
27438,test
27439,calibration
27440,train
27441,train
27442,validation
27443,train
27444,train
27445,train
27446,train
27447,train
27448,validation
27449,train
27450,test
27451,train
27452,calibration
27453,test
27454,train
27455,train
27456,test
27457,train
27458,validation
27459,train
27460,train
27461,train
27462,train
27463,test
27464,train
27465,calibration
27466,train
27467,validation
27468,train
27469,validation
27470,train
27471,test
27472,train
27473,train
27474,train
27475,train
27476,test
27477,train
27478,train
27479,validation
27480,train
27481,validation
27482,validation
27483,train
27484,train
27485,validation
27486,test
27487,train
27488,train
27489,validation
27490,train
27491,train
27492,test
27493,train
27494,train
27495,train
27496,train
27497,train
27498,calibration
27499,calibration
27500,train
27501,train
27502,train
27503,train
27504,train
27505,train
27506,test
27507,validation
27508,train
27509,validation
27510,train
27511,validation
27512,calibration
27513,train
27514,train
27515,test
27516,train
27517,train
27518,train
27519,train
27520,train
27521,train
27522,train
27523,train
27524,validation
27525,train
27526,train
27527,calibration
27528,test
27529,calibration
27530,train
27531,train
27532,train
27533,test
27534,train
27535,train
27536,train
27537,train
27538,train
27539,train
27540,train
27541,train
27542,train
27543,test
27544,calibration
27545,validation
27546,train
27547,validation
27548,test
27549,validation
27550,train
27551,train
27552,train
27553,train
27554,test
27555,validation
27556,validation
27557,test
27558,train
27559,train
27560,test
27561,train
27562,train
27563,validation
27564,train
27565,validation
27566,train
27567,train
27568,train
27569,train
27570,train
27571,train
27572,calibration
27573,test
27574,validation
27575,train
27576,train
27577,train
27578,validation
27579,test
27580,test
27581,train
27582,train
27583,train
27584,train
27585,train
27586,train
27587,test
27588,train
27589,train
27590,calibration
27591,validation
27592,train
27593,test
27594,validation
27595,validation
27596,train
27597,test
27598,train
27599,train
27600,test
27601,train
27602,test
27603,calibration
27604,train
27605,train
27606,test
27607,train
27608,train
27609,train
27610,train
27611,calibration
27612,calibration
27613,train
27614,train
27615,train
27616,train
27617,train
27618,train
27619,calibration
27620,train
27621,train
27622,test
27623,train
27624,train
27625,train
27626,train
27627,validation
27628,train
27629,validation
27630,train
27631,train
27632,validation
27633,validation
27634,validation
27635,train
27636,validation
27637,test
27638,train
27639,train
27640,test
27641,test
27642,test
27643,train
27644,calibration
27645,train
27646,train
27647,test
27648,train
27649,train
27650,train
27651,calibration
27652,train
27653,train
27654,calibration
27655,calibration
27656,validation
27657,train
27658,test
27659,validation
27660,calibration
27661,train
27662,train
27663,train
27664,validation
27665,test
27666,train
27667,train
27668,train
27669,calibration
27670,train
27671,train
27672,test
27673,validation
27674,train
27675,train
27676,train
27677,train
27678,train
27679,validation
27680,train
27681,train
27682,train
27683,validation
27684,train
27685,train
27686,train
27687,train
27688,train
27689,test
27690,train
27691,train
27692,train
27693,train
27694,train
27695,train
27696,train
27697,test
27698,test
27699,train
27700,train
27701,validation
27702,calibration
27703,train
27704,test
27705,validation
27706,test
27707,train
27708,train
27709,train
27710,train
27711,train
27712,calibration
27713,validation
27714,train
27715,validation
27716,train
27717,train
27718,calibration
27719,train
27720,train
27721,train
27722,validation
27723,test
27724,train
27725,train
27726,test
27727,train
27728,calibration
27729,train
27730,test
27731,train
27732,validation
27733,train
27734,train
27735,validation
27736,train
27737,test
27738,train
27739,train
27740,train
27741,calibration
27742,validation
27743,calibration
27744,calibration
27745,validation
27746,train
27747,train
27748,calibration
27749,train
27750,train
27751,train
27752,validation
27753,calibration
27754,train
27755,validation
27756,train
27757,train
27758,train
27759,validation
27760,train
27761,train
27762,train
27763,train
27764,validation
27765,train
27766,train
27767,train
27768,train
27769,calibration
27770,train
27771,test
27772,train
27773,test
27774,validation
27775,train
27776,train
27777,train
27778,validation
27779,test
27780,train
27781,train
27782,validation
27783,calibration
27784,train
27785,test
27786,train
27787,validation
27788,train
27789,test
27790,train
27791,train
27792,train
27793,train
27794,train
27795,train
27796,train
27797,train
27798,train
27799,train
27800,validation
27801,train
27802,validation
27803,train
27804,train
27805,train
27806,train
27807,train
27808,train
27809,train
27810,calibration
27811,train
27812,train
27813,train
27814,train
27815,calibration
27816,train
27817,test
27818,calibration
27819,train
27820,test
27821,calibration
27822,test
27823,train
27824,train
27825,validation
27826,train
27827,train
27828,train
27829,train
27830,test
27831,train
27832,validation
27833,train
27834,train
27835,train
27836,train
27837,train
27838,train
27839,train
27840,train
27841,train
27842,calibration
27843,train
27844,validation
27845,validation
27846,test
27847,train
27848,train
27849,train
27850,test
27851,train
27852,train
27853,train
27854,validation
27855,train
27856,train
27857,train
27858,train
27859,train
27860,train
27861,train
27862,train
27863,train
27864,calibration
27865,train
27866,train
27867,train
27868,test
27869,train
27870,train
27871,test
27872,calibration
27873,train
27874,validation
27875,train
27876,train
27877,calibration
27878,train
27879,train
27880,train
27881,test
27882,test
27883,calibration
27884,calibration
27885,test
27886,train
27887,train
27888,calibration
27889,train
27890,train
27891,train
27892,train
27893,train
27894,train
27895,calibration
27896,validation
27897,train
27898,validation
27899,train
27900,train
27901,train
27902,train
27903,calibration
27904,train
27905,train
27906,train
27907,train
27908,train
27909,test
27910,validation
27911,validation
27912,train
27913,calibration
27914,train
27915,train
27916,validation
27917,train
27918,train
27919,train
27920,train
27921,train
27922,train
27923,train
27924,train
27925,train
27926,calibration
27927,validation
27928,train
27929,train
27930,validation
27931,validation
27932,train
27933,train
27934,train
27935,calibration
27936,train
27937,train
27938,test
27939,test
27940,test
27941,train
27942,train
27943,train
27944,test
27945,validation
27946,train
27947,train
27948,train
27949,validation
27950,test
27951,train
27952,train
27953,validation
27954,validation
27955,train
27956,test
27957,test
27958,test
27959,validation
27960,validation
27961,train
27962,test
27963,train
27964,train
27965,train
27966,calibration
27967,train
27968,train
27969,train
27970,train
27971,calibration
27972,test
27973,test
27974,validation
27975,train
27976,train
27977,train
27978,test
27979,validation
27980,test
27981,validation
27982,train
27983,calibration
27984,validation
27985,train
27986,calibration
27987,train
27988,test
27989,train
27990,train
27991,train
27992,train
27993,train
27994,test
27995,train
27996,train
27997,train
27998,train
27999,train
28000,test
28001,test
28002,train
28003,validation
28004,train
28005,validation
28006,train
28007,validation
28008,train
28009,test
28010,train
28011,train
28012,train
28013,calibration
28014,test
28015,train
28016,train
28017,train
28018,train
28019,train
28020,validation
28021,train
28022,train
28023,train
28024,train
28025,test
28026,validation
28027,train
28028,train
28029,validation
28030,train
28031,train
28032,validation
28033,train
28034,train
28035,validation
28036,train
28037,train
28038,train
28039,validation
28040,train
28041,train
28042,test
28043,validation
28044,test
28045,train
28046,train
28047,train
28048,validation
28049,validation
28050,train
28051,test
28052,train
28053,calibration
28054,validation
28055,train
28056,validation
28057,train
28058,test
28059,test
28060,train
28061,train
28062,test
28063,validation
28064,calibration
28065,validation
28066,test
28067,train
28068,calibration
28069,train
28070,test
28071,train
28072,train
28073,train
28074,train
28075,validation
28076,train
28077,calibration
28078,validation
28079,test
28080,calibration
28081,validation
28082,train
28083,train
28084,calibration
28085,train
28086,test
28087,train
28088,calibration
28089,train
28090,train
28091,validation
28092,train
28093,validation
28094,validation
28095,test
28096,train
28097,train
28098,train
28099,test
28100,train
28101,test
28102,train
28103,train
28104,validation
28105,test
28106,test
28107,validation
28108,test
28109,train
28110,test
28111,train
28112,test
28113,calibration
28114,test
28115,train
28116,validation
28117,validation
28118,calibration
28119,calibration
28120,train
28121,calibration
28122,train
28123,train
28124,train
28125,validation
28126,train
28127,test
28128,train
28129,validation
28130,train
28131,train
28132,calibration
28133,train
28134,train
28135,calibration
28136,train
28137,test
28138,test
28139,train
28140,validation
28141,test
28142,train
28143,validation
28144,train
28145,train
28146,train
28147,train
28148,test
28149,train
28150,test
28151,test
28152,train
28153,train
28154,validation
28155,validation
28156,train
28157,test
28158,train
28159,train
28160,test
28161,train
28162,train
28163,calibration
28164,calibration
28165,test
28166,validation
28167,calibration
28168,calibration
28169,calibration
28170,train
28171,train
28172,train
28173,train
28174,test
28175,test
28176,test
28177,validation
28178,train
28179,calibration
28180,validation
28181,test
28182,train
28183,validation
28184,train
28185,test
28186,train
28187,train
28188,train
28189,train
28190,test
28191,calibration
28192,test
28193,train
28194,calibration
28195,calibration
28196,train
28197,train
28198,test
28199,calibration
28200,train
28201,train
28202,test
28203,train
28204,train
28205,test
28206,train
28207,train
28208,train
28209,train
28210,validation
28211,train
28212,validation
28213,validation
28214,train
28215,train
28216,train
28217,train
28218,train
28219,train
28220,train
28221,train
28222,train
28223,train
28224,test
28225,test
28226,train
28227,train
28228,train
28229,train
28230,train
28231,calibration
28232,train
28233,test
28234,train
28235,test
28236,validation
28237,train
28238,calibration
28239,train
28240,train
28241,calibration
28242,train
28243,validation
28244,train
28245,test
28246,validation
28247,validation
28248,train
28249,train
28250,train
28251,train
28252,test
28253,train
28254,test
28255,train
28256,test
28257,train
28258,train
28259,train
28260,calibration
28261,train
28262,train
28263,validation
28264,train
28265,train
28266,train
28267,train
28268,train
28269,train
28270,train
28271,train
28272,test
28273,train
28274,train
28275,calibration
28276,train
28277,test
28278,train
28279,train
28280,validation
28281,train
28282,train
28283,train
28284,train
28285,train
28286,calibration
28287,train
28288,validation
28289,train
28290,train
28291,train
28292,train
28293,calibration
28294,test
28295,train
28296,test
28297,train
28298,calibration
28299,validation
28300,train
28301,train
28302,train
28303,train
28304,validation
28305,train
28306,train
28307,calibration
28308,train
28309,train
28310,train
28311,validation
28312,train
28313,validation
28314,validation
28315,validation
28316,validation
28317,train
28318,train
28319,train
28320,test
28321,train
28322,calibration
28323,train
28324,train
28325,validation
28326,train
28327,test
28328,test
28329,test
28330,train
28331,validation
28332,train
28333,test
28334,test
28335,test
28336,train
28337,train
28338,train
28339,train
28340,train
28341,test
28342,calibration
28343,test
28344,train
28345,calibration
28346,train
28347,train
28348,train
28349,train
28350,validation
28351,train
28352,train
28353,test
28354,test
28355,train
28356,train
28357,train
28358,validation
28359,validation
28360,validation
28361,train
28362,test
28363,test
28364,calibration
28365,calibration
28366,train
28367,train
28368,calibration
28369,test
28370,calibration
28371,validation
28372,test
28373,calibration
28374,train
28375,validation
28376,test
28377,train
28378,test
28379,train
28380,test
28381,train
28382,train
28383,test
28384,train
28385,train
28386,train
28387,test
28388,validation
28389,validation
28390,train
28391,train
28392,train
28393,train
28394,train
28395,train
28396,train
28397,train
28398,train
28399,calibration
28400,train
28401,validation
28402,test
28403,train
28404,validation
28405,train
28406,train
28407,train
28408,train
28409,validation
28410,train
28411,train
28412,train
28413,validation
28414,train
28415,train
28416,train
28417,test
28418,test
28419,train
28420,train
28421,test
28422,train
28423,calibration
28424,train
28425,train
28426,validation
28427,validation
28428,train
28429,test
28430,test
28431,train
28432,train
28433,test
28434,train
28435,validation
28436,train
28437,train
28438,train
28439,train
28440,train
28441,calibration
28442,test
28443,train
28444,validation
28445,train
28446,train
28447,test
28448,validation
28449,train
28450,train
28451,train
28452,test
28453,calibration
28454,calibration
28455,validation
28456,validation
28457,train
28458,test
28459,test
28460,train
28461,validation
28462,train
28463,calibration
28464,test
28465,train
28466,test
28467,train
28468,calibration
28469,train
28470,train
28471,validation
28472,train
28473,calibration
28474,test
28475,test
28476,train
28477,train
28478,validation
28479,test
28480,train
28481,train
28482,train
28483,train
28484,train
28485,test
28486,validation
28487,validation
28488,train
28489,validation
28490,validation
28491,train
28492,test
28493,test
28494,validation
28495,train
28496,test
28497,test
28498,test
28499,train
28500,train
28501,test
28502,train
28503,train
28504,train
28505,train
28506,train
28507,train
28508,train
28509,train
28510,train
28511,train
28512,validation
28513,validation
28514,calibration
28515,validation
28516,validation
28517,train
28518,train
28519,train
28520,train
28521,train
28522,train
28523,calibration
28524,test
28525,train
28526,validation
28527,train
28528,train
28529,train
28530,train
28531,calibration
28532,validation
28533,train
28534,validation
28535,train
28536,validation
28537,train
28538,validation
28539,train
28540,train
28541,train
28542,train
28543,train
28544,train
28545,train
28546,train
28547,calibration
28548,train
28549,train
28550,test
28551,test
28552,train
28553,train
28554,test
28555,train
28556,train
28557,train
28558,calibration
28559,test
28560,train
28561,train
28562,train
28563,test
28564,train
28565,test
28566,train
28567,validation
28568,test
28569,train
28570,test
28571,train
28572,test
28573,calibration
28574,train
28575,test
28576,train
28577,test
28578,test
28579,train
28580,validation
28581,train
28582,train
28583,train
28584,calibration
28585,train
28586,train
28587,validation
28588,test
28589,validation
28590,validation
28591,train
28592,train
28593,train
28594,train
28595,train
28596,validation
28597,test
28598,train
28599,train
28600,test
28601,train
28602,test
28603,train
28604,validation
28605,validation
28606,train
28607,test
28608,calibration
28609,train
28610,train
28611,train
28612,train
28613,train
28614,train
28615,validation
28616,train
28617,train
28618,train
28619,train
28620,validation
28621,validation
28622,train
28623,validation
28624,train
28625,train
28626,train
28627,train
28628,train
28629,train
28630,calibration
28631,test
28632,train
28633,train
28634,calibration
28635,train
28636,train
28637,train
28638,train
28639,train
28640,train
28641,train
28642,test
28643,train
28644,train
28645,train
28646,train
28647,calibration
28648,train
28649,test
28650,validation
28651,validation
28652,train
28653,train
28654,test
28655,train
28656,train
28657,test
28658,validation
28659,train
28660,validation
28661,train
28662,train
28663,validation
28664,test
28665,train
28666,train
28667,calibration
28668,validation
28669,train
28670,validation
28671,train
28672,calibration
28673,validation
28674,calibration
28675,train
28676,validation
28677,train
28678,validation
28679,train
28680,validation
28681,train
28682,train
28683,validation
28684,train
28685,train
28686,train
28687,calibration
28688,validation
28689,test
28690,validation
28691,validation
28692,train
28693,train
28694,train
28695,calibration
28696,train
28697,validation
28698,train
28699,train
28700,test
28701,train
28702,calibration
28703,test
28704,train
28705,test
28706,calibration
28707,train
28708,validation
28709,train
28710,train
28711,train
28712,train
28713,calibration
28714,validation
28715,validation
28716,train
28717,train
28718,test
28719,train
28720,train
28721,train
28722,train
28723,train
28724,train
28725,train
28726,validation
28727,train
28728,train
28729,train
28730,validation
28731,test
28732,train
28733,train
28734,train
28735,calibration
28736,train
28737,validation
28738,test
28739,train
28740,train
28741,train
28742,train
28743,train
28744,train
28745,train
28746,validation
28747,train
28748,train
28749,test
28750,train
28751,calibration
28752,calibration
28753,validation
28754,validation
28755,calibration
28756,train
28757,calibration
28758,train
28759,train
28760,train
28761,train
28762,train
28763,train
28764,train
28765,train
28766,validation
28767,train
28768,train
28769,train
28770,train
28771,train
28772,train
28773,train
28774,train
28775,train
28776,train
28777,test
28778,train
28779,train
28780,calibration
28781,train
28782,train
28783,train
28784,test
28785,train
28786,train
28787,validation
28788,train
28789,validation
28790,train
28791,calibration
28792,train
28793,train
28794,train
28795,train
28796,train
28797,validation
28798,test
28799,train
28800,test
28801,train
28802,validation
28803,train
28804,train
28805,train
28806,train
28807,train
28808,train
28809,train
28810,train
28811,train
28812,validation
28813,validation
28814,train
28815,train
28816,train
28817,calibration
28818,test
28819,train
28820,train
28821,calibration
28822,calibration
28823,train
28824,train
28825,train
28826,train
28827,train
28828,train
28829,train
28830,train
28831,validation
28832,train
28833,test
28834,calibration
28835,test
28836,test
28837,test
28838,train
28839,test
28840,train
28841,validation
28842,train
28843,validation
28844,train
28845,validation
28846,test
28847,test
28848,test
28849,train
28850,train
28851,test
28852,train
28853,train
28854,train
28855,train
28856,calibration
28857,validation
28858,train
28859,train
28860,train
28861,train
28862,test
28863,validation
28864,train
28865,validation
28866,train
28867,test
28868,train
28869,train
28870,train
28871,train
28872,validation
28873,train
28874,train
28875,train
28876,train
28877,validation
28878,validation
28879,train
28880,train
28881,validation
28882,train
28883,test
28884,train
28885,train
28886,train
28887,validation
28888,train
28889,train
28890,train
28891,train
28892,train
28893,test
28894,validation
28895,test
28896,test
28897,train
28898,train
28899,train
28900,calibration
28901,test
28902,train
28903,train
28904,train
28905,train
28906,train
28907,train
28908,train
28909,train
28910,test
28911,train
28912,validation
28913,test
28914,train
28915,test
28916,validation
28917,validation
28918,train
28919,train
28920,validation
28921,train
28922,test
28923,validation
28924,train
28925,test
28926,train
28927,train
28928,train
28929,train
28930,train
28931,train
28932,train
28933,test
28934,test
28935,train
28936,train
28937,validation
28938,train
28939,train
28940,train
28941,test
28942,calibration
28943,train
28944,calibration
28945,train
28946,train
28947,calibration
28948,train
28949,test
28950,train
28951,train
28952,validation
28953,calibration
28954,train
28955,train
28956,train
28957,validation
28958,train
28959,test
28960,train
28961,train
28962,validation
28963,train
28964,train
28965,validation
28966,test
28967,validation
28968,test
28969,train
28970,validation
28971,calibration
28972,test
28973,train
28974,calibration
28975,train
28976,validation
28977,train
28978,test
28979,train
28980,test
28981,test
28982,train
28983,validation
28984,train
28985,test
28986,train
28987,train
28988,train
28989,validation
28990,calibration
28991,validation
28992,train
28993,train
28994,test
28995,train
28996,test
28997,validation
28998,test
28999,train
29000,validation
29001,train
29002,test
29003,train
29004,test
29005,train
29006,train
29007,test
29008,validation
29009,train
29010,train
29011,test
29012,train
29013,train
29014,train
29015,calibration
29016,validation
29017,train
29018,train
29019,train
29020,train
29021,train
29022,calibration
29023,train
29024,train
29025,train
29026,train
29027,train
29028,train
29029,train
29030,train
29031,train
29032,test
29033,calibration
29034,test
29035,train
29036,train
29037,test
29038,test
29039,test
29040,train
29041,calibration
29042,train
29043,train
29044,train
29045,validation
29046,train
29047,validation
29048,calibration
29049,train
29050,validation
29051,test
29052,train
29053,train
29054,validation
29055,train
29056,train
29057,train
29058,train
29059,train
29060,train
29061,train
29062,train
29063,validation
29064,test
29065,test
29066,test
29067,train
29068,train
29069,train
29070,validation
29071,train
29072,train
29073,calibration
29074,train
29075,train
29076,train
29077,train
29078,validation
29079,train
29080,train
29081,validation
29082,train
29083,train
29084,train
29085,test
29086,test
29087,train
29088,train
29089,calibration
29090,train
29091,test
29092,train
29093,train
29094,train
29095,train
29096,train
29097,train
29098,validation
29099,train
29100,calibration
29101,train
29102,train
29103,train
29104,train
29105,train
29106,train
29107,calibration
29108,validation
29109,train
29110,train
29111,calibration
29112,calibration
29113,train
29114,train
29115,train
29116,calibration
29117,train
29118,train
29119,validation
29120,validation
29121,calibration
29122,validation
29123,train
29124,train
29125,calibration
29126,validation
29127,train
29128,train
29129,train
29130,calibration
29131,train
29132,validation
29133,train
29134,validation
29135,validation
29136,train
29137,train
29138,train
29139,test
29140,test
29141,train
29142,validation
29143,test
29144,calibration
29145,calibration
29146,test
29147,train
29148,train
29149,train
29150,train
29151,train
29152,validation
29153,train
29154,train
29155,test
29156,train
29157,train
29158,train
29159,train
29160,test
29161,calibration
29162,validation
29163,validation
29164,train
29165,train
29166,calibration
29167,validation
29168,validation
29169,train
29170,validation
29171,calibration
29172,train
29173,validation
29174,train
29175,calibration
29176,calibration
29177,calibration
29178,train
29179,calibration
29180,train
29181,calibration
29182,test
29183,train
29184,train
29185,test
29186,train
29187,train
29188,test
29189,train
29190,validation
29191,test
29192,train
29193,validation
29194,train
29195,train
29196,validation
29197,train
29198,test
29199,test
29200,train
29201,train
29202,train
29203,validation
29204,test
29205,train
29206,train
29207,validation
29208,test
29209,validation
29210,train
29211,test
29212,train
29213,train
29214,test
29215,calibration
29216,train
29217,train
29218,calibration
29219,train
29220,validation
29221,train
29222,train
29223,calibration
29224,train
29225,train
29226,train
29227,train
29228,train
29229,validation
29230,train
29231,validation
29232,validation
29233,train
29234,validation
29235,calibration
29236,train
29237,train
29238,train
29239,test
29240,calibration
29241,validation
29242,validation
29243,train
29244,train
29245,train
29246,train
29247,train
29248,test
29249,calibration
29250,train
29251,train
29252,test
29253,calibration
29254,test
29255,test
29256,validation
29257,calibration
29258,validation
29259,train
29260,test
29261,train
29262,train
29263,train
29264,validation
29265,test
29266,train
29267,validation
29268,train
29269,train
29270,train
29271,test
29272,train
29273,validation
29274,test
29275,train
29276,train
29277,train
29278,train
29279,train
29280,train
29281,train
29282,train
29283,calibration
29284,validation
29285,train
29286,train
29287,calibration
29288,train
29289,train
29290,train
29291,train
29292,train
29293,train
29294,train
29295,train
29296,train
29297,train
29298,validation
29299,train
29300,validation
29301,validation
29302,calibration
29303,train
29304,test
29305,validation
29306,validation
29307,calibration
29308,train
29309,train
29310,train
29311,train
29312,test
29313,train
29314,validation
29315,train
29316,train
29317,train
29318,validation
29319,train
29320,calibration
29321,test
29322,train
29323,test
29324,train
29325,validation
29326,validation
29327,train
29328,train
29329,train
29330,train
29331,validation
29332,train
29333,test
29334,calibration
29335,train
29336,train
29337,train
29338,train
29339,calibration
29340,train
29341,calibration
29342,test
29343,calibration
29344,test
29345,calibration
29346,train
29347,train
29348,train
29349,train
29350,train
29351,validation
29352,calibration
29353,calibration
29354,train
29355,train
29356,train
29357,validation
29358,train
29359,train
29360,train
29361,train
29362,validation
29363,calibration
29364,train
29365,train
29366,test
29367,validation
29368,train
29369,train
29370,train
29371,train
29372,validation
29373,train
29374,test
29375,validation
29376,train
29377,train
29378,validation
29379,validation
29380,train
29381,train
29382,test
29383,test
29384,calibration
29385,train
29386,train
29387,train
29388,train
29389,train
29390,test
29391,train
29392,train
29393,train
29394,train
29395,train
29396,train
29397,test
29398,test
29399,train
29400,train
29401,test
29402,train
29403,validation
29404,test
29405,train
29406,train
29407,test
29408,test
29409,train
29410,test
29411,train
29412,validation
29413,train
29414,test
29415,train
29416,calibration
29417,train
29418,train
29419,train
29420,validation
29421,train
29422,calibration
29423,validation
29424,train
29425,train
29426,train
29427,test
29428,train
29429,validation
29430,train
29431,train
29432,test
29433,train
29434,test
29435,train
29436,validation
29437,train
29438,test
29439,validation
29440,train
29441,train
29442,test
29443,train
29444,train
29445,validation
29446,test
29447,train
29448,train
29449,train
29450,train
29451,train
29452,test
29453,train
29454,train
29455,validation
29456,train
29457,validation
29458,validation
29459,test
29460,validation
29461,test
29462,train
29463,calibration
29464,calibration
29465,train
29466,train
29467,validation
29468,calibration
29469,train
29470,train
29471,train
29472,train
29473,train
29474,train
29475,train
29476,train
29477,validation
29478,train
29479,test
29480,train
29481,train
29482,train
29483,train
29484,train
29485,train
29486,validation
29487,train
29488,train
29489,validation
29490,validation
29491,validation
29492,test
29493,calibration
29494,test
29495,test
29496,test
29497,train
29498,train
29499,train
29500,calibration
29501,test
29502,test
29503,test
29504,validation
29505,train
29506,train
29507,test
29508,train
29509,calibration
29510,calibration
29511,train
29512,train
29513,calibration
29514,calibration
29515,validation
29516,train
29517,train
29518,test
29519,test
29520,train
29521,train
29522,test
29523,train
29524,train
29525,validation
29526,train
29527,calibration
29528,test
29529,test
29530,train
29531,train
29532,train
29533,validation
29534,train
29535,train
29536,train
29537,train
29538,test
29539,calibration
29540,calibration
29541,train
29542,train
29543,calibration
29544,train
29545,train
29546,train
29547,validation
29548,train
29549,train
29550,train
29551,test
29552,validation
29553,train
29554,train
29555,train
29556,validation
29557,train
29558,train
29559,validation
29560,train
29561,train
29562,validation
29563,train
29564,calibration
29565,train
29566,train
29567,calibration
29568,test
29569,validation
29570,test
29571,validation
29572,train
29573,validation
29574,validation
29575,train
29576,train
29577,train
29578,test
29579,test
29580,test
29581,test
29582,validation
29583,train
29584,train
29585,validation
29586,train
29587,train
29588,train
29589,test
29590,train
29591,train
29592,train
29593,train
29594,train
29595,test
29596,train
29597,calibration
29598,train
29599,train
29600,calibration
29601,calibration
29602,train
29603,train
29604,test
29605,test
29606,validation
29607,train
29608,train
29609,train
29610,train
29611,train
29612,train
29613,train
29614,train
29615,validation
29616,test
29617,train
29618,validation
29619,test
29620,train
29621,train
29622,train
29623,validation
29624,train
29625,train
29626,train
29627,train
29628,train
29629,train
29630,train
29631,calibration
29632,train
29633,validation
29634,train
29635,test
29636,train
29637,train
29638,train
29639,calibration
29640,train
29641,test
29642,train
29643,test
29644,train
29645,train
29646,train
29647,train
29648,validation
29649,calibration
29650,calibration
29651,train
29652,train
29653,train
29654,train
29655,train
29656,validation
29657,train
29658,validation
29659,train
29660,calibration
29661,train
29662,validation
29663,validation
29664,train
29665,train
29666,test
29667,calibration
29668,train
29669,train
29670,validation
29671,train
29672,test
29673,train
29674,train
29675,test
29676,train
29677,calibration
29678,train
29679,train
29680,validation
29681,train
29682,validation
29683,calibration
29684,train
29685,test
29686,train
29687,train
29688,calibration
29689,validation
29690,test
29691,validation
29692,train
29693,train
29694,validation
29695,validation
29696,test
29697,test
29698,train
29699,test
29700,train
29701,train
29702,train
29703,train
29704,train
29705,validation
29706,train
29707,validation
29708,train
29709,train
29710,test
29711,test
29712,train
29713,train
29714,validation
29715,train
29716,train
29717,train
29718,train
29719,test
29720,test
29721,calibration
29722,test
29723,train
29724,train
29725,test
29726,test
29727,train
29728,validation
29729,calibration
29730,test
29731,validation
29732,train
29733,calibration
29734,test
29735,train
29736,train
29737,validation
29738,validation
29739,train
29740,train
29741,train
29742,validation
29743,train
29744,calibration
29745,validation
29746,train
29747,validation
29748,validation
29749,calibration
29750,train
29751,train
29752,train
29753,train
29754,train
29755,test
29756,train
29757,train
29758,train
29759,train
29760,test
29761,train
29762,train
29763,train
29764,test
29765,train
29766,train
29767,train
29768,train
29769,train
29770,train
29771,test
29772,calibration
29773,train
29774,validation
29775,train
29776,test
29777,train
29778,train
29779,calibration
29780,train
29781,train
29782,train
29783,validation
29784,train
29785,train
29786,calibration
29787,validation
29788,train
29789,validation
29790,train
29791,train
29792,validation
29793,train
29794,train
29795,train
29796,train
29797,test
29798,test
29799,test
29800,train
29801,validation
29802,train
29803,train
29804,train
29805,train
29806,train
29807,train
29808,train
29809,train
29810,train
29811,validation
29812,train
29813,validation
29814,train
29815,train
29816,test
29817,train
29818,train
29819,validation
29820,train
29821,test
29822,train
29823,test
29824,train
29825,train
29826,test
29827,train
29828,train
29829,calibration
29830,test
29831,train
29832,train
29833,train
29834,train
29835,test
29836,train
29837,test
29838,train
29839,train
29840,train
29841,test
29842,validation
29843,calibration
29844,train
29845,train
29846,train
29847,validation
29848,validation
29849,train
29850,train
29851,train
29852,validation
29853,validation
29854,test
29855,train
29856,train
29857,validation
29858,validation
29859,train
29860,train
29861,train
29862,calibration
29863,calibration
29864,train
29865,train
29866,train
29867,train
29868,train
29869,calibration
29870,calibration
29871,train
29872,train
29873,test
29874,train
29875,calibration
29876,train
29877,train
29878,train
29879,train
29880,test
29881,train
29882,train
29883,train
29884,validation
29885,train
29886,train
29887,train
29888,test
29889,train
29890,train
29891,train
29892,train
29893,train
29894,train
29895,train
29896,test
29897,calibration
29898,train
29899,train
29900,train
29901,test
29902,train
29903,train
29904,validation
29905,calibration
29906,train
29907,train
29908,train
29909,train
29910,train
29911,train
29912,calibration
29913,test
29914,calibration
29915,train
29916,train
29917,train
29918,train
29919,test
29920,train
29921,train
29922,test
29923,validation
29924,train
29925,train
29926,validation
29927,validation
29928,test
29929,train
29930,validation
29931,train
29932,train
29933,validation
29934,train
29935,train
29936,calibration
29937,train
29938,train
29939,train
29940,validation
29941,train
29942,validation
29943,train
29944,validation
29945,train
29946,train
29947,train
29948,test
29949,validation
29950,validation
29951,train
29952,calibration
29953,train
29954,train
29955,train
29956,train
29957,calibration
29958,test
29959,train
29960,validation
29961,calibration
29962,validation
29963,train
29964,calibration
29965,train
29966,calibration
29967,calibration
29968,train
29969,train
29970,train
29971,train
29972,test
29973,train
29974,train
29975,train
29976,test
29977,train
29978,validation
29979,train
29980,test
29981,train
29982,train
29983,validation
29984,validation
29985,train
29986,train
29987,train
29988,train
29989,train
29990,calibration
29991,calibration
29992,train
29993,train
29994,train
29995,validation
29996,train
29997,validation
29998,validation
29999,train
30000,train
30001,train
30002,train
30003,test
30004,train
30005,train
30006,validation
30007,train
30008,test
30009,test
30010,validation
30011,train
30012,train
30013,train
30014,train
30015,train
30016,train
30017,test
30018,train
30019,validation
30020,train
30021,train
30022,train
30023,train
30024,train
30025,train
30026,validation
30027,train
30028,train
30029,train
30030,calibration
30031,calibration
30032,train
30033,train
30034,train
30035,train
30036,calibration
30037,test
30038,calibration
30039,train
30040,train
30041,test
30042,validation
30043,train
30044,train
30045,train
30046,validation
30047,train
30048,train
30049,train
30050,train
30051,train
30052,train
30053,train
30054,calibration
30055,train
30056,validation
30057,train
30058,calibration
30059,train
30060,test
30061,calibration
30062,validation
30063,train
30064,train
30065,train
30066,train
30067,train
30068,calibration
30069,train
30070,train
30071,validation
30072,validation
30073,calibration
30074,train
30075,calibration
30076,train
30077,train
30078,train
30079,validation
30080,validation
30081,calibration
30082,test
30083,train
30084,train
30085,test
30086,train
30087,train
30088,train
30089,calibration
30090,train
30091,test
30092,test
30093,test
30094,train
30095,train
30096,test
30097,validation
30098,test
30099,validation
30100,calibration
30101,test
30102,train
30103,train
30104,train
30105,test
30106,calibration
30107,test
30108,train
30109,test
30110,train
30111,train
30112,train
30113,train
30114,validation
30115,test
30116,train
30117,test
30118,validation
30119,train
30120,train
30121,train
30122,calibration
30123,train
30124,train
30125,validation
30126,train
30127,train
30128,train
30129,calibration
30130,test
30131,calibration
30132,train
30133,test
30134,validation
30135,train
30136,train
30137,train
30138,validation
30139,calibration
30140,train
30141,train
30142,train
30143,train
30144,train
30145,train
30146,calibration
30147,validation
30148,train
30149,train
30150,train
30151,test
30152,train
30153,train
30154,train
30155,train
30156,train
30157,calibration
30158,calibration
30159,validation
30160,test
30161,train
30162,train
30163,test
30164,calibration
30165,calibration
30166,validation
30167,train
30168,train
30169,train
30170,train
30171,test
30172,train
30173,test
30174,train
30175,validation
30176,train
30177,validation
30178,validation
30179,train
30180,train
30181,train
30182,train
30183,train
30184,validation
30185,train
30186,test
30187,train
30188,train
30189,validation
30190,test
30191,train
30192,train
30193,validation
30194,validation
30195,train
30196,validation
30197,test
30198,validation
30199,train
30200,train
30201,validation
30202,train
30203,validation
30204,train
30205,train
30206,validation
30207,train
30208,train
30209,validation
30210,validation
30211,train
30212,train
30213,train
30214,train
30215,test
30216,train
30217,validation
30218,train
30219,train
30220,train
30221,calibration
30222,train
30223,train
30224,train
30225,train
30226,validation
30227,train
30228,train
